{"0.png": {"intrinsics": [[2985.29, 0.0, 512.0], [0.0, 2985.29, 512.0], [0.0, 0.0, 1.0]], "pose": [[0.9984433650970459, -0.04722723737359047, -0.029670752584934235, 0.07511027902364731], [-0.04923860728740692, -0.9962474703788757, -0.07117939740419388, 0.18012863397598267], [-0.026197806000709534, 0.07252954691648483, -0.9970220923423767, 2.721304178237915], [0.0, 0.0, 0.0, 1.0]]}, "1.png": {"intrinsics": [[2985.29, 0.0, 512.0], [0.0, 2985.29, 512.0], [0.0, 0.0, 1.0]], "pose": [[0.993748128414154, -0.09228575974702835, -0.06283268332481384, 0.15566636621952057], [-0.10373030602931976, -0.9713236093521118, -0.21394062042236328, 0.5335361361503601], [-0.041287194937467575, 0.21912077069282532, -0.9748238325119019, 2.5893893241882324], [0.0, 0.0, 0.0, 1.0]]}, "10.png": {"intrinsics": [[2985.29, 0.0, 512.0], [0.0, 2985.29, 512.0], [0.0, 0.0, 1.0]], "pose": [[0.9858042597770691, -0.1664305329322815, 0.022155886515975, -0.05814002826809883], [-0.16771641373634338, -0.9822708964347839, 0.08375626057386398, -0.2114439606666565], [0.00782348308712244, -0.08628318458795547, -0.9962399005889893, 2.6923794746398926], [0.0, 0.0, 0.0, 1.0]]}, "11.png": {"intrinsics": [[2985.29, 0.0, 512.0], [0.0, 2985.29, 512.0], [0.0, 0.0, 1.0]], "pose": [[0.9758644104003906, 0.10813534259796143, -0.1897246092557907, 0.49129077792167664], [0.10441942512989044, -0.9940956234931946, -0.029504181817173958, 0.07158125191926956], [-0.19179485738277435, 0.008981144055724144, -0.9813939332962036, 2.706519603729248], [0.0, 0.0, 0.0, 1.0]]}, "12.png": {"intrinsics": [[2985.29, 0.0, 512.0], [0.0, 2985.29, 512.0], [0.0, 0.0, 1.0]], "pose": [[0.9042107462882996, -0.2636381685733795, -0.3360027074813843, 0.8877308368682861], [-0.30084869265556335, -0.9515913724899292, -0.06296024471521378, 0.17037951946258545], [-0.30313852429389954, 0.15801529586315155, -0.9397543668746948, 2.662567377090454], [0.0, 0.0, 0.0, 1.0]]}, "13.png": {"intrinsics": [[2985.29, 0.0, 512.0], [0.0, 2985.29, 512.0], [0.0, 0.0, 1.0]], "pose": [[0.9871001243591309, -0.03725242242217064, -0.15570992231369019, 0.39148181676864624], [-0.0702238529920578, -0.9747493267059326, -0.2119724005460739, 0.5314715504646301], [-0.1438816487789154, 0.22017252445220947, -0.9647911787033081, 2.594243049621582], [0.0, 0.0, 0.0, 1.0]]}, "14.png": {"intrinsics": [[2985.29, 0.0, 512.0], [0.0, 2985.29, 512.0], [0.0, 0.0, 1.0]], "pose": [[0.9887597560882568, -0.11898910999298096, -0.09052995592355728, 0.22836697101593018], [-0.13170091807842255, -0.9797759652137756, -0.1506451517343521, 0.39049479365348816], [-0.07077393680810928, 0.16087475419044495, -0.9844340085983276, 2.630643367767334], [0.0, 0.0, 0.0, 1.0]]}, "15.png": {"intrinsics": [[2985.29, 0.0, 512.0], [0.0, 2985.29, 512.0], [0.0, 0.0, 1.0]], "pose": [[0.9743686318397522, -0.17988967895507812, -0.13507559895515442, 0.34354937076568604], [-0.2066429853439331, -0.9530398845672607, -0.22139021754264832, 0.5641286969184875], [-0.08890663087368011, 0.2436280995607376, -0.9657851457595825, 2.662372589111328], [0.0, 0.0, 0.0, 1.0]]}, "16.png": {"intrinsics": [[2985.29, 0.0, 512.0], [0.0, 2985.29, 512.0], [0.0, 0.0, 1.0]], "pose": [[0.995441198348999, -0.07700765132904053, -0.056272026151418686, 0.13850775361061096], [-0.0753706619143486, -0.9966841340065002, 0.03065890073776245, -0.07430952787399292], [-0.058446403592824936, -0.026277875527739525, -0.9979446530342102, 2.660050868988037], [0.0, 0.0, 0.0, 1.0]]}, "17.png": {"intrinsics": [[2985.29, 0.0, 512.0], [0.0, 2985.29, 512.0], [0.0, 0.0, 1.0]], "pose": [[0.9926823973655701, -0.12040925770998001, -0.009122083894908428, 0.019116168841719627], [-0.12038811296224594, -0.9927228093147278, 0.002834304701536894, -0.008890969678759575], [-0.009396976791322231, -0.0017153738299384713, -0.9999544024467468, 2.691215991973877], [0.0, 0.0, 0.0, 1.0]]}, "18.png": {"intrinsics": [[2985.29, 0.0, 512.0], [0.0, 2985.29, 512.0], [0.0, 0.0, 1.0]], "pose": [[0.9921197295188904, -0.04320645332336426, 0.1176077127456665, -0.296120822429657], [-0.038870833814144135, -0.9984862208366394, -0.038913484662771225, 0.10078145563602448], [0.11911100149154663, 0.034035325050354004, -0.992297351360321, 2.680206775665283], [0.0, 0.0, 0.0, 1.0]]}, "19.png": {"intrinsics": [[2985.29, 0.0, 512.0], [0.0, 2985.29, 512.0], [0.0, 0.0, 1.0]], "pose": [[0.9596753716468811, -0.12600183486938477, -0.2512899339199066, 0.6616714000701904], [-0.17796696722507477, -0.9642907381057739, -0.19614039361476898, 0.5111210346221924], [-0.21760249137878418, 0.23295241594314575, -0.9478302597999573, 2.6564292907714844], [0.0, 0.0, 0.0, 1.0]]}, "2.png": {"intrinsics": [[2985.29, 0.0, 512.0], [0.0, 2985.29, 512.0], [0.0, 0.0, 1.0]], "pose": [[0.9793655872344971, -0.10657870024442673, -0.17170938849449158, 0.44542789459228516], [-0.12828925251960754, -0.984360933303833, -0.12072820216417313, 0.3093794584274292], [-0.1561569720506668, 0.14026550948619843, -0.9777221083641052, 2.70892333984375], [0.0, 0.0, 0.0, 1.0]]}, "3.png": {"intrinsics": [[2985.29, 0.0, 512.0], [0.0, 2985.29, 512.0], [0.0, 0.0, 1.0]], "pose": [[0.9982847571372986, -0.01708597131073475, 0.05599610507488251, -0.15282635390758514], [-0.010952180251479149, -0.9940829277038574, -0.10806963592767715, 0.2875514030456543], [0.05751124769449234, 0.1072709858417511, -0.9925650358200073, 2.786454916000366], [0.0, 0.0, 0.0, 1.0]]}, "4.png": {"intrinsics": [[2985.29, 0.0, 512.0], [0.0, 2985.29, 512.0], [0.0, 0.0, 1.0]], "pose": [[0.9973901510238647, -0.07079343497753143, -0.01417927909642458, 0.03433368355035782], [-0.07207941263914108, -0.9876615405082703, -0.13902948796749115, 0.35231685638427734], [-0.004161952994763851, 0.1396886706352234, -0.9901866912841797, 2.7057135105133057], [0.0, 0.0, 0.0, 1.0]]}, "5.png": {"intrinsics": [[2985.29, 0.0, 512.0], [0.0, 2985.29, 512.0], [0.0, 0.0, 1.0]], "pose": [[0.9953808188438416, -0.07327200472354889, -0.06203392520546913, 0.15525582432746887], [-0.08845079690217972, -0.9511443376541138, -0.2958054840564728, 0.7363035082817078], [-0.03732895851135254, 0.2999260425567627, -0.9532318711280823, 2.538663148880005], [0.0, 0.0, 0.0, 1.0]]}, "6.png": {"intrinsics": [[2985.29, 0.0, 512.0], [0.0, 2985.29, 512.0], [0.0, 0.0, 1.0]], "pose": [[0.9979518055915833, 0.02705446630716324, 0.057966746389865875, -0.16023258864879608], [0.031705573201179504, -0.996219277381897, -0.08088179677724838, 0.21873557567596436], [0.05555937439203262, 0.08255401253700256, -0.9950366616249084, 2.864901542663574], [0.0, 0.0, 0.0, 1.0]]}, "7.png": {"intrinsics": [[2985.29, 0.0, 512.0], [0.0, 2985.29, 512.0], [0.0, 0.0, 1.0]], "pose": [[0.9828125238418579, -0.0990786924958229, -0.1557656228542328, 0.39347150921821594], [-0.0847693681716919, -0.9917669296264648, 0.09598119556903839, -0.24675680696964264], [-0.16399288177490234, -0.08112736791372299, -0.9831198453903198, 2.6687216758728027], [0.0, 0.0, 0.0, 1.0]]}, "8.png": {"intrinsics": [[2985.29, 0.0, 512.0], [0.0, 2985.29, 512.0], [0.0, 0.0, 1.0]], "pose": [[0.9615113735198975, -0.044732168316841125, -0.2710994780063629, 0.6606226563453674], [-0.11943869292736053, -0.9566085934638977, -0.26577138900756836, 0.6442581415176392], [-0.24744756519794464, 0.2879219651222229, -0.9251328110694885, 2.4305455684661865], [0.0, 0.0, 0.0, 1.0]]}, "9.png": {"intrinsics": [[2985.29, 0.0, 512.0], [0.0, 2985.29, 512.0], [0.0, 0.0, 1.0]], "pose": [[0.990394115447998, -0.12007500231266022, -0.06856708228588104, 0.17854569852352142], [-0.13069291412830353, -0.9748309254646301, -0.18062108755111694, 0.4667202830314636], [-0.04515323042869568, 0.1878472864627838, -0.9811598658561707, 2.7257180213928223], [0.0, 0.0, 0.0, 1.0]]}}