{"0_18": 42.49914209466232, "0_5": 34.92703678733424, "0_11": 31.818876191189414, "0_4": 33.260366239045794, "0_16": 31.35107627667879, "0_14": 39.64368780035721, "0_15": 40.69328850194027, "0_12": 33.933602483649004, "0_0": 38.535140589663854, "0_8": 35.18425268875925, "0_19": 41.600711822509766, "0_10": 43.92132578398052, "0_7": 50.41537390257183, "0_3": 34.192720212434466, "0_1": 47.869036975659824, "0_2": 36.94477221840307, "0_9": 31.950347197683232, "0_17": 34.75870032059519, "0_6": 32.23023241444638, "0_13": 32.452261573389954, "1_12": 20.192499712893838, "1_8": 23.26479256780524, "1_14": 21.70595841658743, "1_15": 21.479680324855604, "1_5": 20.587817643818102, "1_13": 26.070424632022256, "1_16": 22.958779585988896, "1_7": 27.609557101601048, "1_3": 21.51775444181342, "1_0": 34.3642635345459, "1_11": 23.1015312295211, "1_18": 29.07588105452688, "1_19": 22.322121544888144, "1_2": 19.61312941501015, "1_10": 32.1493639695017, "1_17": 21.33171678844251, "1_4": 24.7220203500045, "1_9": 19.53103968971654, "1_6": 25.87352180480957, "1_1": 21.52811138253463, "2_11": 22.154688860240736, "2_18": 22.328739718387002, "2_9": 25.67171613793624, "2_17": 21.69066740337171, "2_15": 26.831979249653063, "2_7": 40.149531515021074, "2_6": 23.340201578642194, "2_16": 25.089105304918792, "2_1": 22.992144785429304, "2_2": 27.480116844177246, "2_13": 26.146554394772178, "2_10": 24.58885007155569, "2_0": 30.56413991827714, "2_5": 26.352591514587402, "2_19": 22.531281672025983, "2_14": 26.226310378626774, "2_3": 26.732450485229492, "2_8": 21.859720706939697, "2_4": 23.542616593210322, "2_12": 31.25246800874409, "3_14": 23.954991390830592, "3_9": 20.567595230905635, "3_5": 20.238361157869036, "3_1": 21.566693055002315, "3_15": 23.659684833727386, "3_8": 18.26195149672659, "3_3": 18.32998672284578, "3_19": 18.82157079797042, "3_6": 17.374789037202532, "3_18": 17.986452403821442, "3_13": 32.47993971172132, "3_10": 18.11923016999897, "3_4": 19.081947075693233, "3_16": 19.06674239509984, "3_7": 17.892995934737357, "3_17": 24.891355916073447, "3_2": 18.57892427946392, "3_0": 22.841333088121917, "3_11": 18.53339928074887, "3_12": 20.461862965633994, "4_10": 26.974580062063115, "4_13": 24.058934512891266, "4_11": 31.00783910249409, "4_18": 24.902041234468157, "4_9": 29.86465755261873, "4_4": 24.792663825185674, "4_5": 25.387989947670384, "4_2": 28.095704530414782, "4_3": 34.54576954088713, "4_15": 38.92685960468493, "4_19": 24.34619010122199, "4_12": 25.150543212890625, "4_6": 24.91200532411274, "4_17": 31.670376928229082, "4_7": 32.635422355250306, "4_16": 24.579415371543483, "4_8": 25.042525140862715, "4_0": 28.877564881977282, "4_1": 33.2714238417776, "4_14": 26.012855228624847, "5_14": 28.664059187236585, "5_1": 43.15010532579924, "5_7": 27.462004510979902, "5_16": 28.222592905948037, "5_5": 26.931298205727025, "5_6": 29.894035289162083, "5_17": 29.488608711644222, "5_10": 28.211880282351846, "5_0": 28.99813370955618, "5_3": 30.1578560879356, "5_8": 29.203000721178558, "5_11": 38.604374634592155, "5_9": 27.352290153503418, "5_12": 27.92607673845793, "5_15": 27.413394325657894, "5_4": 35.59669584976999, "5_18": 31.14856699893349, "5_2": 37.20418893663507, "5_19": 37.03233592133773, "5_13": 27.416642841539886, "6_0": 23.698373593782122, "6_17": 26.19663805710642, "6_10": 23.702278363077266, "6_2": 32.039106268631784, "6_13": 31.288418368289346, "6_8": 24.92402071701853, "6_3": 21.76612498885707, "6_16": 29.538155957272178, "6_19": 26.4284345225284, "6_14": 22.86670873039647, "6_4": 24.980087029306514, "6_5": 26.182146574321546, "6_9": 21.92678435225236, "6_12": 23.80988153658415, "6_7": 25.43917179107666, "6_6": 31.521022947211016, "6_15": 21.821119860598916, "6_18": 24.64230211157548, "6_1": 23.220555205094186, "6_11": 28.17565039584511, "7_17": 25.954384803771973, "7_0": 24.598298424168636, "7_9": 24.59891118501362, "7_11": 26.789416865298623, "7_8": 26.681948461030657, "7_4": 29.12352762724224, "7_6": 24.889230176022178, "7_3": 24.238036105507298, "7_16": 23.701675816586143, "7_19": 24.03258348766126, "7_15": 28.453604045667145, "7_12": 30.64084183542352, "7_7": 36.38463702954744, "7_1": 28.13863834581877, "7_18": 22.930137634277344, "7_14": 26.046251999704463, "7_10": 25.978407357868395, "7_2": 25.79787836576763, "7_5": 26.494428835417096, "7_13": 23.87736225128174, "8_7": 41.838493598134896, "8_6": 31.285069515830592, "8_15": 22.62086682570608, "8_12": 28.551826728017705, "8_13": 43.58135650032445, "8_11": 22.68872190776624, "8_17": 25.61552037690815, "8_8": 24.598408222198486, "8_19": 28.45270267285799, "8_18": 22.289267891331722, "8_0": 29.549455040379573, "8_3": 33.83805274963379, "8_4": 26.05599694502981, "8_1": 23.88312241905614, "8_10": 22.027543318899053, "8_14": 27.77979991310521, "8_5": 27.94116456885087, "8_2": 26.351755041825143, "8_16": 26.38148664173327, "8_9": 21.560003933153656, "9_1": 26.028477166828356, "9_18": 27.149654639394658, "9_6": 24.798783101533587, "9_14": 24.05790022799843, "9_0": 23.509681300113076, "9_10": 24.17138318011635, "9_17": 21.93295857780858, "9_3": 24.98563171687879, "9_19": 26.32042418028179, "9_13": 27.841493205020303, "9_8": 22.597026423404092, "9_9": 32.00511671367445, "9_11": 24.698245500263415, "9_12": 25.04012559589587, "9_4": 23.76692887356407, "9_7": 24.19735918546978, "9_2": 26.46843312916003, "9_15": 21.772929266879434, "9_5": 27.6438593613474, "9_16": 25.182614978991058}