{"0_18": 28.755160156049225, "0_5": 29.579066477323835, "0_11": 30.76462630221718, "0_4": 30.770317328603642, "0_16": 29.879129359596654, "0_14": 37.320869872444554, "0_15": 28.15937780079089, "0_12": 33.402033404300084, "0_0": 38.223964515485264, "0_8": 28.378851915660658, "0_19": 31.76268878735994, "0_10": 32.750629123888515, "0_7": 29.136008162247506, "0_3": 31.641125528435957, "0_1": 28.50623487171374, "0_2": 31.25588075738204, "0_9": 30.689079159184505, "0_17": 32.290465907046666, "0_6": 34.427842240584525, "0_13": 30.941632145329525, "1_12": 25.30442092293187, "1_8": 29.035208049573395, "1_14": 25.963905234085885, "1_15": 26.861908762078535, "1_5": 23.993572285300807, "1_13": 28.224401775159333, "1_16": 24.44254077108283, "1_7": 24.15229451028924, "1_3": 27.56727288898669, "1_0": 24.870938803020277, "1_11": 30.184252789146022, "1_18": 26.183341076499538, "1_19": 31.412083374826533, "1_2": 30.530731803492497, "1_10": 33.84215886969315, "1_17": 25.22798964851781, "1_4": 26.49507542660362, "1_9": 23.532721720243757, "1_6": 25.91368037775943, "1_1": 27.891556689613743, "2_11": 29.451003877740156, "2_18": 27.344840802644427, "2_9": 34.3256950378418, "2_17": 26.803739648116263, "2_15": 27.209940835049277, "2_7": 36.18163751301012, "2_6": 27.94511227858694, "2_16": 27.69975305858411, "2_1": 27.400936854513066, "2_2": 35.18502195257889, "2_13": 29.23500959496749, "2_10": 36.04089375546104, "2_0": 29.328259869625693, "2_5": 34.53170925692508, "2_19": 34.889887960333574, "2_14": 27.71641851726331, "2_3": 28.106691059313324, "2_8": 29.69839869047466, "2_4": 28.67557887027138, "2_12": 34.23855740145633, "3_14": 20.870832644010846, "3_9": 23.357365156474867, "3_5": 19.715326660557796, "3_1": 21.58042255200838, "3_15": 21.089022937573883, "3_8": 23.218449191043252, "3_3": 19.533469852648285, "3_19": 21.837618526659515, "3_6": 23.91660173315751, "3_18": 21.611193054600765, "3_13": 20.8351724524247, "3_10": 22.253595051012542, "3_4": 25.444872504786442, "3_16": 30.996897245708265, "3_7": 21.03783557289525, "3_17": 22.17876584906327, "3_2": 20.784939765930176, "3_0": 25.125229032416094, "3_11": 30.343358090049342, "3_12": 21.40596038416812, "4_10": 27.426940566615055, "4_13": 26.7855032870644, "4_11": 35.68224435103567, "4_18": 33.52600499203331, "4_9": 28.33511061417429, "4_4": 24.16840984946803, "4_5": 32.86049611944901, "4_2": 30.17042300575658, "4_3": 33.26460486964176, "4_15": 26.98037052154541, "4_19": 26.07771366520932, "4_12": 25.965170107389753, "4_6": 31.503963570845755, "4_17": 23.870989146985504, "4_7": 26.69883125706723, "4_16": 25.967204997414036, "4_8": 41.214383727625794, "4_0": 25.69520297803377, "4_1": 39.235813793383144, "4_14": 30.933415463096217, "5_14": 27.960073270295794, "5_1": 30.69745891972592, "5_7": 23.337204381039268, "5_16": 25.429009839108115, "5_5": 30.748456051475124, "5_6": 24.385467102653102, "5_17": 22.124890227066842, "5_10": 26.150456478721217, "5_0": 24.938162577779668, "5_3": 24.401875897457725, "5_8": 24.274752014561702, "5_11": 26.269066107900517, "5_9": 24.364563590601872, "5_12": 25.866488055178994, "5_15": 35.08832103327701, "5_4": 26.619626647547673, "5_18": 25.40321380213687, "5_2": 32.37449103907535, "5_19": 35.210610941836705, "5_13": 31.95808902539705, "6_0": 50.372005563033255, "6_17": 30.037680425141986, "6_10": 28.438551024386758, "6_2": 26.362300722222578, "6_13": 26.26316547393799, "6_8": 27.81209975794742, "6_3": 45.18805092259457, "6_16": 41.60183414660002, "6_19": 27.87058333346718, "6_14": 26.641107709784258, "6_4": 27.663203515504534, "6_5": 29.450933305840742, "6_9": 27.76965758675023, "6_12": 26.509805528741133, "6_7": 25.619093794571725, "6_6": 28.67986832166973, "6_15": 28.552327858774287, "6_18": 28.5306336001346, "6_1": 45.94500099985223, "6_11": 42.06448504799291, "7_17": 24.931691069352, "7_0": 25.656455993652344, "7_9": 27.164411344026263, "7_11": 21.85743602953459, "7_8": 23.33105172609028, "7_4": 25.969656291760895, "7_6": 25.66246042753521, "7_3": 27.515432558561628, "7_16": 22.94929143002159, "7_19": 34.26214529338636, "7_15": 26.101805134823447, "7_12": 24.30357722232216, "7_7": 25.346115062111302, "7_1": 23.317682717975817, "7_18": 23.347677381415117, "7_14": 36.82947269238924, "7_10": 24.51798439025879, "7_2": 23.20272525988127, "7_5": 24.99598929756566, "7_13": 24.01039635507684, "8_7": 32.64634845131322, "8_6": 34.07735272457725, "8_15": 28.716540487189043, "8_12": 22.43812591151187, "8_13": 34.288508565802324, "8_11": 29.13017955579256, "8_17": 21.408196047732705, "8_8": 23.006678982784873, "8_19": 25.953797792133532, "8_18": 27.858396931698447, "8_0": 27.238107882047956, "8_3": 23.397321600663034, "8_4": 21.854561002630938, "8_1": 23.4320159209402, "8_10": 22.695788383483887, "8_14": 22.474655502720882, "8_5": 24.79876543346204, "8_2": 21.629662162379216, "8_16": 27.8322014055754, "8_9": 23.33670008809943, "9_1": 22.281751783270586, "9_18": 24.017163577832672, "9_6": 27.32526437859786, "9_14": 23.8834262145193, "9_0": 22.877488337065046, "9_10": 22.472834988644248, "9_17": 26.916749552676553, "9_3": 25.011418442977103, "9_19": 24.22205518421374, "9_13": 28.61394731621993, "9_8": 35.73362741972271, "9_9": 22.817760116175602, "9_11": 27.45346480921695, "9_12": 24.722811046399567, "9_4": 28.904368651540654, "9_7": 25.04537702861585, "9_2": 24.180903986880654, "9_15": 23.63557373849969, "9_5": 25.187910782663447, "9_16": 27.465942182038958}