{"0.png": {"intrinsics": [[2985.29, 0.0, 512.0], [0.0, 2985.29, 512.0], [0.0, 0.0, 1.0]], "pose": [[0.9748972654342651, 0.08314669877290726, 0.20654787123203278, -0.5520068407058716], [0.13115450739860535, -0.96408611536026, -0.2309468686580658, 0.614442765712738], [0.17992746829986572, 0.2522391378879547, -0.9507899880409241, 2.6989333629608154], [0.0, 0.0, 0.0, 1.0]]}, "1.png": {"intrinsics": [[2985.29, 0.0, 512.0], [0.0, 2985.29, 512.0], [0.0, 0.0, 1.0]], "pose": [[0.9720179438591003, -0.014967706054449081, 0.23442921042442322, -0.6542064547538757], [-0.020310208201408386, -0.999585747718811, 0.020391572266817093, -0.050288744270801544], [0.23402687907218933, -0.024582279846072197, -0.9719193577766418, 2.8410415649414062], [0.0, 0.0, 0.0, 1.0]]}, "10.png": {"intrinsics": [[2985.29, 0.0, 512.0], [0.0, 2985.29, 512.0], [0.0, 0.0, 1.0]], "pose": [[0.9833409786224365, 0.10553987324237823, 0.1479928195476532, -0.41247764229774475], [0.12065546214580536, -0.9879276752471924, -0.09716480225324631, 0.27357181906700134], [0.1359514594078064, 0.11340226978063583, -0.9842038154602051, 2.8722591400146484], [0.0, 0.0, 0.0, 1.0]]}, "11.png": {"intrinsics": [[2985.29, 0.0, 512.0], [0.0, 2985.29, 512.0], [0.0, 0.0, 1.0]], "pose": [[0.9198146462440491, 0.06099754199385643, 0.3875826299190521, -1.0689301490783691], [0.06423307955265045, -0.997924268245697, 0.004614243749529123, -0.015340718440711498], [0.38705959916114807, 0.020651377737522125, -0.9218233823776245, 2.70761775970459], [0.0, 0.0, 0.0, 1.0]]}, "12.png": {"intrinsics": [[2985.29, 0.0, 512.0], [0.0, 2985.29, 512.0], [0.0, 0.0, 1.0]], "pose": [[0.9862725138664246, 0.0008859679219312966, 0.16512319445610046, -0.4404684901237488], [0.03909604251384735, -0.9728057384490967, -0.2282991260290146, 0.6093729734420776], [0.16043052077293396, 0.23162083327770233, -0.9594862461090088, 2.716049909591675], [0.0, 0.0, 0.0, 1.0]]}, "13.png": {"intrinsics": [[2985.29, 0.0, 512.0], [0.0, 2985.29, 512.0], [0.0, 0.0, 1.0]], "pose": [[0.9205721616744995, 0.053324103355407715, 0.3869152367115021, -1.0564652681350708], [0.11144319176673889, -0.9853156805038452, -0.12935759127140045, 0.349231481552124], [0.37433576583862305, 0.16220207512378693, -0.912996768951416, 2.654552459716797], [0.0, 0.0, 0.0, 1.0]]}, "14.png": {"intrinsics": [[2985.29, 0.0, 512.0], [0.0, 2985.29, 512.0], [0.0, 0.0, 1.0]], "pose": [[0.933634340763092, 0.20882883667945862, 0.2910625636577606, -0.7615019679069519], [0.2276158630847931, -0.9732298254966736, -0.03185408562421799, 0.08017495274543762], [0.27661874890327454, 0.09599052369594574, -0.9561735987663269, 2.681250810623169], [0.0, 0.0, 0.0, 1.0]]}, "15.png": {"intrinsics": [[2985.29, 0.0, 512.0], [0.0, 2985.29, 512.0], [0.0, 0.0, 1.0]], "pose": [[0.9369043111801147, -0.12421076744794846, 0.32677513360977173, -0.8525636196136475], [-0.09706957638263702, -0.990425169467926, -0.09816095232963562, 0.25053539872169495], [0.3358389437198639, 0.06024749577045441, -0.9399906396865845, 2.60982608795166], [0.0, 0.0, 0.0, 1.0]]}, "16.png": {"intrinsics": [[2985.29, 0.0, 512.0], [0.0, 2985.29, 512.0], [0.0, 0.0, 1.0]], "pose": [[0.9916506409645081, 0.006189200561493635, 0.12880469858646393, -0.3465542793273926], [0.040277149528265, -0.963741660118103, -0.26377972960472107, 0.7093201279640198], [0.12250187247991562, 0.26676520705223083, -0.9559443593025208, 2.744736433029175], [0.0, 0.0, 0.0, 1.0]]}, "17.png": {"intrinsics": [[2985.29, 0.0, 512.0], [0.0, 2985.29, 512.0], [0.0, 0.0, 1.0]], "pose": [[0.952965497970581, 0.01836518757045269, 0.30252188444137573, -0.8311647176742554], [0.09299297630786896, -0.9677339196205139, -0.2341863214969635, 0.6350921392440796], [0.288459837436676, 0.25130388140678406, -0.9239249229431152, 2.6900978088378906], [0.0, 0.0, 0.0, 1.0]]}, "18.png": {"intrinsics": [[2985.29, 0.0, 512.0], [0.0, 2985.29, 512.0], [0.0, 0.0, 1.0]], "pose": [[0.9775435328483582, 0.057450052350759506, 0.2027512639760971, -0.5453901886940002], [0.11872044205665588, -0.94504714012146, -0.3046166002750397, 0.8180651068687439], [0.17410926520824432, 0.32184669375419617, -0.9306452870368958, 2.6765565872192383], [0.0, 0.0, 0.0, 1.0]]}, "19.png": {"intrinsics": [[2985.29, 0.0, 512.0], [0.0, 2985.29, 512.0], [0.0, 0.0, 1.0]], "pose": [[0.9837835431098938, 0.027722032740712166, 0.17720423638820648, -0.47491344809532166], [0.07500773668289185, -0.9610295295715332, -0.26607537269592285, 0.7035083174705505], [0.16292233765125275, 0.2750522792339325, -0.9475244283676147, 2.6874561309814453], [0.0, 0.0, 0.0, 1.0]]}, "2.png": {"intrinsics": [[2985.29, 0.0, 512.0], [0.0, 2985.29, 512.0], [0.0, 0.0, 1.0]], "pose": [[0.9130688309669495, 0.03455224260687828, 0.4063390791416168, -1.09074068069458], [0.10032130777835846, -0.9848149418830872, -0.1416863352060318, 0.38727906346321106], [0.39527323842048645, 0.17013384401798248, -0.9026702642440796, 2.579178810119629], [0.0, 0.0, 0.0, 1.0]]}, "3.png": {"intrinsics": [[2985.29, 0.0, 512.0], [0.0, 2985.29, 512.0], [0.0, 0.0, 1.0]], "pose": [[0.9150250554084778, 0.03452741727232933, 0.4019166827201843, -1.0820574760437012], [0.103401780128479, -0.9831180572509766, -0.15095338225364685, 0.41374173760414124], [0.3899195194244385, 0.17968502640724182, -0.90314781665802, 2.5787858963012695], [0.0, 0.0, 0.0, 1.0]]}, "4.png": {"intrinsics": [[2985.29, 0.0, 512.0], [0.0, 2985.29, 512.0], [0.0, 0.0, 1.0]], "pose": [[0.970356822013855, 0.013814400881528854, 0.24128155410289764, -0.6380061507225037], [0.08929508924484253, -0.9482125043869019, -0.304826945066452, 0.8006325364112854], [0.2245751917362213, 0.31733614206314087, -0.9213380813598633, 2.6062750816345215], [0.0, 0.0, 0.0, 1.0]]}, "5.png": {"intrinsics": [[2985.29, 0.0, 512.0], [0.0, 2985.29, 512.0], [0.0, 0.0, 1.0]], "pose": [[0.9772703647613525, -0.07531365007162094, 0.1981678307056427, -0.5359179973602295], [0.0032510682940483093, -0.9293339848518372, -0.36922594904899597, 0.9924057126045227], [0.21197184920310974, 0.3614778518676758, -0.9079657196998596, 2.5940723419189453], [0.0, 0.0, 0.0, 1.0]]}, "6.png": {"intrinsics": [[2985.29, 0.0, 512.0], [0.0, 2985.29, 512.0], [0.0, 0.0, 1.0]], "pose": [[0.9105743169784546, -0.041362322866916656, 0.41127070784568787, -1.130434513092041], [0.0149078369140625, -0.9910470247268677, -0.1326783001422882, 0.3620849847793579], [0.4130764901638031, 0.1269446164369583, -0.9018053412437439, 2.6447088718414307], [0.0, 0.0, 0.0, 1.0]]}, "7.png": {"intrinsics": [[2985.29, 0.0, 512.0], [0.0, 2985.29, 512.0], [0.0, 0.0, 1.0]], "pose": [[0.9684608578681946, 0.017126021906733513, 0.24857646226882935, -0.6561338901519775], [0.08847349137067795, -0.9562615752220154, -0.2788122594356537, 0.7318002581596375], [0.23292918503284454, 0.29201117157936096, -0.9276171922683716, 2.625509023666382], [0.0, 0.0, 0.0, 1.0]]}, "8.png": {"intrinsics": [[2985.29, 0.0, 512.0], [0.0, 2985.29, 512.0], [0.0, 0.0, 1.0]], "pose": [[0.9880174994468689, 0.0067725819535553455, 0.15419338643550873, -0.40998575091362], [0.03982719033956528, -0.9763897657394409, -0.21231314539909363, 0.5663328170776367], [0.1491149216890335, 0.2159101814031601, -0.9649598598480225, 2.727938175201416], [0.0, 0.0, 0.0, 1.0]]}, "9.png": {"intrinsics": [[2985.29, 0.0, 512.0], [0.0, 2985.29, 512.0], [0.0, 0.0, 1.0]], "pose": [[0.9579497575759888, 0.017042193561792374, 0.28642937541007996, -0.7759579420089722], [0.09286782145500183, -0.9629200100898743, -0.2532995641231537, 0.6859598755836487], [0.27149179577827454, 0.2692483365535736, -0.9240116477012634, 2.675896644592285], [0.0, 0.0, 0.0, 1.0]]}}