{"0.png": {"intrinsics": [[2985.29, 0.0, 512.0], [0.0, 2985.29, 512.0], [0.0, 0.0, 1.0]], "pose": [[0.9538319110870361, 0.22615966200828552, 0.19762715697288513, -0.5440917611122131], [0.25295230746269226, -0.9596761465072632, -0.12262460589408875, 0.3461308181285858], [0.1619253307580948, 0.16695350408554077, -0.9725773334503174, 2.8518519401550293], [0.0, 0.0, 0.0, 1.0]]}, "1.png": {"intrinsics": [[2985.29, 0.0, 512.0], [0.0, 2985.29, 512.0], [0.0, 0.0, 1.0]], "pose": [[0.9610015749931335, -0.03233207389712334, 0.2746464014053345, -0.7389511466026306], [9.548291563987732e-05, -0.9931030869483948, -0.11724472045898438, 0.323833167552948], [0.2765429615974426, 0.11269859224557877, -0.9543704986572266, 2.7568209171295166], [0.0, 0.0, 0.0, 1.0]]}, "10.png": {"intrinsics": [[2985.29, 0.0, 512.0], [0.0, 2985.29, 512.0], [0.0, 0.0, 1.0]], "pose": [[0.9129619598388672, 0.07423523813486099, 0.40123501420021057, -1.1330610513687134], [0.12850965559482574, -0.985582172870636, -0.11005896329879761, 0.31850090622901917], [0.38727980852127075, 0.1520422250032425, -0.9093390107154846, 2.739816904067993], [0.0, 0.0, 0.0, 1.0]]}, "11.png": {"intrinsics": [[2985.29, 0.0, 512.0], [0.0, 2985.29, 512.0], [0.0, 0.0, 1.0]], "pose": [[0.9608624577522278, -0.05315610393881798, 0.2718782424926758, -0.7178738117218018], [0.03352145478129387, -0.9518967866897583, -0.30457985401153564, 0.8291700482368469], [0.2749902904033661, 0.3017730712890625, -0.9128599762916565, 2.5669145584106445], [0.0, 0.0, 0.0, 1.0]]}, "12.png": {"intrinsics": [[2985.29, 0.0, 512.0], [0.0, 2985.29, 512.0], [0.0, 0.0, 1.0]], "pose": [[0.9251517653465271, -0.026325395330786705, 0.3786836266517639, -1.0409047603607178], [0.07930916547775269, -0.9621712565422058, -0.2606464624404907, 0.7104175686836243], [0.37122008204460144, 0.27117061614990234, -0.8880665302276611, 2.603425979614258], [0.0, 0.0, 0.0, 1.0]]}, "13.png": {"intrinsics": [[2985.29, 0.0, 512.0], [0.0, 2985.29, 512.0], [0.0, 0.0, 1.0]], "pose": [[0.9639223217964172, -0.0393977016210556, 0.2632519602775574, -0.7454951405525208], [-0.0004853680729866028, -0.9892444610595703, -0.14627090096473694, 0.417345255613327], [0.2661832869052887, 0.1408660113811493, -0.9535739421844482, 2.8794095516204834], [0.0, 0.0, 0.0, 1.0]]}, "14.png": {"intrinsics": [[2985.29, 0.0, 512.0], [0.0, 2985.29, 512.0], [0.0, 0.0, 1.0]], "pose": [[0.9385042786598206, 0.04380863904953003, 0.34247705340385437, -0.9528423547744751], [0.06634680926799774, -0.9963143467903137, -0.05436740815639496, 0.15737439692020416], [0.3388330340385437, 0.07374630123376846, -0.9379518628120422, 2.785733461380005], [0.0, 0.0, 0.0, 1.0]]}, "15.png": {"intrinsics": [[2985.29, 0.0, 512.0], [0.0, 2985.29, 512.0], [0.0, 0.0, 1.0]], "pose": [[0.8977793455123901, -0.11778827756643295, 0.4244033396244049, -1.171217441558838], [-0.1279492974281311, -0.9917700886726379, -0.004591531585901976, 0.01246052049100399], [0.4214513599872589, -0.05017992481589317, -0.9054615497589111, 2.6591742038726807], [0.0, 0.0, 0.0, 1.0]]}, "16.png": {"intrinsics": [[2985.29, 0.0, 512.0], [0.0, 2985.29, 512.0], [0.0, 0.0, 1.0]], "pose": [[0.9523423910140991, -0.17172203958034515, 0.2521021068096161, -0.6779338121414185], [-0.12924444675445557, -0.9757901430130005, -0.17643532156944275, 0.48063719272613525], [0.27629658579826355, 0.1354440450668335, -0.951480507850647, 2.7207272052764893], [0.0, 0.0, 0.0, 1.0]]}, "17.png": {"intrinsics": [[2985.29, 0.0, 512.0], [0.0, 2985.29, 512.0], [0.0, 0.0, 1.0]], "pose": [[0.9612050652503967, -0.049208976328372955, 0.27140986919403076, -0.7490212917327881], [-0.00782729685306549, -0.9884278178215027, -0.1514900177717209, 0.4226362705230713], [0.27572372555732727, 0.1434885710477829, -0.9504669904708862, 2.800930976867676], [0.0, 0.0, 0.0, 1.0]]}, "18.png": {"intrinsics": [[2985.29, 0.0, 512.0], [0.0, 2985.29, 512.0], [0.0, 0.0, 1.0]], "pose": [[0.9262328147888184, -0.14280852675437927, 0.34885308146476746, -0.9657058715820312], [-0.11263924092054367, -0.988029956817627, -0.10539951920509338, 0.2878212332725525], [0.35972923040390015, 0.058329951018095016, -0.931231677532196, 2.7663166522979736], [0.0, 0.0, 0.0, 1.0]]}, "19.png": {"intrinsics": [[2985.29, 0.0, 512.0], [0.0, 2985.29, 512.0], [0.0, 0.0, 1.0]], "pose": [[0.9589284658432007, -0.03682653233408928, 0.2812473773956299, -0.775874674320221], [-0.003341514617204666, -0.9929339289665222, -0.11862168461084366, 0.33543431758880615], [0.2836284935474396, 0.1128099113702774, -0.9522756338119507, 2.7932488918304443], [0.0, 0.0, 0.0, 1.0]]}, "2.png": {"intrinsics": [[2985.29, 0.0, 512.0], [0.0, 2985.29, 512.0], [0.0, 0.0, 1.0]], "pose": [[0.9608016014099121, -0.029399573802947998, 0.275673508644104, -0.7765931487083435], [0.010207721963524818, -0.989935576915741, -0.14114989340305328, 0.39942678809165955], [0.2770487666130066, 0.13843104243278503, -0.9508316516876221, 2.8503217697143555], [0.0, 0.0, 0.0, 1.0]]}, "3.png": {"intrinsics": [[2985.29, 0.0, 512.0], [0.0, 2985.29, 512.0], [0.0, 0.0, 1.0]], "pose": [[0.9568158388137817, -0.05133509263396263, 0.2861260771751404, -0.8057963848114014], [-0.017688032239675522, -0.9927411675453186, -0.11896248161792755, 0.3399695158004761], [0.2901560962200165, 0.1087641790509224, -0.9507785439491272, 2.8497374057769775], [0.0, 0.0, 0.0, 1.0]]}, "4.png": {"intrinsics": [[2985.29, 0.0, 512.0], [0.0, 2985.29, 512.0], [0.0, 0.0, 1.0]], "pose": [[0.9636965394020081, -0.039344772696495056, 0.26408517360687256, -0.7247086763381958], [0.0006805919110774994, -0.9887179136276245, -0.14978790283203125, 0.4141327142715454], [0.26699912548065186, 0.1445298194885254, -0.9527972340583801, 2.8078882694244385], [0.0, 0.0, 0.0, 1.0]]}, "5.png": {"intrinsics": [[2985.29, 0.0, 512.0], [0.0, 2985.29, 512.0], [0.0, 0.0, 1.0]], "pose": [[0.9473925828933716, 0.24234050512313843, 0.20908956229686737, -0.5694165229797363], [0.2795235216617584, -0.9446748495101929, -0.1716274470090866, 0.47682392597198486], [0.15592937171459198, 0.22104400396347046, -0.9627178311347961, 2.789119243621826], [0.0, 0.0, 0.0, 1.0]]}, "6.png": {"intrinsics": [[2985.29, 0.0, 512.0], [0.0, 2985.29, 512.0], [0.0, 0.0, 1.0]], "pose": [[0.9164661169052124, 0.07762781530618668, 0.3925095498561859, -1.1143585443496704], [0.1285778135061264, -0.9861048460006714, -0.10518990457057953, 0.30400699377059937], [0.37888991832733154, 0.14687100052833557, -0.9137129783630371, 2.7673351764678955], [0.0, 0.0, 0.0, 1.0]]}, "7.png": {"intrinsics": [[2985.29, 0.0, 512.0], [0.0, 2985.29, 512.0], [0.0, 0.0, 1.0]], "pose": [[0.97745281457901, -0.07553420960903168, 0.1971815973520279, -0.5457394123077393], [-0.008629173040390015, -0.9473376870155334, -0.3201201260089874, 0.8810837864875793], [0.21097756922245026, 0.3112007975578308, -0.9266297221183777, 2.711085319519043], [0.0, 0.0, 0.0, 1.0]]}, "8.png": {"intrinsics": [[2985.29, 0.0, 512.0], [0.0, 2985.29, 512.0], [0.0, 0.0, 1.0]], "pose": [[0.9530077576637268, -0.03425344452261925, 0.30100321769714355, -0.8184011578559875], [-0.009187741205096245, -0.9963982105255127, -0.08429837226867676, 0.2360193431377411], [0.3028065860271454, 0.07757146656513214, -0.9498898983001709, 2.764359474182129], [0.0, 0.0, 0.0, 1.0]]}, "9.png": {"intrinsics": [[2985.29, 0.0, 512.0], [0.0, 2985.29, 512.0], [0.0, 0.0, 1.0]], "pose": [[0.9441677331924438, -0.10927949100732803, 0.3108140230178833, -0.8610802292823792], [-0.07033182680606842, -0.9884963035583496, -0.13389787077903748, 0.36849820613861084], [0.3218708038330078, 0.1045619323849678, -0.9409920573234558, 2.769843101501465], [0.0, 0.0, 0.0, 1.0]]}}