{"0.png": {"intrinsics": [[2985.29, 0.0, 512.0], [0.0, 2985.29, 512.0], [0.0, 0.0, 1.0]], "pose": [[0.9911773204803467, -0.043345190584659576, -0.12525475025177002, 0.3234413266181946], [-0.03580714017152786, -0.9974448680877686, 0.06181969866156578, -0.15891046822071075], [-0.12761428952217102, -0.05678927153348923, -0.9901967644691467, 2.7273616790771484], [0.0, 0.0, 0.0, 1.0]]}, "1.png": {"intrinsics": [[2985.29, 0.0, 512.0], [0.0, 2985.29, 512.0], [0.0, 0.0, 1.0]], "pose": [[0.9859308004379272, 0.007151532452553511, -0.1670008897781372, 0.42346689105033875], [-0.03208823502063751, -0.9724048972129822, -0.23108240962028503, 0.5961282849311829], [-0.1640450656414032, 0.23319004476070404, -0.9584944248199463, 2.6151933670043945], [0.0, 0.0, 0.0, 1.0]]}, "10.png": {"intrinsics": [[2985.29, 0.0, 512.0], [0.0, 2985.29, 512.0], [0.0, 0.0, 1.0]], "pose": [[0.8419011831283569, -0.025330258533358574, -0.5390369892120361, 1.3798279762268066], [-0.19239738583564758, -0.9473421573638916, -0.25598084926605225, 0.6523283123970032], [-0.5041683912277222, 0.3192198872566223, -0.8024418950080872, 2.2209770679473877], [0.0, 0.0, 0.0, 1.0]]}, "11.png": {"intrinsics": [[2985.29, 0.0, 512.0], [0.0, 2985.29, 512.0], [0.0, 0.0, 1.0]], "pose": [[0.9993123412132263, 0.03564611077308655, 0.010205698199570179, -0.02883552759885788], [0.035927534103393555, -0.9989373683929443, -0.028865596279501915, 0.06960034370422363], [0.00916590727865696, 0.029212411493062973, -0.9995311498641968, 2.7426211833953857], [0.0, 0.0, 0.0, 1.0]]}, "12.png": {"intrinsics": [[2985.29, 0.0, 512.0], [0.0, 2985.29, 512.0], [0.0, 0.0, 1.0]], "pose": [[0.8158518075942993, 0.1153334304690361, -0.5666427612304688, 1.4299191236495972], [-0.026008158922195435, -0.9715980291366577, -0.2352038323879242, 0.5910937190055847], [-0.5776758193969727, 0.20662881433963776, -0.7896804213523865, 2.1699485778808594], [0.0, 0.0, 0.0, 1.0]]}, "13.png": {"intrinsics": [[2985.29, 0.0, 512.0], [0.0, 2985.29, 512.0], [0.0, 0.0, 1.0]], "pose": [[0.8397220969200134, -0.03529053181409836, -0.5418683886528015, 1.3877307176589966], [-0.07519243657588959, -0.9958295226097107, -0.05166824907064438, 0.12788911163806915], [-0.5377851128578186, 0.08413137495517731, -0.8388736844062805, 2.3186986446380615], [0.0, 0.0, 0.0, 1.0]]}, "14.png": {"intrinsics": [[2985.29, 0.0, 512.0], [0.0, 2985.29, 512.0], [0.0, 0.0, 1.0]], "pose": [[0.8177443742752075, 0.12319185584783554, -0.562243640422821, 1.420332670211792], [-0.028122693300247192, -0.9671087861061096, -0.25280341506004333, 0.6325485110282898], [-0.57489413022995, 0.22254034876823425, -0.7873833775520325, 2.1650543212890625], [0.0, 0.0, 0.0, 1.0]]}, "15.png": {"intrinsics": [[2985.29, 0.0, 512.0], [0.0, 2985.29, 512.0], [0.0, 0.0, 1.0]], "pose": [[0.8436542749404907, 0.04310838133096695, -0.5351533889770508, 1.3578495979309082], [-0.015667319297790527, -0.9943700432777405, -0.10479889065027237, 0.2627018690109253], [-0.5366582274436951, 0.09679845720529556, -0.8382291197776794, 2.302241325378418], [0.0, 0.0, 0.0, 1.0]]}, "16.png": {"intrinsics": [[2985.29, 0.0, 512.0], [0.0, 2985.29, 512.0], [0.0, 0.0, 1.0]], "pose": [[0.9754648208618164, -0.15657033026218414, -0.15477128326892853, 0.39858612418174744], [-0.1385936141014099, -0.9829459190368652, 0.12086842209100723, -0.3184334337711334], [-0.17105621099472046, -0.09645258635282516, -0.9805287718772888, 2.721963405609131], [0.0, 0.0, 0.0, 1.0]]}, "17.png": {"intrinsics": [[2985.29, 0.0, 512.0], [0.0, 2985.29, 512.0], [0.0, 0.0, 1.0]], "pose": [[0.8265429139137268, -0.004069384653121233, -0.5628589987754822, 1.4659500122070312], [-0.031774211674928665, -0.9987167119979858, -0.03943898156285286, 0.09352537244558334], [-0.5619761943817139, 0.05048241466283798, -0.8256114721298218, 2.3312923908233643], [0.0, 0.0, 0.0, 1.0]]}, "18.png": {"intrinsics": [[2985.29, 0.0, 512.0], [0.0, 2985.29, 512.0], [0.0, 0.0, 1.0]], "pose": [[0.9954067468643188, -0.012724658474326134, -0.09488606452941895, 0.25027263164520264], [-0.021234335377812386, -0.9957855343818665, -0.08922038227319717, 0.23617160320281982], [-0.0933508649468422, 0.09082542359828949, -0.9914819002151489, 2.7898378372192383], [0.0, 0.0, 0.0, 1.0]]}, "19.png": {"intrinsics": [[2985.29, 0.0, 512.0], [0.0, 2985.29, 512.0], [0.0, 0.0, 1.0]], "pose": [[0.9831247925758362, -0.1414777636528015, -0.1159728541970253, 0.2987995743751526], [-0.1474255472421646, -0.9880770444869995, -0.04437913000583649, 0.1235508844256401], [-0.10831145942211151, 0.06072758138179779, -0.9922604560852051, 2.74322509765625], [0.0, 0.0, 0.0, 1.0]]}, "2.png": {"intrinsics": [[2985.29, 0.0, 512.0], [0.0, 2985.29, 512.0], [0.0, 0.0, 1.0]], "pose": [[0.854521632194519, 0.006248946767300367, -0.519378125667572, 1.309228539466858], [-0.08116452395915985, -0.9860378503799438, -0.14540185034275055, 0.3593243658542633], [-0.5130351185798645, 0.1664041131734848, -0.8420835137367249, 2.2990806102752686], [0.0, 0.0, 0.0, 1.0]]}, "3.png": {"intrinsics": [[2985.29, 0.0, 512.0], [0.0, 2985.29, 512.0], [0.0, 0.0, 1.0]], "pose": [[0.9815151691436768, 0.019083812832832336, -0.1904306709766388, 0.4794306755065918], [-0.019458459690213203, -0.9799091219902039, -0.1984931081533432, 0.500815749168396], [-0.19039274752140045, 0.19852948188781738, -0.9614242911338806, 2.601421594619751], [0.0, 0.0, 0.0, 1.0]]}, "4.png": {"intrinsics": [[2985.29, 0.0, 512.0], [0.0, 2985.29, 512.0], [0.0, 0.0, 1.0]], "pose": [[0.9512442946434021, 0.06435207277536392, -0.3016505837440491, 0.749359130859375], [0.027255374938249588, -0.9917046427726746, -0.12561462819576263, 0.3128613531589508], [-0.3072318434715271, 0.11126860231161118, -0.9451073408126831, 2.5147604942321777], [0.0, 0.0, 0.0, 1.0]]}, "5.png": {"intrinsics": [[2985.29, 0.0, 512.0], [0.0, 2985.29, 512.0], [0.0, 0.0, 1.0]], "pose": [[0.996909499168396, -0.03249722346663475, -0.07152161002159119, 0.17836123704910278], [-0.03664732724428177, -0.9976726770401001, -0.05749973654747009, 0.13608404994010925], [-0.0694865807890892, 0.05994311347603798, -0.9957802891731262, 2.6744701862335205], [0.0, 0.0, 0.0, 1.0]]}, "6.png": {"intrinsics": [[2985.29, 0.0, 512.0], [0.0, 2985.29, 512.0], [0.0, 0.0, 1.0]], "pose": [[0.9800460934638977, 0.025867270305752754, -0.19708003103733063, 0.5202318429946899], [-0.016789287328720093, -0.9771801233291626, -0.21174778044223785, 0.5546253323554993], [-0.1980600208044052, 0.2108314335346222, -0.957247257232666, 2.6832802295684814], [0.0, 0.0, 0.0, 1.0]]}, "7.png": {"intrinsics": [[2985.29, 0.0, 512.0], [0.0, 2985.29, 512.0], [0.0, 0.0, 1.0]], "pose": [[0.9930881857872009, -0.032685600221157074, -0.11272741109132767, 0.2978082299232483], [-0.02406599000096321, -0.996740996837616, 0.0769948661327362, -0.2071130871772766], [-0.1148766502737999, -0.07374979555606842, -0.9906383752822876, 2.785083293914795], [0.0, 0.0, 0.0, 1.0]]}, "8.png": {"intrinsics": [[2985.29, 0.0, 512.0], [0.0, 2985.29, 512.0], [0.0, 0.0, 1.0]], "pose": [[0.9834553003311157, 0.028136197477579117, -0.17895269393920898, 0.4632198214530945], [-0.010643936693668365, -0.9771825075149536, -0.2121344804763794, 0.5480195879936218], [-0.18083809316158295, 0.21052953600883484, -0.9607158303260803, 2.663525104522705], [0.0, 0.0, 0.0, 1.0]]}, "9.png": {"intrinsics": [[2985.29, 0.0, 512.0], [0.0, 2985.29, 512.0], [0.0, 0.0, 1.0]], "pose": [[0.8434333801269531, -0.019957147538661957, -0.5368629097938538, 1.3421403169631958], [-0.18987374007701874, -0.9458893537521362, -0.26313722133636475, 0.6573950052261353], [-0.5025613903999329, 0.32387489080429077, -0.8015840649604797, 2.1765527725219727], [0.0, 0.0, 0.0, 1.0]]}}