{"0.png": {"intrinsics": [[2985.29, 0.0, 512.0], [0.0, 2985.29, 512.0], [0.0, 0.0, 1.0]], "pose": [[0.9813291430473328, 0.06152162700891495, -0.18223093450069427, 0.4866851568222046], [0.05065527185797691, -0.9966827034950256, -0.06369966268539429, 0.1818937063217163], [-0.18554532527923584, 0.05327938497066498, -0.9811902046203613, 2.8433001041412354], [0.0, 0.0, 0.0, 1.0]]}, "1.png": {"intrinsics": [[2985.29, 0.0, 512.0], [0.0, 2985.29, 512.0], [0.0, 0.0, 1.0]], "pose": [[0.9803235530853271, -0.016778409481048584, -0.19668307900428772, 0.5556474328041077], [-0.045407555997371674, -0.9888288974761963, -0.14197011291980743, 0.4193418323993683], [-0.19210389256477356, 0.14810754358768463, -0.9701341986656189, 2.924377679824829], [0.0, 0.0, 0.0, 1.0]]}, "10.png": {"intrinsics": [[2985.29, 0.0, 512.0], [0.0, 2985.29, 512.0], [0.0, 0.0, 1.0]], "pose": [[0.9765690565109253, 0.014476535841822624, -0.21471679210662842, 0.6030831933021545], [-0.007261301390826702, -0.9949502348899841, -0.10010672360658646, 0.30005258321762085], [-0.21508172154426575, 0.09932025521993637, -0.9715324640274048, 2.884830951690674], [0.0, 0.0, 0.0, 1.0]]}, "11.png": {"intrinsics": [[2985.29, 0.0, 512.0], [0.0, 2985.29, 512.0], [0.0, 0.0, 1.0]], "pose": [[0.9546011090278625, -0.12177138775587082, -0.2718610167503357, 0.7340274453163147], [-0.14009125530719757, -0.9889277815818787, -0.04895210266113281, 0.13351355493068695], [-0.26288992166519165, 0.08481508493423462, -0.9610906839370728, 2.7848458290100098], [0.0, 0.0, 0.0, 1.0]]}, "12.png": {"intrinsics": [[2985.29, 0.0, 512.0], [0.0, 2985.29, 512.0], [0.0, 0.0, 1.0]], "pose": [[0.9302148818969727, -0.08656914532184601, -0.3566594421863556, 0.9888908267021179], [-0.1306215226650238, -0.9862440824508667, -0.10129490494728088, 0.2966553866863251], [-0.34298425912857056, 0.1408134400844574, -0.9287267327308655, 2.759201765060425], [0.0, 0.0, 0.0, 1.0]]}, "13.png": {"intrinsics": [[2985.29, 0.0, 512.0], [0.0, 2985.29, 512.0], [0.0, 0.0, 1.0]], "pose": [[0.9438304305076599, -0.12297101318836212, -0.30669546127319336, 0.8479322791099548], [-0.14172059297561646, -0.9891165494918823, -0.03954264521598816, 0.11735251545906067], [-0.29849493503570557, 0.08078661561012268, -0.9509859085083008, 2.826343536376953], [0.0, 0.0, 0.0, 1.0]]}, "14.png": {"intrinsics": [[2985.29, 0.0, 512.0], [0.0, 2985.29, 512.0], [0.0, 0.0, 1.0]], "pose": [[0.9806626439094543, 0.05748957395553589, -0.18707139790058136, 0.5090022087097168], [0.04687274247407913, -0.9970552921295166, -0.060693077743053436, 0.1742318868637085], [-0.19000974297523499, 0.050750888884067535, -0.9804695844650269, 2.838099718093872], [0.0, 0.0, 0.0, 1.0]]}, "15.png": {"intrinsics": [[2985.29, 0.0, 512.0], [0.0, 2985.29, 512.0], [0.0, 0.0, 1.0]], "pose": [[0.9815836548805237, -0.006789714097976685, -0.19091202318668365, 0.5310099720954895], [-0.031839463859796524, -0.9912044405937195, -0.1284523606300354, 0.37758296728134155], [-0.18836070597171783, 0.13216528296470642, -0.973166286945343, 2.9003090858459473], [0.0, 0.0, 0.0, 1.0]]}, "16.png": {"intrinsics": [[2985.29, 0.0, 512.0], [0.0, 2985.29, 512.0], [0.0, 0.0, 1.0]], "pose": [[0.9635543823242188, 0.15797311067581177, -0.2158873975276947, 0.60184246301651], [0.15257865190505981, -0.9874179363250732, -0.04153856635093689, 0.12101972103118896], [-0.21973305940628052, 0.007084857672452927, -0.9755342602729797, 2.90190052986145], [0.0, 0.0, 0.0, 1.0]]}, "17.png": {"intrinsics": [[2985.29, 0.0, 512.0], [0.0, 2985.29, 512.0], [0.0, 0.0, 1.0]], "pose": [[0.9391655921936035, -0.16543151438236237, -0.30099916458129883, 0.8336465954780579], [-0.17215199768543243, -0.9850612282752991, 0.004255631472915411, -0.0005107266479171813], [-0.2972066104412079, 0.047820862382650375, -0.9536149501800537, 2.835289716720581], [0.0, 0.0, 0.0, 1.0]]}, "18.png": {"intrinsics": [[2985.29, 0.0, 512.0], [0.0, 2985.29, 512.0], [0.0, 0.0, 1.0]], "pose": [[0.9803498387336731, -0.03203418478369713, -0.19464823603630066, 0.5484000444412231], [-0.06743791699409485, -0.9817007184028625, -0.17808929085731506, 0.5201353430747986], [-0.18538136780261993, 0.18771648406982422, -0.9645704627037048, 2.892796277999878], [0.0, 0.0, 0.0, 1.0]]}, "19.png": {"intrinsics": [[2985.29, 0.0, 512.0], [0.0, 2985.29, 512.0], [0.0, 0.0, 1.0]], "pose": [[0.9616667628288269, 0.030337849631905556, -0.2725375294685364, 0.7586132884025574], [0.0022385884076356888, -0.9946967363357544, -0.10282687097787857, 0.2915094792842865], [-0.27421173453330994, 0.0982750877737999, -0.9566346406936646, 2.842378854751587], [0.0, 0.0, 0.0, 1.0]]}, "2.png": {"intrinsics": [[2985.29, 0.0, 512.0], [0.0, 2985.29, 512.0], [0.0, 0.0, 1.0]], "pose": [[0.9167967438697815, -0.15580208599567413, -0.3677084445953369, 1.0232772827148438], [-0.17057359218597412, -0.9853140711784363, -0.007797807455062866, 0.026321157813072205], [-0.3610934019088745, 0.06987035274505615, -0.9299083948135376, 2.7821531295776367], [0.0, 0.0, 0.0, 1.0]]}, "3.png": {"intrinsics": [[2985.29, 0.0, 512.0], [0.0, 2985.29, 512.0], [0.0, 0.0, 1.0]], "pose": [[0.9634737968444824, 0.026041939854621887, -0.2665334641933441, 0.7573102712631226], [0.004797184839844704, -0.9967792630195618, -0.08005037158727646, 0.22154758870601654], [-0.2677597105503082, 0.0758478194475174, -0.9604955911636353, 2.9329147338867188], [0.0, 0.0, 0.0, 1.0]]}, "4.png": {"intrinsics": [[2985.29, 0.0, 512.0], [0.0, 2985.29, 512.0], [0.0, 0.0, 1.0]], "pose": [[0.9650968313217163, 0.13337744772434235, -0.22538544237613678, 0.6334778070449829], [0.1302792876958847, -0.9910638332366943, -0.02863287180662155, 0.08564531058073044], [-0.22719033062458038, -0.0017295610159635544, -0.973848819732666, 2.9138829708099365], [0.0, 0.0, 0.0, 1.0]]}, "5.png": {"intrinsics": [[2985.29, 0.0, 512.0], [0.0, 2985.29, 512.0], [0.0, 0.0, 1.0]], "pose": [[0.9830715656280518, -0.004349865019321442, -0.1831703782081604, 0.5022667050361633], [-0.02341560274362564, -0.9945032596588135, -0.1020539402961731, 0.29602816700935364], [-0.18171963095664978, 0.10461537539958954, -0.9777697324752808, 2.862198829650879], [0.0, 0.0, 0.0, 1.0]]}, "6.png": {"intrinsics": [[2985.29, 0.0, 512.0], [0.0, 2985.29, 512.0], [0.0, 0.0, 1.0]], "pose": [[0.9018732309341431, -0.10310082882642746, -0.41951748728752136, 1.1117948293685913], [-0.14250987768173218, -0.9877468347549438, -0.06361673027276993, 0.17812402546405792], [-0.40781813859939575, 0.11715961247682571, -0.9055153727531433, 2.5975072383880615], [0.0, 0.0, 0.0, 1.0]]}, "7.png": {"intrinsics": [[2985.29, 0.0, 512.0], [0.0, 2985.29, 512.0], [0.0, 0.0, 1.0]], "pose": [[0.9817063212394714, 0.021332092583179474, -0.18920250236988068, 0.49342209100723267], [-0.005644975230097771, -0.9900062084197998, -0.14091046154499054, 0.38353535532951355], [-0.1903175711631775, 0.13940075039863586, -0.9717749357223511, 2.743586540222168], [0.0, 0.0, 0.0, 1.0]]}, "8.png": {"intrinsics": [[2985.29, 0.0, 512.0], [0.0, 2985.29, 512.0], [0.0, 0.0, 1.0]], "pose": [[0.9788936376571655, -0.02425963059067726, -0.202925443649292, 0.5600422024726868], [-0.05676001310348511, -0.9861387014389038, -0.15591271221637726, 0.456267386674881], [-0.1963302493095398, 0.1641400009393692, -0.966701865196228, 2.8659493923187256], [0.0, 0.0, 0.0, 1.0]]}, "9.png": {"intrinsics": [[2985.29, 0.0, 512.0], [0.0, 2985.29, 512.0], [0.0, 0.0, 1.0]], "pose": [[0.9500216841697693, -0.11967399716377258, -0.28833475708961487, 0.7793629169464111], [-0.14351420104503632, -0.987645149230957, -0.06293433159589767, 0.1719072312116623], [-0.2772408127784729, 0.10116910934448242, -0.9554592370986938, 2.782299757003784], [0.0, 0.0, 0.0, 1.0]]}}