{"0.png": {"intrinsics": [[2985.29, 0.0, 512.0], [0.0, 2985.29, 512.0], [0.0, 0.0, 1.0]], "pose": [[0.8409376740455627, 0.13648204505443573, -0.5236377716064453, 1.4267133474349976], [0.06332854181528091, -0.9858433604240417, -0.15524962544441223, 0.4268186390399933], [-0.5374136567115784, 0.09739403426647186, -0.8376759886741638, 2.4473490715026855], [0.0, 0.0, 0.0, 1.0]]}, "1.png": {"intrinsics": [[2985.29, 0.0, 512.0], [0.0, 2985.29, 512.0], [0.0, 0.0, 1.0]], "pose": [[0.847338080406189, 0.20392721891403198, -0.49033862352371216, 1.3046727180480957], [0.06565441191196442, -0.956474781036377, -0.28433361649513245, 0.7548831701278687], [-0.5269798636436462, 0.20873381197452545, -0.823846161365509, 2.350581407546997], [0.0, 0.0, 0.0, 1.0]]}, "10.png": {"intrinsics": [[2985.29, 0.0, 512.0], [0.0, 2985.29, 512.0], [0.0, 0.0, 1.0]], "pose": [[0.8402276635169983, 0.13657499849796295, -0.5247520208358765, 1.4445431232452393], [0.0630209892988205, -0.985798180103302, -0.1556609719991684, 0.43331658840179443], [-0.5385589599609375, 0.09772027283906937, -0.8369019627571106, 2.471712827682495], [0.0, 0.0, 0.0, 1.0]]}, "11.png": {"intrinsics": [[2985.29, 0.0, 512.0], [0.0, 2985.29, 512.0], [0.0, 0.0, 1.0]], "pose": [[0.8488234877586365, 0.20399783551692963, -0.4877330958843231, 1.2950656414031982], [0.06725208461284637, -0.9567250609397888, -0.2831152677536011, 0.7502765655517578], [-0.5243813991546631, 0.20751383900642395, -0.8258100152015686, 2.351876735687256], [0.0, 0.0, 0.0, 1.0]]}, "12.png": {"intrinsics": [[2985.29, 0.0, 512.0], [0.0, 2985.29, 512.0], [0.0, 0.0, 1.0]], "pose": [[0.8480062484741211, 0.07822662591934204, -0.5241812467575073, 1.4718984365463257], [-0.07860107719898224, -0.9595460891723633, -0.2703573703765869, 0.7580662965774536], [-0.5241252183914185, 0.2704659402370453, -0.8075523972511292, 2.4350340366363525], [0.0, 0.0, 0.0, 1.0]]}, "13.png": {"intrinsics": [[2985.29, 0.0, 512.0], [0.0, 2985.29, 512.0], [0.0, 0.0, 1.0]], "pose": [[0.8413655161857605, 0.13888293504714966, -0.5223175883293152, 1.4203293323516846], [0.06698062270879745, -0.9857639670372009, -0.1542176604270935, 0.4249994456768036], [-0.536300003528595, 0.09476824104785919, -0.8386902213096619, 2.451061964035034], [0.0, 0.0, 0.0, 1.0]]}, "14.png": {"intrinsics": [[2985.29, 0.0, 512.0], [0.0, 2985.29, 512.0], [0.0, 0.0, 1.0]], "pose": [[0.8937585353851318, 0.052154287695884705, -0.4455060064792633, 1.213922142982483], [-0.0660916119813919, -0.9670640826225281, -0.24580250680446625, 0.6674152612686157], [-0.44365251064300537, 0.24913230538368225, -0.8608748316764832, 2.51716685295105], [0.0, 0.0, 0.0, 1.0]]}, "15.png": {"intrinsics": [[2985.29, 0.0, 512.0], [0.0, 2985.29, 512.0], [0.0, 0.0, 1.0]], "pose": [[0.8496580719947815, 0.20539332926273346, -0.4856899678707123, 1.2485649585723877], [0.07263745367527008, -0.9578343629837036, -0.27798762917518616, 0.7194612622261047], [-0.5223073363304138, 0.2009151577949524, -0.8287509679794312, 2.2990942001342773], [0.0, 0.0, 0.0, 1.0]]}, "16.png": {"intrinsics": [[2985.29, 0.0, 512.0], [0.0, 2985.29, 512.0], [0.0, 0.0, 1.0]], "pose": [[0.8154624104499817, 0.15951943397521973, -0.5563942790031433, 1.5289674997329712], [-0.005995526909828186, -0.9588931798934937, -0.28370392322540283, 0.7730002999305725], [-0.5787789821624756, 0.2346857637166977, -0.7809849977493286, 2.303149938583374], [0.0, 0.0, 0.0, 1.0]]}, "17.png": {"intrinsics": [[2985.29, 0.0, 512.0], [0.0, 2985.29, 512.0], [0.0, 0.0, 1.0]], "pose": [[0.906385064125061, 0.06679598987102509, -0.41713836789131165, 1.121595025062561], [-0.0874844640493393, -0.9363377094268799, -0.34002676606178284, 0.9231270551681519], [-0.41329479217529297, 0.3446882963180542, -0.8428388833999634, 2.4349215030670166], [0.0, 0.0, 0.0, 1.0]]}, "18.png": {"intrinsics": [[2985.29, 0.0, 512.0], [0.0, 2985.29, 512.0], [0.0, 0.0, 1.0]], "pose": [[0.9012789130210876, 0.05587282031774521, -0.4296214282512665, 1.1641768217086792], [-0.10747954994440079, -0.93181312084198, -0.3466588854789734, 0.948311984539032], [-0.4196957051753998, 0.3586118519306183, -0.8338183760643005, 2.411039352416992], [0.0, 0.0, 0.0, 1.0]]}, "19.png": {"intrinsics": [[2985.29, 0.0, 512.0], [0.0, 2985.29, 512.0], [0.0, 0.0, 1.0]], "pose": [[0.8482412099838257, 0.21113158762454987, -0.48570606112480164, 1.2979810237884521], [0.07155036926269531, -0.9543778896331787, -0.28990238904953003, 0.778668999671936], [-0.5247547030448914, 0.21115469932556152, -0.8246491551399231, 2.373830556869507], [0.0, 0.0, 0.0, 1.0]]}, "2.png": {"intrinsics": [[2985.29, 0.0, 512.0], [0.0, 2985.29, 512.0], [0.0, 0.0, 1.0]], "pose": [[0.8472850918769836, 0.20386889576911926, -0.4904542863368988, 1.3077123165130615], [0.06660188734531403, -0.9568940997123718, -0.2826974093914032, 0.7494600415229797], [-0.5269460678100586, 0.20686012506484985, -0.8243402242660522, 2.3548097610473633], [0.0, 0.0, 0.0, 1.0]]}, "3.png": {"intrinsics": [[2985.29, 0.0, 512.0], [0.0, 2985.29, 512.0], [0.0, 0.0, 1.0]], "pose": [[0.8086528778076172, 0.13139282166957855, -0.5734252333641052, 1.606626033782959], [-0.013227671384811401, -0.9704312086105347, -0.24101535975933075, 0.6739416718482971], [-0.5881373882293701, 0.20248281955718994, -0.7830039262771606, 2.3653814792633057], [0.0, 0.0, 0.0, 1.0]]}, "4.png": {"intrinsics": [[2985.29, 0.0, 512.0], [0.0, 2985.29, 512.0], [0.0, 0.0, 1.0]], "pose": [[0.8488823771476746, 0.20626309514045715, -0.48667675256729126, 1.2954823970794678], [0.0642230361700058, -0.9541476368904114, -0.29236578941345215, 0.7754303216934204], [-0.5246657133102417, 0.21692831814289093, -0.8232059478759766, 2.3470330238342285], [0.0, 0.0, 0.0, 1.0]]}, "5.png": {"intrinsics": [[2985.29, 0.0, 512.0], [0.0, 2985.29, 512.0], [0.0, 0.0, 1.0]], "pose": [[0.9143392443656921, -0.0381653718650341, -0.40314650535583496, 1.107126235961914], [-0.13151295483112335, -0.9695712924003601, -0.20648424327373505, 0.5803529024124146], [-0.3829987645149231, 0.24181564152240753, -0.8915364146232605, 2.615572214126587], [0.0, 0.0, 0.0, 1.0]]}, "6.png": {"intrinsics": [[2985.29, 0.0, 512.0], [0.0, 2985.29, 512.0], [0.0, 0.0, 1.0]], "pose": [[0.8388137817382812, 0.13690154254436493, -0.5269244909286499, 1.4410631656646729], [0.061838530004024506, -0.985561728477478, -0.1576201319694519, 0.4361145496368408], [-0.5408950448036194, 0.09962969273328781, -0.8351685404777527, 2.454899787902832], [0.0, 0.0, 0.0, 1.0]]}, "7.png": {"intrinsics": [[2985.29, 0.0, 512.0], [0.0, 2985.29, 512.0], [0.0, 0.0, 1.0]], "pose": [[0.8424196243286133, 0.1375766545534134, -0.5209623575210571, 1.40765380859375], [0.06299734115600586, -0.9853714108467102, -0.15834906697273254, 0.4292219579219818], [-0.5351265668869019, 0.10057712346315384, -0.8387632369995117, 2.4308581352233887], [0.0, 0.0, 0.0, 1.0]]}, "8.png": {"intrinsics": [[2985.29, 0.0, 512.0], [0.0, 2985.29, 512.0], [0.0, 0.0, 1.0]], "pose": [[0.8438626527786255, 0.138994500041008, -0.5182435512542725, 1.405870795249939], [0.06693226099014282, -0.9855892062187195, -0.15535135567188263, 0.42412564158439636], [-0.5323682427406311, 0.09640798717737198, -0.8410050868988037, 2.4464633464813232], [0.0, 0.0, 0.0, 1.0]]}, "9.png": {"intrinsics": [[2985.29, 0.0, 512.0], [0.0, 2985.29, 512.0], [0.0, 0.0, 1.0]], "pose": [[0.9022997617721558, 0.0651857927441597, -0.4261525571346283, 1.1615135669708252], [-0.0832081288099289, -0.9435829520225525, -0.32051166892051697, 0.8759216666221619], [-0.42300307750701904, 0.32465696334838867, -0.845970630645752, 2.4797608852386475], [0.0, 0.0, 0.0, 1.0]]}}