{"0.png": {"intrinsics": [[2985.29, 0.0, 512.0], [0.0, 2985.29, 512.0], [0.0, 0.0, 1.0]], "pose": [[0.8216069340705872, -0.05976315587759018, 0.5669130682945251, -1.6115885972976685], [-0.06537561118602753, -0.9978060722351074, -0.010440738871693611, 0.04533403739333153], [0.5662932395935059, -0.028484102338552475, -0.8237114548683167, 2.5065269470214844], [0.0, 0.0, 0.0, 1.0]]}, "1.png": {"intrinsics": [[2985.29, 0.0, 512.0], [0.0, 2985.29, 512.0], [0.0, 0.0, 1.0]], "pose": [[0.9655222296714783, 0.03838401660323143, 0.2574751675128937, -0.7031464576721191], [0.0559539869427681, -0.9965521693229675, -0.061260830610990524, 0.16332243382930756], [0.25423601269721985, 0.07355545461177826, -0.9643410444259644, 2.7892627716064453], [0.0, 0.0, 0.0, 1.0]]}, "10.png": {"intrinsics": [[2985.29, 0.0, 512.0], [0.0, 2985.29, 512.0], [0.0, 0.0, 1.0]], "pose": [[0.9862699508666992, -0.06109694764018059, -0.153423473238945, 0.41647210717201233], [-0.08052662014961243, -0.9890342354774475, -0.12380125373601913, 0.3368009924888611], [-0.14417718350887299, 0.13445612788200378, -0.9803746938705444, 2.860917091369629], [0.0, 0.0, 0.0, 1.0]]}, "11.png": {"intrinsics": [[2985.29, 0.0, 512.0], [0.0, 2985.29, 512.0], [0.0, 0.0, 1.0]], "pose": [[0.9818195104598999, 0.00664338655769825, 0.189700648188591, -0.5237179398536682], [0.021943606436252594, -0.9966592788696289, -0.078668512403965, 0.2121650129556656], [0.18854428827762604, 0.08140099793672562, -0.9786852598190308, 2.863325357437134], [0.0, 0.0, 0.0, 1.0]]}, "12.png": {"intrinsics": [[2985.29, 0.0, 512.0], [0.0, 2985.29, 512.0], [0.0, 0.0, 1.0]], "pose": [[0.9829242825508118, 0.14091451466083527, 0.11833399534225464, -0.3234279453754425], [0.15215787291526794, -0.9840615391731262, -0.09203706681728363, 0.25305062532424927], [0.1034785732626915, 0.10847090929746628, -0.9886992573738098, 2.873307466506958], [0.0, 0.0, 0.0, 1.0]]}, "13.png": {"intrinsics": [[2985.29, 0.0, 512.0], [0.0, 2985.29, 512.0], [0.0, 0.0, 1.0]], "pose": [[0.8946767449378967, -0.04709358140826225, 0.4442248046398163, -1.2093230485916138], [-0.08203108608722687, -0.9948373436927795, 0.05974644050002098, -0.15701618790626526], [0.4391177296638489, -0.08989399671554565, -0.8939208984375, 2.610464334487915], [0.0, 0.0, 0.0, 1.0]]}, "14.png": {"intrinsics": [[2985.29, 0.0, 512.0], [0.0, 2985.29, 512.0], [0.0, 0.0, 1.0]], "pose": [[0.9557950496673584, 0.031181007623672485, -0.29237568378448486, 0.7834793925285339], [0.0197158120572567, -0.9989197254180908, -0.04207959026098251, 0.10708311200141907], [-0.29337191581726074, 0.034455038607120514, -0.9553772807121277, 2.7434442043304443], [0.0, 0.0, 0.0, 1.0]]}, "15.png": {"intrinsics": [[2985.29, 0.0, 512.0], [0.0, 2985.29, 512.0], [0.0, 0.0, 1.0]], "pose": [[0.9722782969474792, -0.011549749411642551, -0.2335413098335266, 0.6295430660247803], [-0.04044171795248985, -0.9920334815979004, -0.11930593848228455, 0.31645143032073975], [-0.2303028553724289, 0.12544338405132294, -0.964999794960022, 2.779388666152954], [0.0, 0.0, 0.0, 1.0]]}, "16.png": {"intrinsics": [[2985.29, 0.0, 512.0], [0.0, 2985.29, 512.0], [0.0, 0.0, 1.0]], "pose": [[0.9930697083473206, 0.07709643989801407, 0.0887053981423378, -0.24340897798538208], [0.08515813946723938, -0.992202639579773, -0.09100551158189774, 0.24075700342655182], [0.0809975266456604, 0.09792879968881607, -0.9918918609619141, 2.8685896396636963], [0.0, 0.0, 0.0, 1.0]]}, "17.png": {"intrinsics": [[2985.29, 0.0, 512.0], [0.0, 2985.29, 512.0], [0.0, 0.0, 1.0]], "pose": [[0.9612225890159607, 0.006820404902100563, -0.27568942308425903, 0.7501775026321411], [-0.025774464011192322, -0.9930964112281799, -0.11443427205085754, 0.3043364882469177], [-0.274566650390625, 0.11710254848003387, -0.9544109106063843, 2.776151657104492], [0.0, 0.0, 0.0, 1.0]]}, "18.png": {"intrinsics": [[2985.29, 0.0, 512.0], [0.0, 2985.29, 512.0], [0.0, 0.0, 1.0]], "pose": [[0.9514015316963196, 0.019392188638448715, 0.307341992855072, -0.8217505812644958], [0.06033727526664734, -0.9904100298881531, -0.12428745627403259, 0.32822486758232117], [0.30198436975479126, 0.13679145276546478, -0.9434476494789124, 2.6953518390655518], [0.0, 0.0, 0.0, 1.0]]}, "19.png": {"intrinsics": [[2985.29, 0.0, 512.0], [0.0, 2985.29, 512.0], [0.0, 0.0, 1.0]], "pose": [[0.999634325504303, -0.019595570862293243, -0.018632492050528526, 0.047058455646038055], [-0.020655984058976173, -0.9980716109275818, -0.05853468179702759, 0.15682969987392426], [-0.01744953915476799, 0.05889815464615822, -0.9981114268302917, 2.8994839191436768], [0.0, 0.0, 0.0, 1.0]]}, "2.png": {"intrinsics": [[2985.29, 0.0, 512.0], [0.0, 2985.29, 512.0], [0.0, 0.0, 1.0]], "pose": [[0.9844962954521179, -0.08012807369232178, 0.15603391826152802, -0.43326234817504883], [-0.05555363744497299, -0.9862046837806702, -0.15592974424362183, 0.42568132281303406], [0.16637572646141052, 0.14484399557113647, -0.9753662943840027, 2.8527302742004395], [0.0, 0.0, 0.0, 1.0]]}, "3.png": {"intrinsics": [[2985.29, 0.0, 512.0], [0.0, 2985.29, 512.0], [0.0, 0.0, 1.0]], "pose": [[0.9805195927619934, 0.048564132302999496, 0.19032271206378937, -0.5268540978431702], [0.052947282791137695, -0.998434841632843, -0.01801007054746151, 0.04827268421649933], [0.18915019929409027, 0.027736296877264977, -0.9815564155578613, 2.8673174381256104], [0.0, 0.0, 0.0, 1.0]]}, "4.png": {"intrinsics": [[2985.29, 0.0, 512.0], [0.0, 2985.29, 512.0], [0.0, 0.0, 1.0]], "pose": [[0.9969249367713928, 0.062202900648117065, -0.047659602016210556, 0.12730635702610016], [0.051677506417036057, -0.9790685772895813, -0.19686084985733032, 0.5239351987838745], [-0.05890733003616333, 0.19379256665706635, -0.9792723655700684, 2.7987172603607178], [0.0, 0.0, 0.0, 1.0]]}, "5.png": {"intrinsics": [[2985.29, 0.0, 512.0], [0.0, 2985.29, 512.0], [0.0, 0.0, 1.0]], "pose": [[0.9749965667724609, -0.12251773476600647, 0.18539434671401978, -0.4944324195384979], [-0.08667812496423721, -0.9778755307197571, -0.19038455188274384, 0.512768566608429], [0.20461806654930115, 0.16955465078353882, -0.964044988155365, 2.735048532485962], [0.0, 0.0, 0.0, 1.0]]}, "6.png": {"intrinsics": [[2985.29, 0.0, 512.0], [0.0, 2985.29, 512.0], [0.0, 0.0, 1.0]], "pose": [[0.8840566873550415, 0.047225650399923325, 0.46498754620552063, -1.3056111335754395], [0.0033288560807704926, -0.9954929351806641, 0.09477654099464417, -0.26267701387405396], [0.4673677384853363, -0.08223995566368103, -0.8802294731140137, 2.6395134925842285], [0.0, 0.0, 0.0, 1.0]]}, "7.png": {"intrinsics": [[2985.29, 0.0, 512.0], [0.0, 2985.29, 512.0], [0.0, 0.0, 1.0]], "pose": [[0.891944408416748, 0.07728035748004913, 0.445491760969162, -1.2753013372421265], [0.10138364136219025, -0.9943801164627075, -0.030488820746541023, 0.09042981266975403], [0.4406319856643677, 0.07235991954803467, -0.8947667479515076, 2.7178876399993896], [0.0, 0.0, 0.0, 1.0]]}, "8.png": {"intrinsics": [[2985.29, 0.0, 512.0], [0.0, 2985.29, 512.0], [0.0, 0.0, 1.0]], "pose": [[0.9346812963485718, 0.0023300652392208576, 0.35547906160354614, -0.9849064350128174], [0.04208482429385185, -0.9936714768409729, -0.10414278507232666, 0.28733178973197937], [0.35298675298690796, 0.11230059713125229, -0.9288642406463623, 2.741676092147827], [0.0, 0.0, 0.0, 1.0]]}, "9.png": {"intrinsics": [[2985.29, 0.0, 512.0], [0.0, 2985.29, 512.0], [0.0, 0.0, 1.0]], "pose": [[0.9166714549064636, -0.04126129671931267, 0.39750587940216064, -1.0956840515136719], [-0.03312596306204796, -0.9990779161453247, -0.02731437236070633, 0.07722540944814682], [0.39826637506484985, 0.01187054067850113, -0.9171929955482483, 2.699091672897339], [0.0, 0.0, 0.0, 1.0]]}}