{"0.png": {"intrinsics": [[2985.29, 0.0, 512.0], [0.0, 2985.29, 512.0], [0.0, 0.0, 1.0]], "pose": [[0.9986789226531982, 0.001208783476613462, 0.051370538771152496, -0.13689067959785461], [0.004746889695525169, -0.9976186156272888, -0.0688081905245781, 0.18217234313488007], [0.051165033131837845, 0.06896114349365234, -0.9963064193725586, 2.7207722663879395], [0.0, 0.0, 0.0, 1.0]]}, "1.png": {"intrinsics": [[2985.29, 0.0, 512.0], [0.0, 2985.29, 512.0], [0.0, 0.0, 1.0]], "pose": [[0.9991979002952576, 0.016961488872766495, 0.03627495840191841, -0.09341967850923538], [0.018416255712509155, -0.9990237951278687, -0.04015311226248741, 0.12023589760065079], [0.035558488219976425, 0.040788955986499786, -0.9985348582267761, 2.6761319637298584], [0.0, 0.0, 0.0, 1.0]]}, "10.png": {"intrinsics": [[2985.29, 0.0, 512.0], [0.0, 2985.29, 512.0], [0.0, 0.0, 1.0]], "pose": [[0.9644466042518616, 0.14418268203735352, 0.22148175537586212, -0.5693642497062683], [0.1530136615037918, -0.9879528284072876, -0.023152276873588562, 0.06667078286409378], [0.21547536551952362, 0.056218862533569336, -0.9748896360397339, 2.651153087615967], [0.0, 0.0, 0.0, 1.0]]}, "11.png": {"intrinsics": [[2985.29, 0.0, 512.0], [0.0, 2985.29, 512.0], [0.0, 0.0, 1.0]], "pose": [[0.991944432258606, 0.11128856241703033, 0.060507480055093765, -0.16161465644836426], [0.11463748663663864, -0.991882860660553, -0.05501459911465645, 0.15833443403244019], [0.053893838077783585, 0.061507850885391235, -0.9966505169868469, 2.730756998062134], [0.0, 0.0, 0.0, 1.0]]}, "12.png": {"intrinsics": [[2985.29, 0.0, 512.0], [0.0, 2985.29, 512.0], [0.0, 0.0, 1.0]], "pose": [[0.9542936086654663, -0.012956169433891773, 0.298589825630188, -0.783863365650177], [-0.01863427832722664, -0.9996954798698425, 0.01617719978094101, -0.03480495512485504], [0.29828932881355286, -0.021001804620027542, -0.9542444348335266, 2.6559133529663086], [0.0, 0.0, 0.0, 1.0]]}, "13.png": {"intrinsics": [[2985.29, 0.0, 512.0], [0.0, 2985.29, 512.0], [0.0, 0.0, 1.0]], "pose": [[0.9991391897201538, 0.030260495841503143, -0.028375545516610146, 0.06756394356489182], [0.03250075504183769, -0.996091365814209, 0.0821327343583107, -0.20663613080978394], [-0.025779258459806442, -0.08298426866531372, -0.9962173700332642, 2.6687002182006836], [0.0, 0.0, 0.0, 1.0]]}, "14.png": {"intrinsics": [[2985.29, 0.0, 512.0], [0.0, 2985.29, 512.0], [0.0, 0.0, 1.0]], "pose": [[0.9976606369018555, -0.04376629367470741, -0.052513089030981064, 0.13593800365924835], [-0.04878171160817146, -0.9939530491828918, -0.09837451577186584, 0.26292654871940613], [-0.04789005592465401, 0.1007060632109642, -0.9937629699707031, 2.7713584899902344], [0.0, 0.0, 0.0, 1.0]]}, "15.png": {"intrinsics": [[2985.29, 0.0, 512.0], [0.0, 2985.29, 512.0], [0.0, 0.0, 1.0]], "pose": [[0.9995319247245789, -0.026526080444455147, 0.015242920257151127, -0.039422448724508286], [-0.02579568326473236, -0.9985960125923157, -0.046266213059425354, 0.1215943694114685], [0.01644878089427948, 0.04585135355591774, -0.9988128542900085, 2.801521062850952], [0.0, 0.0, 0.0, 1.0]]}, "16.png": {"intrinsics": [[2985.29, 0.0, 512.0], [0.0, 2985.29, 512.0], [0.0, 0.0, 1.0]], "pose": [[0.997448742389679, -0.03717866167426109, 0.0609407052397728, -0.15894335508346558], [-0.03182065486907959, -0.9957305192947388, -0.08664906024932861, 0.23250922560691833], [0.06390201300382614, 0.08448881655931473, -0.9943732619285583, 2.789044141769409], [0.0, 0.0, 0.0, 1.0]]}, "17.png": {"intrinsics": [[2985.29, 0.0, 512.0], [0.0, 2985.29, 512.0], [0.0, 0.0, 1.0]], "pose": [[0.9986259341239929, -0.04333078861236572, -0.029474295675754547, 0.07579490542411804], [-0.04583309218287468, -0.9948574900627136, -0.09032124280929565, 0.23471496999263763], [-0.0254090316593647, 0.09154802560806274, -0.9954764246940613, 2.7653372287750244], [0.0, 0.0, 0.0, 1.0]]}, "18.png": {"intrinsics": [[2985.29, 0.0, 512.0], [0.0, 2985.29, 512.0], [0.0, 0.0, 1.0]], "pose": [[0.9941664338111877, -0.004695570096373558, -0.10775447636842728, 0.26812925934791565], [-0.014934488572180271, -0.9954212307929993, -0.09441182762384415, 0.2497187852859497], [-0.10681777447462082, 0.09547033160924911, -0.9896844625473022, 2.6301610469818115], [0.0, 0.0, 0.0, 1.0]]}, "19.png": {"intrinsics": [[2985.29, 0.0, 512.0], [0.0, 2985.29, 512.0], [0.0, 0.0, 1.0]], "pose": [[0.9990362524986267, -0.034940849989652634, 0.026564396917819977, -0.07103338837623596], [-0.032109584659338, -0.9944272637367249, -0.10041611641645432, 0.27213725447654724], [0.029924985021352768, 0.09946636855602264, -0.9945908188819885, 2.8087291717529297], [0.0, 0.0, 0.0, 1.0]]}, "2.png": {"intrinsics": [[2985.29, 0.0, 512.0], [0.0, 2985.29, 512.0], [0.0, 0.0, 1.0]], "pose": [[0.9443151950836182, -0.28804320096969604, -0.15905950963497162, 0.41215094923973083], [-0.3079351484775543, -0.9439712762832642, -0.11871860921382904, 0.326280802488327], [-0.1159515231847763, 0.16108781099319458, -0.9801050424575806, 2.698465347290039], [0.0, 0.0, 0.0, 1.0]]}, "3.png": {"intrinsics": [[2985.29, 0.0, 512.0], [0.0, 2985.29, 512.0], [0.0, 0.0, 1.0]], "pose": [[0.9884597063064575, -0.04484094679355621, -0.14469482004642487, 0.3861919045448303], [-0.0585515983402729, -0.9940423369407654, -0.09193208813667297, 0.241013303399086], [-0.1397104561328888, 0.09934328496456146, -0.9851963520050049, 2.7674825191497803], [0.0, 0.0, 0.0, 1.0]]}, "4.png": {"intrinsics": [[2985.29, 0.0, 512.0], [0.0, 2985.29, 512.0], [0.0, 0.0, 1.0]], "pose": [[0.9996089935302734, 0.024655118584632874, -0.013186021707952023, 0.03010614775121212], [0.024410884827375412, -0.9995331764221191, -0.01837306283414364, 0.04886557534337044], [-0.01363285630941391, 0.01804399862885475, -0.9997442364692688, 2.705116033554077], [0.0, 0.0, 0.0, 1.0]]}, "5.png": {"intrinsics": [[2985.29, 0.0, 512.0], [0.0, 2985.29, 512.0], [0.0, 0.0, 1.0]], "pose": [[0.9222443699836731, -0.016825398430228233, -0.3862413167953491, 0.9923190474510193], [-0.04536885768175125, -0.9968596696853638, -0.06490401178598404, 0.1599932760000229], [-0.38393634557724, 0.07738067954778671, -0.9201114773750305, 2.5379345417022705], [0.0, 0.0, 0.0, 1.0]]}, "6.png": {"intrinsics": [[2985.29, 0.0, 512.0], [0.0, 2985.29, 512.0], [0.0, 0.0, 1.0]], "pose": [[0.9995209574699402, -0.028803149238228798, 0.011321676895022392, -0.026753628626465797], [-0.027846544981002808, -0.9966338276863098, -0.07710756361484528, 0.21625779569149017], [0.013504507020115852, 0.0767553523182869, -0.9969584941864014, 2.734233856201172], [0.0, 0.0, 0.0, 1.0]]}, "7.png": {"intrinsics": [[2985.29, 0.0, 512.0], [0.0, 2985.29, 512.0], [0.0, 0.0, 1.0]], "pose": [[0.9980149269104004, -0.058335594832897186, -0.023731712251901627, 0.064082071185112], [-0.05922149494290352, -0.9975014925003052, -0.03851780295372009, 0.11038820445537567], [-0.021425459533929825, 0.03984677046537399, -0.9989761114120483, 2.757862091064453], [0.0, 0.0, 0.0, 1.0]]}, "8.png": {"intrinsics": [[2985.29, 0.0, 512.0], [0.0, 2985.29, 512.0], [0.0, 0.0, 1.0]], "pose": [[0.9946739077568054, -0.042563170194625854, -0.09387359023094177, 0.23740985989570618], [-0.053408119827508926, -0.9917864203453064, -0.11622107028961182, 0.3067103624343872], [-0.08815581351518631, 0.12061566859483719, -0.9887772798538208, 2.698901891708374], [0.0, 0.0, 0.0, 1.0]]}, "9.png": {"intrinsics": [[2985.29, 0.0, 512.0], [0.0, 2985.29, 512.0], [0.0, 0.0, 1.0]], "pose": [[0.9870281219482422, -0.09532616287469864, -0.12918339669704437, 0.3228883743286133], [-0.10893615335226059, -0.9887256026268005, -0.10273477435112, 0.2570086717605591], [-0.11793363094329834, 0.11547485738992691, -0.9862845540046692, 2.6373965740203857], [0.0, 0.0, 0.0, 1.0]]}}