{"0.png": {"intrinsics": [[2985.29, 0.0, 512.0], [0.0, 2985.29, 512.0], [0.0, 0.0, 1.0]], "pose": [[0.9904580116271973, -0.04915883019566536, 0.12874925136566162, -0.32543307542800903], [-0.037983499467372894, -0.995408296585083, -0.0878610759973526, 0.2385331690311432], [0.13247722387313843, 0.08213236182928085, -0.9877772927284241, 2.6272518634796143], [0.0, 0.0, 0.0, 1.0]]}, "1.png": {"intrinsics": [[2985.29, 0.0, 512.0], [0.0, 2985.29, 512.0], [0.0, 0.0, 1.0]], "pose": [[0.9875909090042114, 0.13905608654022217, -0.07299067825078964, 0.18939675390720367], [0.13348428905010223, -0.9881043434143066, -0.07636650651693344, 0.20411187410354614], [-0.0827416405081749, 0.0656757578253746, -0.9944046139717102, 2.759624719619751], [0.0, 0.0, 0.0, 1.0]]}, "10.png": {"intrinsics": [[2985.29, 0.0, 512.0], [0.0, 2985.29, 512.0], [0.0, 0.0, 1.0]], "pose": [[0.9847792387008667, -0.16046498715877533, -0.06678943336009979, 0.16980287432670593], [-0.1632159948348999, -0.9858595132827759, -0.037967003881931305, 0.11141379922628403], [-0.05975262448191643, 0.04829022288322449, -0.9970444440841675, 2.714472532272339], [0.0, 0.0, 0.0, 1.0]]}, "11.png": {"intrinsics": [[2985.29, 0.0, 512.0], [0.0, 2985.29, 512.0], [0.0, 0.0, 1.0]], "pose": [[0.9882325530052185, -0.13018150627613068, -0.08030626177787781, 0.21010710299015045], [-0.13686440885066986, -0.9870019555091858, -0.0842333734035492, 0.23959563672542572], [-0.06829681247472763, 0.09423323720693588, -0.9932047128677368, 2.741957664489746], [0.0, 0.0, 0.0, 1.0]]}, "12.png": {"intrinsics": [[2985.29, 0.0, 512.0], [0.0, 2985.29, 512.0], [0.0, 0.0, 1.0]], "pose": [[0.9900555610656738, -0.12765751779079437, -0.05910605564713478, 0.1550862044095993], [-0.13139024376869202, -0.9892447590827942, -0.06427635252475739, 0.17818683385849], [-0.05026499554514885, 0.0714031234383583, -0.9961801767349243, 2.792283535003662], [0.0, 0.0, 0.0, 1.0]]}, "13.png": {"intrinsics": [[2985.29, 0.0, 512.0], [0.0, 2985.29, 512.0], [0.0, 0.0, 1.0]], "pose": [[0.9934163689613342, 0.11441860347986221, -0.005679598078131676, 0.014333331026136875], [0.11441309005022049, -0.9934324026107788, -0.001287325518205762, 0.005748189054429531], [-0.005789590999484062, 0.0006290299352258444, -0.999983012676239, 2.7539918422698975], [0.0, 0.0, 0.0, 1.0]]}, "14.png": {"intrinsics": [[2985.29, 0.0, 512.0], [0.0, 2985.29, 512.0], [0.0, 0.0, 1.0]], "pose": [[0.9849157929420471, -0.16570010781288147, -0.04984239116311073, 0.12865428626537323], [-0.16322045028209686, -0.9853066205978394, 0.05029880255460739, -0.12697254121303558], [-0.057444557547569275, -0.04140479117631912, -0.9974896907806396, 2.730776786804199], [0.0, 0.0, 0.0, 1.0]]}, "15.png": {"intrinsics": [[2985.29, 0.0, 512.0], [0.0, 2985.29, 512.0], [0.0, 0.0, 1.0]], "pose": [[0.9961633682250977, 0.04758473485708237, -0.07344558835029602, 0.19404257833957672], [0.03987681120634079, -0.99387526512146, -0.10306233167648315, 0.2921684682369232], [-0.07789995521306992, 0.09973815083503723, -0.9919596314430237, 2.7644596099853516], [0.0, 0.0, 0.0, 1.0]]}, "16.png": {"intrinsics": [[2985.29, 0.0, 512.0], [0.0, 2985.29, 512.0], [0.0, 0.0, 1.0]], "pose": [[0.9912363290786743, -0.09964742511510849, -0.08672293275594711, 0.22459416091442108], [-0.1050630509853363, -0.9926361441612244, -0.06029171124100685, 0.16463476419448853], [-0.08007640391588211, 0.06887470930814743, -0.9944063425064087, 2.7498509883880615], [0.0, 0.0, 0.0, 1.0]]}, "17.png": {"intrinsics": [[2985.29, 0.0, 512.0], [0.0, 2985.29, 512.0], [0.0, 0.0, 1.0]], "pose": [[0.9997166991233826, 0.016446800902485847, 0.017203964293003082, -0.04230140149593353], [0.017000557854771614, -0.9993253946304321, -0.03255278617143631, 0.10145058482885361], [0.016656968742609024, 0.03283604234457016, -0.9993219375610352, 2.7572078704833984], [0.0, 0.0, 0.0, 1.0]]}, "18.png": {"intrinsics": [[2985.29, 0.0, 512.0], [0.0, 2985.29, 512.0], [0.0, 0.0, 1.0]], "pose": [[0.9902117848396301, -0.12899787724018097, -0.05329327657818794, 0.14107610285282135], [-0.1324465274810791, -0.9889070987701416, -0.06723520904779434, 0.18435373902320862], [-0.04402890056371689, 0.07363560050725937, -0.9963127970695496, 2.7927939891815186], [0.0, 0.0, 0.0, 1.0]]}, "19.png": {"intrinsics": [[2985.29, 0.0, 512.0], [0.0, 2985.29, 512.0], [0.0, 0.0, 1.0]], "pose": [[0.9955885410308838, 0.02869902364909649, -0.08933016657829285, 0.23687291145324707], [0.019098103046417236, -0.9941257834434509, -0.1065327450633049, 0.3006948232650757], [-0.09186280518770218, 0.10435673594474792, -0.9902883172035217, 2.766563892364502], [0.0, 0.0, 0.0, 1.0]]}, "2.png": {"intrinsics": [[2985.29, 0.0, 512.0], [0.0, 2985.29, 512.0], [0.0, 0.0, 1.0]], "pose": [[0.9813867807388306, -0.17951807379722595, -0.06821464747190475, 0.17754969000816345], [-0.18018965423107147, -0.9836246371269226, -0.0037723807618021965, 0.021238461136817932], [-0.06642039865255356, 0.015993738546967506, -0.9976634979248047, 2.7574985027313232], [0.0, 0.0, 0.0, 1.0]]}, "3.png": {"intrinsics": [[2985.29, 0.0, 512.0], [0.0, 2985.29, 512.0], [0.0, 0.0, 1.0]], "pose": [[0.9887473583221436, -0.13804244995117188, -0.057644572108983994, 0.15049634873867035], [-0.14225295186042786, -0.9868489503860474, -0.07676663994789124, 0.209250807762146], [-0.04628942906856537, 0.08410292863845825, -0.9953812956809998, 2.7633488178253174], [0.0, 0.0, 0.0, 1.0]]}, "4.png": {"intrinsics": [[2985.29, 0.0, 512.0], [0.0, 2985.29, 512.0], [0.0, 0.0, 1.0]], "pose": [[0.9868717789649963, -0.14374394714832306, -0.07363265752792358, 0.19287891685962677], [-0.14951525628566742, -0.9855182766914368, -0.07999299466609955, 0.2267807424068451], [-0.06106783077120781, 0.0899520292878151, -0.9940721392631531, 2.738260507583618], [0.0, 0.0, 0.0, 1.0]]}, "5.png": {"intrinsics": [[2985.29, 0.0, 512.0], [0.0, 2985.29, 512.0], [0.0, 0.0, 1.0]], "pose": [[0.9925191402435303, 0.12168125063180923, 0.009972434490919113, -0.027149459347128868], [0.12178002297878265, -0.9925069808959961, -0.009979193098843098, 0.033270061016082764], [0.008683430030941963, 0.01111898384988308, -0.9999005198478699, 2.7285337448120117], [0.0, 0.0, 0.0, 1.0]]}, "6.png": {"intrinsics": [[2985.29, 0.0, 512.0], [0.0, 2985.29, 512.0], [0.0, 0.0, 1.0]], "pose": [[0.9838711023330688, -0.15967628359794617, -0.08062954992055893, 0.20939868688583374], [-0.16392384469509125, -0.9852503538131714, -0.04909886047244072, 0.1432722955942154], [-0.07160037010908127, 0.061524055898189545, -0.9955341219902039, 2.7526910305023193], [0.0, 0.0, 0.0, 1.0]]}, "7.png": {"intrinsics": [[2985.29, 0.0, 512.0], [0.0, 2985.29, 512.0], [0.0, 0.0, 1.0]], "pose": [[0.9980781674385071, 0.051739223301410675, 0.03410300984978676, -0.09552877396345139], [0.05198100581765175, -0.998628556728363, -0.00624111108481884, 0.027075473219156265], [0.03373333439230919, 0.008001825772225857, -0.9993988275527954, 2.8835747241973877], [0.0, 0.0, 0.0, 1.0]]}, "8.png": {"intrinsics": [[2985.29, 0.0, 512.0], [0.0, 2985.29, 512.0], [0.0, 0.0, 1.0]], "pose": [[0.9814050793647766, -0.17793060839176178, -0.07200590521097183, 0.19113627076148987], [-0.17760226130485535, -0.9840409755706787, 0.010988797061145306, -0.01696077361702919], [-0.07281200587749481, 0.0020039500668644905, -0.9973437190055847, 2.7784252166748047], [0.0, 0.0, 0.0, 1.0]]}, "9.png": {"intrinsics": [[2985.29, 0.0, 512.0], [0.0, 2985.29, 512.0], [0.0, 0.0, 1.0]], "pose": [[0.9790921211242676, -0.11361061781644821, -0.1687341034412384, 0.44232892990112305], [-0.134108766913414, -0.9842133522033691, -0.11549381166696548, 0.3084987699985504], [-0.15294905006885529, 0.1357077956199646, -0.9788718223571777, 2.7279279232025146], [0.0, 0.0, 0.0, 1.0]]}}