{"0.png": {"intrinsics": [[2985.29, 0.0, 512.0], [0.0, 2985.29, 512.0], [0.0, 0.0, 1.0]], "pose": [[0.9575864672660828, -0.01581937074661255, -0.2877114415168762, 0.782401978969574], [-0.060317207127809525, -0.9873754382133484, -0.14646370708942413, 0.41187426447868347], [-0.2817622423171997, 0.1576056182384491, -0.9464515447616577, 2.766860246658325], [0.0, 0.0, 0.0, 1.0]]}, "1.png": {"intrinsics": [[2985.29, 0.0, 512.0], [0.0, 2985.29, 512.0], [0.0, 0.0, 1.0]], "pose": [[0.9026746153831482, -0.2163766324520111, -0.37196725606918335, 1.0428894758224487], [-0.25279125571250916, -0.9661521911621094, -0.05144403129816055, 0.1430429071187973], [-0.3482457101345062, 0.14046728610992432, -0.9268192052841187, 2.7664387226104736], [0.0, 0.0, 0.0, 1.0]]}, "10.png": {"intrinsics": [[2985.29, 0.0, 512.0], [0.0, 2985.29, 512.0], [0.0, 0.0, 1.0]], "pose": [[0.9965788722038269, 0.04250490292906761, -0.070878766477108, 0.19306997954845428], [0.027024073526263237, -0.9780605435371399, -0.206560418009758, 0.5800490975379944], [-0.07810355722904205, 0.2039383202791214, -0.9758632183074951, 2.8272957801818848], [0.0, 0.0, 0.0, 1.0]]}, "11.png": {"intrinsics": [[2985.29, 0.0, 512.0], [0.0, 2985.29, 512.0], [0.0, 0.0, 1.0]], "pose": [[0.946731686592102, -0.29995524883270264, -0.11715812981128693, 0.3315517008304596], [-0.3065650165081024, -0.9508883357048035, -0.042770110070705414, 0.1257300227880478], [-0.0985751822590828, 0.07640840113162994, -0.9921918511390686, 2.9518380165100098], [0.0, 0.0, 0.0, 1.0]]}, "12.png": {"intrinsics": [[2985.29, 0.0, 512.0], [0.0, 2985.29, 512.0], [0.0, 0.0, 1.0]], "pose": [[0.8851445317268372, -0.2980060577392578, -0.3573675751686096, 1.001483678817749], [-0.3261759281158447, -0.9451022744178772, -0.019774144515395164, 0.06756063550710678], [-0.3318560719490051, 0.13406766951084137, -0.9337544441223145, 2.788071393966675], [0.0, 0.0, 0.0, 1.0]]}, "13.png": {"intrinsics": [[2985.29, 0.0, 512.0], [0.0, 2985.29, 512.0], [0.0, 0.0, 1.0]], "pose": [[0.9725208282470703, -0.006851618643850088, -0.2327151596546173, 0.6568455696105957], [-0.05524451658129692, -0.9778099060058594, -0.20207905769348145, 0.5758964419364929], [-0.22616662085056305, 0.2093823254108429, -0.9513189792633057, 2.863408088684082], [0.0, 0.0, 0.0, 1.0]]}, "14.png": {"intrinsics": [[2985.29, 0.0, 512.0], [0.0, 2985.29, 512.0], [0.0, 0.0, 1.0]], "pose": [[0.9596638083457947, -0.08422385901212692, -0.2682379484176636, 0.7427849173545837], [-0.11826957762241364, -0.9864871501922607, -0.11338172852993011, 0.32480135560035706], [-0.25506383180618286, 0.1405327320098877, -0.9566571712493896, 2.847444534301758], [0.0, 0.0, 0.0, 1.0]]}, "15.png": {"intrinsics": [[2985.29, 0.0, 512.0], [0.0, 2985.29, 512.0], [0.0, 0.0, 1.0]], "pose": [[0.9421637654304504, 0.011453540064394474, -0.3349570631980896, 0.9140554070472717], [-0.050584740936756134, -0.9831073880195618, -0.1759006828069687, 0.4867740273475647], [-0.33131343126296997, 0.1826709657907486, -0.9256687760353088, 2.6983492374420166], [0.0, 0.0, 0.0, 1.0]]}, "16.png": {"intrinsics": [[2985.29, 0.0, 512.0], [0.0, 2985.29, 512.0], [0.0, 0.0, 1.0]], "pose": [[0.9037255048751831, -0.22910402715206146, -0.36165109276771545, 0.9864926934242249], [-0.24981820583343506, -0.9682314395904541, -0.01089826226234436, 0.03949331119656563], [-0.3476651608943939, 0.10019606351852417, -0.9322498440742493, 2.714293956756592], [0.0, 0.0, 0.0, 1.0]]}, "17.png": {"intrinsics": [[2985.29, 0.0, 512.0], [0.0, 2985.29, 512.0], [0.0, 0.0, 1.0]], "pose": [[0.8695614337921143, -0.14446723461151123, -0.47222036123275757, 1.2868976593017578], [-0.19175976514816284, -0.9799934029579163, -0.053301285952329636, 0.15142814815044403], [-0.4550725519657135, 0.1369016170501709, -0.8798675537109375, 2.5888702869415283], [0.0, 0.0, 0.0, 1.0]]}, "18.png": {"intrinsics": [[2985.29, 0.0, 512.0], [0.0, 2985.29, 512.0], [0.0, 0.0, 1.0]], "pose": [[0.9186190366744995, -0.21825028955936432, -0.32940229773521423, 0.9473415017127991], [-0.272772878408432, -0.953389048576355, -0.12901221215724945, 0.3711395859718323], [-0.2858916223049164, 0.2083650827407837, -0.9353341460227966, 2.8619577884674072], [0.0, 0.0, 0.0, 1.0]]}, "19.png": {"intrinsics": [[2985.29, 0.0, 512.0], [0.0, 2985.29, 512.0], [0.0, 0.0, 1.0]], "pose": [[0.7706412672996521, -0.22249950468540192, -0.5971648693084717, 1.6127852201461792], [-0.24345862865447998, -0.9687826037406921, 0.046778321266174316, -0.12055572867393494], [-0.5889310836791992, 0.10933563113212585, -0.8007532954216003, 2.3489155769348145], [0.0, 0.0, 0.0, 1.0]]}, "2.png": {"intrinsics": [[2985.29, 0.0, 512.0], [0.0, 2985.29, 512.0], [0.0, 0.0, 1.0]], "pose": [[0.9869029521942139, 0.02635330893099308, -0.15914805233478546, 0.4310770034790039], [-0.008070075884461403, -0.9772647619247437, -0.211869016289711, 0.5908757448196411], [-0.16111323237419128, 0.2103784829378128, -0.964252769947052, 2.8112881183624268], [0.0, 0.0, 0.0, 1.0]]}, "3.png": {"intrinsics": [[2985.29, 0.0, 512.0], [0.0, 2985.29, 512.0], [0.0, 0.0, 1.0]], "pose": [[0.8880783915519714, -0.2470957487821579, -0.38763436675071716, 1.1120245456695557], [-0.30545610189437866, -0.9473632574081421, -0.09591390937566757, 0.27729830145835876], [-0.34353065490722656, 0.20358435809612274, -0.9168097376823425, 2.7999305725097656], [0.0, 0.0, 0.0, 1.0]]}, "4.png": {"intrinsics": [[2985.29, 0.0, 512.0], [0.0, 2985.29, 512.0], [0.0, 0.0, 1.0]], "pose": [[0.8986229300498962, -0.10396284610033035, -0.42622581124305725, 1.1713461875915527], [-0.1691940873861313, -0.9784875512123108, -0.11804855614900589, 0.33938461542129517], [-0.4047839641571045, 0.1781960427761078, -0.8968812823295593, 2.6415250301361084], [0.0, 0.0, 0.0, 1.0]]}, "5.png": {"intrinsics": [[2985.29, 0.0, 512.0], [0.0, 2985.29, 512.0], [0.0, 0.0, 1.0]], "pose": [[0.8736830949783325, -0.17710208892822266, -0.4531143605709076, 1.3287253379821777], [-0.21611762046813965, -0.975727379322052, -0.03534415364265442, 0.10550570487976074], [-0.43585655093193054, 0.12880557775497437, -0.8907514214515686, 2.788874864578247], [0.0, 0.0, 0.0, 1.0]]}, "6.png": {"intrinsics": [[2985.29, 0.0, 512.0], [0.0, 2985.29, 512.0], [0.0, 0.0, 1.0]], "pose": [[0.8262929320335388, -0.21265573799610138, -0.5215529799461365, 1.4512056112289429], [-0.24617545306682587, -0.9692115187644958, 0.005167910363525152, -0.002980983816087246], [-0.5065940618515015, 0.12412333488464355, -0.8532032370567322, 2.5580689907073975], [0.0, 0.0, 0.0, 1.0]]}, "7.png": {"intrinsics": [[2985.29, 0.0, 512.0], [0.0, 2985.29, 512.0], [0.0, 0.0, 1.0]], "pose": [[0.9470087289810181, -0.07152041792869568, -0.31314411759376526, 0.8610759377479553], [-0.11148792505264282, -0.9874765276908875, -0.11162690073251724, 0.3168703615665436], [-0.3012388348579407, 0.14062343537807465, -0.9431225657463074, 2.7853424549102783], [0.0, 0.0, 0.0, 1.0]]}, "8.png": {"intrinsics": [[2985.29, 0.0, 512.0], [0.0, 2985.29, 512.0], [0.0, 0.0, 1.0]], "pose": [[0.8637679815292358, -0.21977989375591278, -0.4534332752227783, 1.2426618337631226], [-0.24052688479423523, -0.9705652594566345, 0.012242831289768219, -0.028668111190199852], [-0.4427773058414459, 0.09848792850971222, -0.8912061452865601, 2.621277093887329], [0.0, 0.0, 0.0, 1.0]]}, "9.png": {"intrinsics": [[2985.29, 0.0, 512.0], [0.0, 2985.29, 512.0], [0.0, 0.0, 1.0]], "pose": [[0.8716601133346558, -0.18224233388900757, -0.45496848225593567, 1.3015258312225342], [-0.2128087878227234, -0.9769564867019653, -0.016383793205022812, 0.05411333590745926], [-0.4414985775947571, 0.1111024022102356, -0.8903567790985107, 2.7271318435668945], [0.0, 0.0, 0.0, 1.0]]}}