{"0_18": 41.72717204846834, "0_5": 43.34210797360069, "0_11": 45.80126200224224, "0_4": 43.16845863743832, "0_16": 44.513879675614206, "0_14": 41.99847803617779, "0_15": 46.29783168591951, "0_12": 49.24303616975483, "0_0": 43.557477047568874, "0_8": 49.81027653342799, "0_19": 43.556652671412415, "0_10": 45.541701768573965, "0_7": 44.96645154451069, "0_3": 53.019628825940586, "0_1": 48.87614199989721, "0_2": 44.55860981188322, "0_9": 47.70971669648823, "0_17": 43.85748391402395, "0_6": 49.230561105828535, "0_13": 46.981673792788854, "1_12": 39.778784902472246, "1_8": 36.41272474590101, "1_14": 50.181983746980364, "1_15": 37.099437512849505, "1_5": 42.915338817395664, "1_13": 32.8740311672813, "1_16": 49.618267460873255, "1_7": 33.15287931341874, "1_3": 44.57148321051346, "1_0": 43.38558598568565, "1_11": 36.303055010343854, "1_18": 33.51489077116314, "1_19": 39.44323901126259, "1_2": 37.38314949838739, "1_10": 42.29498562059904, "1_17": 37.816743649934466, "1_4": 35.07736426905582, "1_9": 38.68165457876105, "1_6": 36.91346138402035, "1_1": 38.35477537857859, "2_11": 27.704952265086927, "2_18": 27.571953196274606, "2_9": 34.63078970658152, "2_17": 34.84035391556589, "2_15": 38.81028069947895, "2_7": 42.01411448026958, "2_6": 26.527466246956273, "2_16": 29.790997806348297, "2_1": 36.719294799001595, "2_2": 28.14227826971757, "2_13": 36.64111644343326, "2_10": 26.3503871967918, "2_0": 40.72552801433363, "2_5": 36.94393524370695, "2_19": 40.40909079501503, "2_14": 29.9557590986553, "2_3": 27.745248393008584, "2_8": 28.291422944319876, "2_4": 27.181139720113652, "2_12": 27.158454618955915, "3_14": 36.00106108816046, "3_9": 35.33937484339664, "3_5": 34.875162877534564, "3_1": 47.42022885774311, "3_15": 40.06132888793945, "3_8": 38.7702761198345, "3_3": 47.50841622603567, "3_19": 40.820817043906764, "3_6": 44.15961305718673, "3_18": 35.573129754317435, "3_13": 36.74348238894814, "3_10": 35.288280838414245, "3_4": 34.6549216822574, "3_16": 50.019892943532845, "3_7": 49.73437439767938, "3_17": 36.08249021831312, "3_2": 38.6380009902151, "3_0": 49.75891384325529, "3_11": 36.36685381437603, "3_12": 35.117747156243574, "4_10": 28.881229601408307, "4_13": 36.26165791561729, "4_11": 37.663398240741934, "4_18": 32.767269335295026, "4_9": 30.71672148453562, "4_4": 33.412684089259095, "4_5": 35.74926416497482, "4_2": 33.81823479501825, "4_3": 34.63996847052323, "4_15": 32.34221568860506, "4_19": 36.60300214667069, "4_12": 34.08312255457828, "4_6": 36.81055319936652, "4_17": 33.032920937789115, "4_7": 38.18739991439016, "4_16": 31.00293089214124, "4_8": 35.253895006681745, "4_0": 32.29092005679482, "4_1": 32.92227132696854, "4_14": 41.033098220825195, "5_14": 42.308914586117396, "5_1": 44.99368767989309, "5_7": 41.460188715081465, "5_16": 41.92758580258018, "5_5": 43.755648261622376, "5_6": 40.78202247619629, "5_17": 57.62765934592799, "5_10": 54.8715773130718, "5_0": 41.74509540357088, "5_3": 53.12575310154965, "5_8": 43.614151201750104, "5_11": 44.24833849856728, "5_9": 47.414547769646894, "5_12": 46.35021229794151, "5_15": 39.65617370605469, "5_4": 41.867040031834655, "5_18": 42.754545512952305, "5_2": 41.44157329358553, "5_19": 44.289671446147715, "5_13": 39.935359352513366, "6_0": 36.736677872507194, "6_17": 37.97896375154194, "6_10": 36.316863913285104, "6_2": 40.16857327912983, "6_13": 37.05232078150699, "6_8": 34.29981472617701, "6_3": 49.92253634804174, "6_16": 40.82434945357473, "6_19": 39.255231957686576, "6_14": 47.512527867367396, "6_4": 41.14678694072523, "6_5": 39.48468037655479, "6_9": 37.87660960147255, "6_12": 42.61446601466129, "6_7": 41.098012823807565, "6_6": 40.194975300839076, "6_15": 41.77459536100689, "6_18": 36.0755480716103, "6_1": 39.09330076920359, "6_11": 37.11798948990671, "7_17": 54.62931412144711, "7_0": 54.582523245560495, "7_9": 46.399953741776315, "7_11": 49.19316321925113, "7_8": 55.58242466575221, "7_4": 55.22770600569876, "7_6": 53.48986264279014, "7_3": 53.2205628846821, "7_16": 48.532455946269785, "7_19": 46.857249912462734, "7_15": 48.965394271047494, "7_12": 55.16738911678917, "7_7": 50.492585031609785, "7_1": 61.45412997195595, "7_18": 50.06412857457211, "7_14": 47.73094277632864, "7_10": 52.12923853020919, "7_2": 58.86016012492933, "7_5": 59.793527603149414, "7_13": 56.2691072162829, "8_7": 26.9493273684853, "8_6": 29.662825734991777, "8_15": 26.82359474583676, "8_12": 36.72636092336554, "8_13": 30.886801468698604, "8_11": 35.548919778121146, "8_17": 30.286579031693307, "8_8": 28.26972800806949, "8_19": 29.636778379741468, "8_18": 30.52209964551424, "8_0": 30.43700418974224, "8_3": 30.961563110351562, "8_4": 28.545205869172747, "8_1": 31.39549415989926, "8_10": 41.18472581160696, "8_14": 28.36861148633455, "8_5": 43.144051802785775, "8_2": 45.42996757908871, "8_16": 28.646107021131012, "8_9": 30.314293309261924, "9_1": 28.491992649279144, "9_18": 29.638005206459447, "9_6": 33.778181076049805, "9_14": 31.514957528365287, "9_0": 28.27538369831286, "9_10": 31.940214759425114, "9_17": 31.845861936870374, "9_3": 28.633928901270817, "9_19": 29.373331371106598, "9_13": 28.751012902510794, "9_8": 28.387940055445622, "9_9": 32.90236703973068, "9_11": 29.24260721708599, "9_12": 27.658756155716745, "9_4": 29.186955100611637, "9_7": 30.336486615632708, "9_2": 28.695934596814606, "9_15": 32.515724081742135, "9_5": 27.96720976578562, "9_16": 31.046299984580592}