{"0.png": {"intrinsics": [[2985.29, 0.0, 512.0], [0.0, 2985.29, 512.0], [0.0, 0.0, 1.0]], "pose": [[0.9745528697967529, 0.003981048706918955, -0.22412244975566864, 0.5727315545082092], [-0.009454691782593727, -0.9982224106788635, -0.05884314700961113, 0.1565629094839096], [-0.2239583134651184, 0.05946476757526398, -0.9727829098701477, 2.6665101051330566], [0.0, 0.0, 0.0, 1.0]]}, "1.png": {"intrinsics": [[2985.29, 0.0, 512.0], [0.0, 2985.29, 512.0], [0.0, 0.0, 1.0]], "pose": [[0.9786736369132996, 0.020770832896232605, -0.20436854660511017, 0.5194826126098633], [0.005454858765006065, -0.9971518516540527, -0.0752226784825325, 0.19477324187755585], [-0.2053489089012146, 0.07250364869832993, -0.9759994745254517, 2.6558611392974854], [0.0, 0.0, 0.0, 1.0]]}, "10.png": {"intrinsics": [[2985.29, 0.0, 512.0], [0.0, 2985.29, 512.0], [0.0, 0.0, 1.0]], "pose": [[0.992361307144165, -0.10294461250305176, -0.06798088550567627, 0.18140102922916412], [-0.08918429911136627, -0.979389488697052, 0.1812247335910797, -0.4496070146560669], [-0.08523587137460709, -0.17377758026123047, -0.9810892939567566, 2.6759440898895264], [0.0, 0.0, 0.0, 1.0]]}, "11.png": {"intrinsics": [[2985.29, 0.0, 512.0], [0.0, 2985.29, 512.0], [0.0, 0.0, 1.0]], "pose": [[0.9997017979621887, 0.005518758669495583, -0.02378670684993267, 0.062053706496953964], [0.004055111203342676, -0.9981204867362976, -0.061146922409534454, 0.1586524099111557], [-0.024079453200101852, 0.06103223189711571, -0.9978452920913696, 2.749704599380493], [0.0, 0.0, 0.0, 1.0]]}, "12.png": {"intrinsics": [[2985.29, 0.0, 512.0], [0.0, 2985.29, 512.0], [0.0, 0.0, 1.0]], "pose": [[0.916047215461731, 0.26675495505332947, -0.29949843883514404, 0.754042387008667], [0.2346271574497223, -0.9620602130889893, -0.13924871385097504, 0.36015164852142334], [-0.3252808153629303, 0.05728790909051895, -0.9438804984092712, 2.520578622817993], [0.0, 0.0, 0.0, 1.0]]}, "13.png": {"intrinsics": [[2985.29, 0.0, 512.0], [0.0, 2985.29, 512.0], [0.0, 0.0, 1.0]], "pose": [[0.9948613047599792, -0.0028225239366292953, -0.10120786726474762, 0.2506943345069885], [-0.014593493193387985, -0.9931706190109253, -0.1157543733716011, 0.2922670543193817], [-0.10018996894359589, 0.11663652956485748, -0.988108217716217, 2.6414833068847656], [0.0, 0.0, 0.0, 1.0]]}, "14.png": {"intrinsics": [[2985.29, 0.0, 512.0], [0.0, 2985.29, 512.0], [0.0, 0.0, 1.0]], "pose": [[0.9914442896842957, -0.019679846242070198, -0.12903885543346405, 0.3244043290615082], [-0.026583999395370483, -0.9982931017875671, -0.05200215056538582, 0.13278856873512268], [-0.12779520452022552, 0.054987601935863495, -0.9902750849723816, 2.699831247329712], [0.0, 0.0, 0.0, 1.0]]}, "15.png": {"intrinsics": [[2985.29, 0.0, 512.0], [0.0, 2985.29, 512.0], [0.0, 0.0, 1.0]], "pose": [[0.9970294237136841, 0.036197222769260406, 0.0679863914847374, -0.1723313331604004], [0.035623788833618164, -0.9993188977241516, 0.009628484956920147, -0.017939064651727676], [0.06828860938549042, -0.007177948951721191, -0.9976398348808289, 2.7379050254821777], [0.0, 0.0, 0.0, 1.0]]}, "16.png": {"intrinsics": [[2985.29, 0.0, 512.0], [0.0, 2985.29, 512.0], [0.0, 0.0, 1.0]], "pose": [[0.9710409641265869, -0.08219123631715775, -0.22433023154735565, 0.5723845958709717], [-0.10552024096250534, -0.9899595379829407, -0.09405097365379333, 0.25232377648353577], [-0.2143476903438568, 0.1149987205862999, -0.9699640870094299, 2.6225264072418213], [0.0, 0.0, 0.0, 1.0]]}, "17.png": {"intrinsics": [[2985.29, 0.0, 512.0], [0.0, 2985.29, 512.0], [0.0, 0.0, 1.0]], "pose": [[0.9977529048919678, 0.008837978355586529, -0.066414974629879, 0.16972695291042328], [0.0022948887199163437, -0.9951881170272827, -0.0979556143283844, 0.2566952705383301], [-0.06696111708879471, 0.0975830927491188, -0.9929721355438232, 2.7653121948242188], [0.0, 0.0, 0.0, 1.0]]}, "18.png": {"intrinsics": [[2985.29, 0.0, 512.0], [0.0, 2985.29, 512.0], [0.0, 0.0, 1.0]], "pose": [[0.9943417906761169, -0.011950818821787834, -0.10555345565080643, 0.268311083316803], [-0.022501002997159958, -0.9947996735572815, -0.09933371841907501, 0.25632423162460327], [-0.1038174256682396, 0.10114672780036926, -0.989439845085144, 2.7046444416046143], [0.0, 0.0, 0.0, 1.0]]}, "19.png": {"intrinsics": [[2985.29, 0.0, 512.0], [0.0, 2985.29, 512.0], [0.0, 0.0, 1.0]], "pose": [[0.9748980402946472, -0.0297305379062891, -0.22065800428390503, 0.5668107867240906], [-0.03754661977291107, -0.9988041520118713, -0.03131154179573059, 0.08792004734277725], [-0.21946322917938232, 0.038810521364212036, -0.9748485088348389, 2.67764949798584], [0.0, 0.0, 0.0, 1.0]]}, "2.png": {"intrinsics": [[2985.29, 0.0, 512.0], [0.0, 2985.29, 512.0], [0.0, 0.0, 1.0]], "pose": [[0.9267618060112, 0.19914276897907257, -0.318519651889801, 0.8412875533103943], [0.1793040633201599, -0.9795985221862793, -0.09075675904750824, 0.24851828813552856], [-0.33009496331214905, 0.026998035609722137, -0.9435615539550781, 2.6374332904815674], [0.0, 0.0, 0.0, 1.0]]}, "3.png": {"intrinsics": [[2985.29, 0.0, 512.0], [0.0, 2985.29, 512.0], [0.0, 0.0, 1.0]], "pose": [[0.9960650205612183, 0.005154491402208805, -0.08847502619028091, 0.2232690304517746], [-0.004839207511395216, -0.9936546087265015, -0.11237012594938278, 0.2854042649269104], [-0.08849283307790756, 0.11235610395669937, -0.9897196888923645, 2.679187059402466], [0.0, 0.0, 0.0, 1.0]]}, "4.png": {"intrinsics": [[2985.29, 0.0, 512.0], [0.0, 2985.29, 512.0], [0.0, 0.0, 1.0]], "pose": [[0.878572940826416, -0.2532239854335785, 0.4049532115459442, -1.0050370693206787], [-0.3816145062446594, -0.8820313215255737, 0.27638930082321167, -0.6835457682609558], [0.28719305992126465, -0.39736419916152954, -0.8715628385543823, 2.3429458141326904], [0.0, 0.0, 0.0, 1.0]]}, "5.png": {"intrinsics": [[2985.29, 0.0, 512.0], [0.0, 2985.29, 512.0], [0.0, 0.0, 1.0]], "pose": [[0.9342644810676575, -0.020410193130373955, -0.35599616169929504, 0.9071947336196899], [-0.07012942433357239, -0.9893791079521179, -0.12732164561748505, 0.3392154276371002], [-0.34961652755737305, 0.14391790330410004, -0.9257731437683105, 2.519167184829712], [0.0, 0.0, 0.0, 1.0]]}, "6.png": {"intrinsics": [[2985.29, 0.0, 512.0], [0.0, 2985.29, 512.0], [0.0, 0.0, 1.0]], "pose": [[0.9157474637031555, 0.24179649353027344, -0.3208441734313965, 0.8329197764396667], [0.21274171769618988, -0.9692995548248291, -0.12328583002090454, 0.32935404777526855], [-0.34080418944358826, 0.044641755521297455, -0.9390738010406494, 2.5973050594329834], [0.0, 0.0, 0.0, 1.0]]}, "7.png": {"intrinsics": [[2985.29, 0.0, 512.0], [0.0, 2985.29, 512.0], [0.0, 0.0, 1.0]], "pose": [[0.9748457074165344, 0.02480700984597206, -0.22149619460105896, 0.5591725707054138], [0.006460316479206085, -0.9965141415596008, -0.08317400515079498, 0.2242354154586792], [-0.22278738021850586, 0.0796508863568306, -0.9716077446937561, 2.65266489982605], [0.0, 0.0, 0.0, 1.0]]}, "8.png": {"intrinsics": [[2985.29, 0.0, 512.0], [0.0, 2985.29, 512.0], [0.0, 0.0, 1.0]], "pose": [[0.9992389678955078, 0.004827758762985468, -0.038706421852111816, 0.098293237388134], [0.0011086971499025822, -0.9954254627227783, -0.09553506970405579, 0.24804089963436127], [-0.038990579545497894, 0.09541945159435272, -0.9946733117103577, 2.7274465560913086], [0.0, 0.0, 0.0, 1.0]]}, "9.png": {"intrinsics": [[2985.29, 0.0, 512.0], [0.0, 2985.29, 512.0], [0.0, 0.0, 1.0]], "pose": [[0.9203289151191711, 0.2626310884952545, -0.2898613214492798, 0.7388877868652344], [0.23554900288581848, -0.9637477993965149, -0.12532736361026764, 0.3240910470485687], [-0.31226804852485657, 0.0470658540725708, -0.9488274455070496, 2.5564539432525635], [0.0, 0.0, 0.0, 1.0]]}}