{"0.png": {"intrinsics": [[2985.29, 0.0, 512.0], [0.0, 2985.29, 512.0], [0.0, 0.0, 1.0]], "pose": [[0.944326639175415, 0.1238856390118599, -0.3047942519187927, 0.7834079265594482], [0.08869409561157227, -0.9879592657089233, -0.12676668167114258, 0.3382367193698883], [-0.3168289065361023, 0.09267570078372955, -0.9439442157745361, 2.5864462852478027], [0.0, 0.0, 0.0, 1.0]]}, "1.png": {"intrinsics": [[2985.29, 0.0, 512.0], [0.0, 2985.29, 512.0], [0.0, 0.0, 1.0]], "pose": [[0.9578931927680969, -0.050467900931835175, -0.2826548218727112, 0.7528305649757385], [-0.043159741908311844, -0.9985547065734863, 0.03202684223651886, -0.08312234282493591], [-0.2838626205921173, -0.018478980287909508, -0.958686888217926, 2.7158453464508057], [0.0, 0.0, 0.0, 1.0]]}, "10.png": {"intrinsics": [[2985.29, 0.0, 512.0], [0.0, 2985.29, 512.0], [0.0, 0.0, 1.0]], "pose": [[0.999539315700531, -0.013196681626141071, -0.02733336016535759, 0.07321002334356308], [-0.014774227514863014, -0.9981873631477356, -0.05834115669131279, 0.17189247906208038], [-0.026513904333114624, 0.05871810391545296, -0.9979224801063538, 2.7787036895751953], [0.0, 0.0, 0.0, 1.0]]}, "11.png": {"intrinsics": [[2985.29, 0.0, 512.0], [0.0, 2985.29, 512.0], [0.0, 0.0, 1.0]], "pose": [[0.9963487982749939, -0.08456572145223618, -0.01173391193151474, 0.028554966673254967], [-0.08518125116825104, -0.993919312953949, -0.06977512687444687, 0.1869712471961975], [-0.005761977285146713, 0.07051987200975418, -0.9974937438964844, 2.7252485752105713], [0.0, 0.0, 0.0, 1.0]]}, "12.png": {"intrinsics": [[2985.29, 0.0, 512.0], [0.0, 2985.29, 512.0], [0.0, 0.0, 1.0]], "pose": [[0.9566226601600647, 0.13331758975982666, -0.2590356469154358, 0.6775908470153809], [0.09556204080581665, -0.9835496544837952, -0.15329034626483917, 0.41011467576026917], [-0.27521073818206787, 0.12188704311847687, -0.9536260366439819, 2.644818067550659], [0.0, 0.0, 0.0, 1.0]]}, "13.png": {"intrinsics": [[2985.29, 0.0, 512.0], [0.0, 2985.29, 512.0], [0.0, 0.0, 1.0]], "pose": [[0.8871628046035767, 0.016445109620690346, -0.4611634314060211, 1.249226689338684], [-0.0674440860748291, -0.9840124249458313, -0.16483543813228607, 0.4444445073604584], [-0.4565012753009796, 0.1773386150598526, -0.8718701601028442, 2.5297534465789795], [0.0, 0.0, 0.0, 1.0]]}, "14.png": {"intrinsics": [[2985.29, 0.0, 512.0], [0.0, 2985.29, 512.0], [0.0, 0.0, 1.0]], "pose": [[0.9526301622390747, -0.09037300944328308, 0.2903936505317688, -0.7964754700660706], [-0.13648852705955505, -0.9803150296211243, 0.14266520738601685, -0.39502936601638794], [0.2717841565608978, -0.17554259300231934, -0.9462125301361084, 2.7562530040740967], [0.0, 0.0, 0.0, 1.0]]}, "15.png": {"intrinsics": [[2985.29, 0.0, 512.0], [0.0, 2985.29, 512.0], [0.0, 0.0, 1.0]], "pose": [[0.9934350252151489, -0.09965255856513977, 0.05618028715252876, -0.15058402717113495], [-0.09594687074422836, -0.9932489395141602, -0.06519743800163269, 0.17684145271778107], [0.06229810416698456, 0.05937909707427025, -0.9962896704673767, 2.862438678741455], [0.0, 0.0, 0.0, 1.0]]}, "16.png": {"intrinsics": [[2985.29, 0.0, 512.0], [0.0, 2985.29, 512.0], [0.0, 0.0, 1.0]], "pose": [[0.8922343850135803, -0.06271328032016754, -0.44719672203063965, 1.1535207033157349], [-0.08763590455055237, -0.995529055595398, -0.035239242017269135, 0.09101512283086777], [-0.4429873526096344, 0.07063215225934982, -0.8937411904335022, 2.474486827850342], [0.0, 0.0, 0.0, 1.0]]}, "17.png": {"intrinsics": [[2985.29, 0.0, 512.0], [0.0, 2985.29, 512.0], [0.0, 0.0, 1.0]], "pose": [[0.9387868642807007, -0.008589694276452065, -0.34439149498939514, 0.9174802899360657], [-0.028849275782704353, -0.9981378316879272, -0.053745873272418976, 0.150739386677742], [-0.34328851103782654, 0.06039136275649071, -0.9372864365577698, 2.65999174118042], [0.0, 0.0, 0.0, 1.0]]}, "18.png": {"intrinsics": [[2985.29, 0.0, 512.0], [0.0, 2985.29, 512.0], [0.0, 0.0, 1.0]], "pose": [[0.9211935997009277, -0.06785520166158676, -0.38314223289489746, 1.0011032819747925], [-0.07705120742321014, -0.9969892501831055, -0.008686523884534836, 0.019464939832687378], [-0.3813992738723755, 0.0375235453248024, -0.9236485362052917, 2.5932369232177734], [0.0, 0.0, 0.0, 1.0]]}, "19.png": {"intrinsics": [[2985.29, 0.0, 512.0], [0.0, 2985.29, 512.0], [0.0, 0.0, 1.0]], "pose": [[0.9255142211914062, -0.002338126767426729, -0.3787057101726532, 0.9924601912498474], [-0.020309435203671455, -0.9988484382629395, -0.04346708953380585, 0.12260770052671432], [-0.378167986869812, 0.04792071133852005, -0.9244958758354187, 2.5910840034484863], [0.0, 0.0, 0.0, 1.0]]}, "2.png": {"intrinsics": [[2985.29, 0.0, 512.0], [0.0, 2985.29, 512.0], [0.0, 0.0, 1.0]], "pose": [[0.9850411415100098, -0.015528826043009758, -0.17161831259727478, 0.4353112578392029], [-0.02717651054263115, -0.9974673390388489, -0.06573007255792618, 0.16583935916423798], [-0.17016294598579407, 0.06941081583499908, -0.9829683303833008, 2.6764767169952393], [0.0, 0.0, 0.0, 1.0]]}, "3.png": {"intrinsics": [[2985.29, 0.0, 512.0], [0.0, 2985.29, 512.0], [0.0, 0.0, 1.0]], "pose": [[0.9531824588775635, -0.02007826417684555, -0.30172839760780334, 0.7878678441047668], [-0.03009757772088051, -0.9991379380226135, -0.028593692928552628, 0.08692724257707596], [-0.30089420080184937, 0.036336302757263184, -0.9529650807380676, 2.638300657272339], [0.0, 0.0, 0.0, 1.0]]}, "4.png": {"intrinsics": [[2985.29, 0.0, 512.0], [0.0, 2985.29, 512.0], [0.0, 0.0, 1.0]], "pose": [[0.9830519556999207, -0.0446578674018383, 0.17780454456806183, -0.4595768451690674], [-0.016035113483667374, -0.9871050715446472, -0.15926846861839294, 0.42005473375320435], [0.18262436985969543, 0.15371806919574738, -0.9710917472839355, 2.6606667041778564], [0.0, 0.0, 0.0, 1.0]]}, "5.png": {"intrinsics": [[2985.29, 0.0, 512.0], [0.0, 2985.29, 512.0], [0.0, 0.0, 1.0]], "pose": [[0.9940574169158936, -0.04150203987956047, -0.10063491016626358, 0.25671955943107605], [-0.05308564752340317, -0.9919103980064392, -0.11530667543411255, 0.2944079041481018], [-0.09503535181283951, 0.11996372789144516, -0.9882190823554993, 2.709476947784424], [0.0, 0.0, 0.0, 1.0]]}, "6.png": {"intrinsics": [[2985.29, 0.0, 512.0], [0.0, 2985.29, 512.0], [0.0, 0.0, 1.0]], "pose": [[0.9707534909248352, 0.0845319852232933, -0.22470399737358093, 0.6014474630355835], [0.06192290037870407, -0.9924534559249878, -0.10583782941102982, 0.29346826672554016], [-0.23195494711399078, 0.08882813155651093, -0.9686621427536011, 2.7418599128723145], [0.0, 0.0, 0.0, 1.0]]}, "7.png": {"intrinsics": [[2985.29, 0.0, 512.0], [0.0, 2985.29, 512.0], [0.0, 0.0, 1.0]], "pose": [[0.9781208038330078, -0.015928035601973534, -0.20742712914943695, 0.5325202345848083], [-0.01948072575032711, -0.9996962547302246, -0.01509593054652214, 0.041684456169605255], [-0.20712366700172424, 0.018806474283337593, -0.9781339764595032, 2.6845436096191406], [0.0, 0.0, 0.0, 1.0]]}, "8.png": {"intrinsics": [[2985.29, 0.0, 512.0], [0.0, 2985.29, 512.0], [0.0, 0.0, 1.0]], "pose": [[0.7123022079467773, -0.06231016665697098, 0.6991015672683716, -1.9440499544143677], [-0.013818487524986267, -0.9971033930778503, -0.07479134202003479, 0.21013885736465454], [0.7017368078231812, 0.043613504618406296, -0.7111000418663025, 2.1351022720336914], [0.0, 0.0, 0.0, 1.0]]}, "9.png": {"intrinsics": [[2985.29, 0.0, 512.0], [0.0, 2985.29, 512.0], [0.0, 0.0, 1.0]], "pose": [[0.9740239381790161, 0.08187946677207947, -0.2111232727766037, 0.5637875199317932], [0.07328398525714874, -0.9961439967155457, -0.04823428764939308, 0.14118245244026184], [-0.2142585664987564, 0.0315093994140625, -0.9762685894966125, 2.759939670562744], [0.0, 0.0, 0.0, 1.0]]}}