{"0.png": {"intrinsics": [[2985.29, 0.0, 512.0], [0.0, 2985.29, 512.0], [0.0, 0.0, 1.0]], "pose": [[0.948502779006958, -0.12429143488407135, 0.29136595129966736, -0.7891640067100525], [-0.11722789704799652, -0.9922313690185547, -0.04164818301796913, 0.12237373739480972], [0.29427894949913025, 0.005347199738025665, -0.9557046294212341, 2.759490489959717], [0.0, 0.0, 0.0, 1.0]]}, "1.png": {"intrinsics": [[2985.29, 0.0, 512.0], [0.0, 2985.29, 512.0], [0.0, 0.0, 1.0]], "pose": [[0.9765203595161438, 0.21542483568191528, 0.00032301899045705795, 0.00010387498332420364], [0.2139679193496704, -0.9697398543357849, -0.11756866425275803, 0.31689587235450745], [-0.025013966485857964, 0.11487731337547302, -0.9930647015571594, 2.8152849674224854], [0.0, 0.0, 0.0, 1.0]]}, "10.png": {"intrinsics": [[2985.29, 0.0, 512.0], [0.0, 2985.29, 512.0], [0.0, 0.0, 1.0]], "pose": [[0.864510178565979, 0.05116420239210129, -0.5000044107437134, 1.3530864715576172], [0.036156147718429565, -0.9985587000846863, -0.03966584429144859, 0.10638310760259628], [-0.5013132095336914, 0.016213292255997658, -0.8651140332221985, 2.5084478855133057], [0.0, 0.0, 0.0, 1.0]]}, "11.png": {"intrinsics": [[2985.29, 0.0, 512.0], [0.0, 2985.29, 512.0], [0.0, 0.0, 1.0]], "pose": [[0.8935571312904358, 0.040605586022138596, -0.4471094310283661, 1.2129381895065308], [0.06986766308546066, -0.9963448643684387, 0.049145858734846115, -0.1352587342262268], [-0.44347959756851196, -0.07515311986207962, -0.8931280970573425, 2.5966196060180664], [0.0, 0.0, 0.0, 1.0]]}, "12.png": {"intrinsics": [[2985.29, 0.0, 512.0], [0.0, 2985.29, 512.0], [0.0, 0.0, 1.0]], "pose": [[0.8721894025802612, 0.03035067580640316, -0.4882258176803589, 1.2974474430084229], [-0.04486415535211563, -0.9889035224914551, -0.14162284135818481, 0.3823328912258148], [-0.4871065616607666, 0.14542578160762787, -0.8611494898796082, 2.462019681930542], [0.0, 0.0, 0.0, 1.0]]}, "13.png": {"intrinsics": [[2985.29, 0.0, 512.0], [0.0, 2985.29, 512.0], [0.0, 0.0, 1.0]], "pose": [[0.8308687806129456, 0.06806924939155579, -0.5522894263267517, 1.48875892162323], [0.06397254765033722, -0.9975940585136414, -0.026711883023381233, 0.07059504836797714], [-0.5527788996696472, -0.013137292116880417, -0.833224356174469, 2.4093143939971924], [0.0, 0.0, 0.0, 1.0]]}, "14.png": {"intrinsics": [[2985.29, 0.0, 512.0], [0.0, 2985.29, 512.0], [0.0, 0.0, 1.0]], "pose": [[0.8751765489578247, 0.014008124358952045, -0.48360079526901245, 1.2967654466629028], [-0.023781536146998405, -0.9971267580986023, -0.0719207301735878, 0.2025076001882553], [-0.483218789100647, 0.07444410771131516, -0.8723288774490356, 2.4972074031829834], [0.0, 0.0, 0.0, 1.0]]}, "15.png": {"intrinsics": [[2985.29, 0.0, 512.0], [0.0, 2985.29, 512.0], [0.0, 0.0, 1.0]], "pose": [[0.9944562911987305, 0.04907451942563057, -0.09299620240926743, 0.24645237624645233], [0.04736589640378952, -0.9986673593521118, -0.020493362098932266, 0.055262770503759384], [-0.09387797862291336, 0.01597490720450878, -0.9954555034637451, 2.8405237197875977], [0.0, 0.0, 0.0, 1.0]]}, "16.png": {"intrinsics": [[2985.29, 0.0, 512.0], [0.0, 2985.29, 512.0], [0.0, 0.0, 1.0]], "pose": [[0.841842770576477, -0.3406459391117096, 0.41864195466041565, -1.0639640092849731], [-0.2972901463508606, -0.9400519132614136, -0.16709576547145844, 0.43179747462272644], [0.45046567916870117, 0.016210228204727173, -0.8926466107368469, 2.427896022796631], [0.0, 0.0, 0.0, 1.0]]}, "17.png": {"intrinsics": [[2985.29, 0.0, 512.0], [0.0, 2985.29, 512.0], [0.0, 0.0, 1.0]], "pose": [[0.8088584542274475, 0.07141154259443283, -0.5836508870124817, 1.5736873149871826], [0.09488744288682938, -0.9954407215118408, 0.009705372154712677, -0.024175070226192474], [-0.5802967548370361, -0.06323140859603882, -0.81194669008255, 2.3577420711517334], [0.0, 0.0, 0.0, 1.0]]}, "18.png": {"intrinsics": [[2985.29, 0.0, 512.0], [0.0, 2985.29, 512.0], [0.0, 0.0, 1.0]], "pose": [[0.8426182866096497, 0.17965513467788696, -0.5076597929000854, 1.3504542112350464], [0.13525941967964172, -0.9830955862998962, -0.12340174615383148, 0.32664546370506287], [-0.5212478637695312, 0.03531479835510254, -0.8526743054389954, 2.423276424407959], [0.0, 0.0, 0.0, 1.0]]}, "19.png": {"intrinsics": [[2985.29, 0.0, 512.0], [0.0, 2985.29, 512.0], [0.0, 0.0, 1.0]], "pose": [[0.9749289155006409, -0.12100881338119507, -0.18673628568649292, 0.4965764582157135], [-0.1111173927783966, -0.9918339252471924, 0.06259673833847046, -0.17620396614074707], [-0.19278614223003387, -0.040277719497680664, -0.9804137945175171, 2.8039133548736572], [0.0, 0.0, 0.0, 1.0]]}, "2.png": {"intrinsics": [[2985.29, 0.0, 512.0], [0.0, 2985.29, 512.0], [0.0, 0.0, 1.0]], "pose": [[0.8222869038581848, 0.2571328282356262, -0.507668137550354, 1.331300973892212], [0.20132294297218323, -0.9658488035202026, -0.16311094164848328, 0.4254956543445587], [-0.5322718024253845, 0.03191874921321869, -0.8459715843200684, 2.3679869174957275], [0.0, 0.0, 0.0, 1.0]]}, "3.png": {"intrinsics": [[2985.29, 0.0, 512.0], [0.0, 2985.29, 512.0], [0.0, 0.0, 1.0]], "pose": [[0.9546731114387512, -0.27633950114250183, 0.11061546951532364, -0.28091514110565186], [-0.2593163847923279, -0.9545857310295105, -0.14670084416866302, 0.38688924908638], [0.14613118767738342, 0.11136694997549057, -0.9829766750335693, 2.709106206893921], [0.0, 0.0, 0.0, 1.0]]}, "4.png": {"intrinsics": [[2985.29, 0.0, 512.0], [0.0, 2985.29, 512.0], [0.0, 0.0, 1.0]], "pose": [[0.850369930267334, 0.09889238327741623, -0.5168086886405945, 1.4958546161651611], [0.04058898985385895, -0.9915818572044373, -0.12295503914356232, 0.3696051239967346], [-0.5246174335479736, 0.08358052372932434, -0.8472253680229187, 2.59649920463562], [0.0, 0.0, 0.0, 1.0]]}, "5.png": {"intrinsics": [[2985.29, 0.0, 512.0], [0.0, 2985.29, 512.0], [0.0, 0.0, 1.0]], "pose": [[0.8926284909248352, 0.07880301773548126, -0.4438517987728119, 1.2143752574920654], [0.08127930760383606, -0.9966002106666565, -0.013479460030794144, 0.03450971469283104], [-0.44340503215789795, -0.024043815210461617, -0.8959988355636597, 2.611095666885376], [0.0, 0.0, 0.0, 1.0]]}, "6.png": {"intrinsics": [[2985.29, 0.0, 512.0], [0.0, 2985.29, 512.0], [0.0, 0.0, 1.0]], "pose": [[0.8120585680007935, -0.08128858357667923, -0.577886700630188, 1.5283828973770142], [-0.1296139657497406, -0.9906408786773682, -0.042787518352270126, 0.1244620680809021], [-0.5690000057220459, 0.10964815318584442, -0.8149945735931396, 2.3164124488830566], [0.0, 0.0, 0.0, 1.0]]}, "7.png": {"intrinsics": [[2985.29, 0.0, 512.0], [0.0, 2985.29, 512.0], [0.0, 0.0, 1.0]], "pose": [[0.9402796626091003, -0.1168883666396141, 0.31970489025115967, -0.8486312031745911], [-0.09454721957445145, -0.9919202327728271, -0.0845877081155777, 0.22206588089466095], [0.32700905203819275, 0.049308892339468, -0.9437339305877686, 2.666860580444336], [0.0, 0.0, 0.0, 1.0]]}, "8.png": {"intrinsics": [[2985.29, 0.0, 512.0], [0.0, 2985.29, 512.0], [0.0, 0.0, 1.0]], "pose": [[0.9784857034683228, 0.031367167830467224, -0.20391607284545898, 0.5363876819610596], [0.012716982513666153, -0.9956652522087097, -0.09213504940271378, 0.2622602581977844], [-0.2059221714735031, 0.08755964040756226, -0.9746431708335876, 2.7021069526672363], [0.0, 0.0, 0.0, 1.0]]}, "9.png": {"intrinsics": [[2985.29, 0.0, 512.0], [0.0, 2985.29, 512.0], [0.0, 0.0, 1.0]], "pose": [[0.8086642026901245, 0.20005586743354797, -0.5532087087631226, 1.496861219406128], [0.20469963550567627, -0.9773228764533997, -0.05420363321900368, 0.1381029188632965], [-0.5515072345733643, -0.0694090873003006, -0.8312773704528809, 2.418708562850952], [0.0, 0.0, 0.0, 1.0]]}}