{"0.png": {"intrinsics": [[2985.29, 0.0, 512.0], [0.0, 2985.29, 512.0], [0.0, 0.0, 1.0]], "pose": [[0.9985443353652954, -0.020061291754245758, -0.05006745085120201, 0.13265298306941986], [-0.029745005071163177, -0.9791603088378906, -0.20089872181415558, 0.5432291626930237], [-0.044993773102760315, 0.20209552347660065, -0.9783317446708679, 2.8335752487182617], [0.0, 0.0, 0.0, 1.0]]}, "1.png": {"intrinsics": [[2985.29, 0.0, 512.0], [0.0, 2985.29, 512.0], [0.0, 0.0, 1.0]], "pose": [[0.9897412657737732, -0.11825393885374069, -0.08017521351575851, 0.20891426503658295], [-0.13661187887191772, -0.9475976228713989, -0.2887832820415497, 0.7733407020568848], [-0.04182408004999161, 0.29677364230155945, -0.9540314674377441, 2.6488523483276367], [0.0, 0.0, 0.0, 1.0]]}, "10.png": {"intrinsics": [[2985.29, 0.0, 512.0], [0.0, 2985.29, 512.0], [0.0, 0.0, 1.0]], "pose": [[0.9747275710105896, -0.22289781272411346, -0.014926215633749962, 0.03727653622627258], [-0.22314868867397308, -0.9683188199996948, -0.11208626627922058, 0.29776617884635925], [0.010530448518693447, 0.11258433759212494, -0.9935863614082336, 2.8088631629943848], [0.0, 0.0, 0.0, 1.0]]}, "11.png": {"intrinsics": [[2985.29, 0.0, 512.0], [0.0, 2985.29, 512.0], [0.0, 0.0, 1.0]], "pose": [[0.9928355813026428, -0.1116831824183464, -0.042477283626794815, 0.11430217325687408], [-0.118124820291996, -0.9709440469741821, -0.20812076330184937, 0.5727017521858215], [-0.017999473959207535, 0.21164733171463013, -0.9771803021430969, 2.854459047317505], [0.0, 0.0, 0.0, 1.0]]}, "12.png": {"intrinsics": [[2985.29, 0.0, 512.0], [0.0, 2985.29, 512.0], [0.0, 0.0, 1.0]], "pose": [[0.9160487055778503, -0.0906376987695694, -0.39069122076034546, 1.0823123455047607], [-0.14287982881069183, -0.9839680194854736, -0.10673462599515915, 0.29842478036880493], [-0.374753475189209, 0.15359601378440857, -0.9143128991127014, 2.7105400562286377], [0.0, 0.0, 0.0, 1.0]]}, "13.png": {"intrinsics": [[2985.29, 0.0, 512.0], [0.0, 2985.29, 512.0], [0.0, 0.0, 1.0]], "pose": [[0.9554028511047363, -0.048143692314624786, -0.2913546562194824, 0.8096031546592712], [-0.10731278359889984, -0.9757729768753052, -0.19065983593463898, 0.5360919833183289], [-0.2751169204711914, 0.21342304348945618, -0.9374226331710815, 2.7847297191619873], [0.0, 0.0, 0.0, 1.0]]}, "14.png": {"intrinsics": [[2985.29, 0.0, 512.0], [0.0, 2985.29, 512.0], [0.0, 0.0, 1.0]], "pose": [[0.9521602988243103, -0.05759039893746376, -0.30012351274490356, 0.8223522901535034], [-0.1330510973930359, -0.9622399210929871, -0.23746952414512634, 0.6572886109352112], [-0.27511486411094666, 0.2660408318042755, -0.9238690733909607, 2.6998329162597656], [0.0, 0.0, 0.0, 1.0]]}, "15.png": {"intrinsics": [[2985.29, 0.0, 512.0], [0.0, 2985.29, 512.0], [0.0, 0.0, 1.0]], "pose": [[0.9835677742958069, -0.1804877072572708, 0.0043333848007023335, -0.016512028872966766], [-0.1772380769252777, -0.9698718190193176, -0.16713862121105194, 0.4532443583011627], [0.03436928987503052, 0.1636240929365158, -0.9859238862991333, 2.865605354309082], [0.0, 0.0, 0.0, 1.0]]}, "16.png": {"intrinsics": [[2985.29, 0.0, 512.0], [0.0, 2985.29, 512.0], [0.0, 0.0, 1.0]], "pose": [[0.9228177666664124, 0.03681237995624542, -0.38347381353378296, 1.0507622957229614], [-0.042835988104343414, -0.9794456362724304, -0.1971074342727661, 0.5446250438690186], [-0.38284772634506226, 0.19832073152065277, -0.9022729396820068, 2.6514737606048584], [0.0, 0.0, 0.0, 1.0]]}, "17.png": {"intrinsics": [[2985.29, 0.0, 512.0], [0.0, 2985.29, 512.0], [0.0, 0.0, 1.0]], "pose": [[0.9432485699653625, -0.06377846002578735, -0.3259056508541107, 0.9024190306663513], [-0.14279240369796753, -0.9639230370521545, -0.22463925182819366, 0.6253061294555664], [-0.29982078075408936, 0.2584275007247925, -0.9183260798454285, 2.7244107723236084], [0.0, 0.0, 0.0, 1.0]]}, "18.png": {"intrinsics": [[2985.29, 0.0, 512.0], [0.0, 2985.29, 512.0], [0.0, 0.0, 1.0]], "pose": [[0.9552445411682129, -0.0063744038343429565, -0.29574885964393616, 0.8113909363746643], [-0.08442472666501999, -0.9640621542930603, -0.25190606713294983, 0.6943044662475586], [-0.28351449966430664, 0.26560038328170776, -0.9214531779289246, 2.6932270526885986], [0.0, 0.0, 0.0, 1.0]]}, "19.png": {"intrinsics": [[2985.29, 0.0, 512.0], [0.0, 2985.29, 512.0], [0.0, 0.0, 1.0]], "pose": [[0.9498029351234436, -0.039456699043512344, -0.3103507459163666, 0.8610658049583435], [-0.11303415894508362, -0.9682824015617371, -0.22282838821411133, 0.6237524151802063], [-0.2917150855064392, 0.24672327935695648, -0.9241374135017395, 2.7395949363708496], [0.0, 0.0, 0.0, 1.0]]}, "2.png": {"intrinsics": [[2985.29, 0.0, 512.0], [0.0, 2985.29, 512.0], [0.0, 0.0, 1.0]], "pose": [[0.9082533717155457, -0.08823393285274506, -0.4090116620063782, 1.1113848686218262], [-0.13983504474163055, -0.985317051410675, -0.09796113520860672, 0.274738073348999], [-0.3943626880645752, 0.14616769552230835, -0.9072558283805847, 2.640418767929077], [0.0, 0.0, 0.0, 1.0]]}, "3.png": {"intrinsics": [[2985.29, 0.0, 512.0], [0.0, 2985.29, 512.0], [0.0, 0.0, 1.0]], "pose": [[0.9498617053031921, -0.03781527280807495, -0.3103751242160797, 0.8638514280319214], [-0.11112171411514282, -0.9686821103096008, -0.22205159068107605, 0.6256475448608398], [-0.2922578752040863, 0.24540771543979645, -0.9243161678314209, 2.7479546070098877], [0.0, 0.0, 0.0, 1.0]]}, "4.png": {"intrinsics": [[2985.29, 0.0, 512.0], [0.0, 2985.29, 512.0], [0.0, 0.0, 1.0]], "pose": [[0.955472469329834, -0.02586490474641323, -0.2939442992210388, 0.8124540448188782], [-0.097087062895298, -0.9682440757751465, -0.2303854078054428, 0.6385185718536377], [-0.2786509394645691, 0.24866512417793274, -0.927641749382019, 2.734609603881836], [0.0, 0.0, 0.0, 1.0]]}, "5.png": {"intrinsics": [[2985.29, 0.0, 512.0], [0.0, 2985.29, 512.0], [0.0, 0.0, 1.0]], "pose": [[0.9450252652168274, -0.0931391716003418, -0.3134523630142212, 0.8614218235015869], [-0.16011109948158264, -0.9676052927970886, -0.1952037811279297, 0.5399130582809448], [-0.2851170301437378, 0.23465971648693085, -0.9293240308761597, 2.7197885513305664], [0.0, 0.0, 0.0, 1.0]]}, "6.png": {"intrinsics": [[2985.29, 0.0, 512.0], [0.0, 2985.29, 512.0], [0.0, 0.0, 1.0]], "pose": [[0.9478710889816284, -0.07235319167375565, -0.31033116579055786, 0.8647092580795288], [-0.1439705789089203, -0.9660531878471375, -0.21450801193714142, 0.603166401386261], [-0.2842760682106018, 0.2480044811964035, -0.9261106252670288, 2.7519142627716064], [0.0, 0.0, 0.0, 1.0]]}, "7.png": {"intrinsics": [[2985.29, 0.0, 512.0], [0.0, 2985.29, 512.0], [0.0, 0.0, 1.0]], "pose": [[0.9929758310317993, -0.1080852672457695, -0.04813075065612793, 0.13183915615081787], [-0.11583130806684494, -0.9709953665733337, -0.2091677039861679, 0.5737410187721252], [-0.024126792326569557, 0.2132735252380371, -0.9766945838928223, 2.852430582046509], [0.0, 0.0, 0.0, 1.0]]}, "8.png": {"intrinsics": [[2985.29, 0.0, 512.0], [0.0, 2985.29, 512.0], [0.0, 0.0, 1.0]], "pose": [[0.9738070964813232, -0.22281229496002197, 0.04532451927661896, -0.12101085484027863], [-0.2153497338294983, -0.9677620530128479, -0.1306176632642746, 0.35857558250427246], [0.0729665756225586, 0.11743579804897308, -0.9903962016105652, 2.869549512863159], [0.0, 0.0, 0.0, 1.0]]}, "9.png": {"intrinsics": [[2985.29, 0.0, 512.0], [0.0, 2985.29, 512.0], [0.0, 0.0, 1.0]], "pose": [[0.8640180826187134, -0.003217682708054781, -0.5034505724906921, 1.4212713241577148], [-0.039939574897289276, -0.9972661137580872, -0.062170207500457764, 0.16915158927440643], [-0.5018741488456726, 0.07382377982139587, -0.8617843985557556, 2.6064956188201904], [0.0, 0.0, 0.0, 1.0]]}}