{"0.png": {"intrinsics": [[2985.29, 0.0, 512.0], [0.0, 2985.29, 512.0], [0.0, 0.0, 1.0]], "pose": [[0.9855856895446777, 0.011992092244327068, 0.16875125467777252, -0.4495934545993805], [0.029440531507134438, -0.9944223761558533, -0.10127901285886765, 0.27200761437416077], [0.1665954738855362, 0.10478727519512177, -0.9804415106773376, 2.775528907775879], [0.0, 0.0, 0.0, 1.0]]}, "1.png": {"intrinsics": [[2985.29, 0.0, 512.0], [0.0, 2985.29, 512.0], [0.0, 0.0, 1.0]], "pose": [[0.984368085861206, -0.11317265033721924, 0.13494928181171417, -0.35439205169677734], [-0.10624182224273682, -0.9926750659942627, -0.05752245709300041, 0.153052419424057], [0.14047075808048248, 0.042286019772291183, -0.989181399345398, 2.738107204437256], [0.0, 0.0, 0.0, 1.0]]}, "10.png": {"intrinsics": [[2985.29, 0.0, 512.0], [0.0, 2985.29, 512.0], [0.0, 0.0, 1.0]], "pose": [[0.996465265750885, -0.06599748879671097, 0.051975052803754807, -0.1405084729194641], [-0.06323672086000443, -0.9965858459472656, -0.05308251455426216, 0.14458496868610382], [0.055300913751125336, 0.04960814490914345, -0.9972366094589233, 2.83212947845459], [0.0, 0.0, 0.0, 1.0]]}, "11.png": {"intrinsics": [[2985.29, 0.0, 512.0], [0.0, 2985.29, 512.0], [0.0, 0.0, 1.0]], "pose": [[0.9964967966079712, -0.057490743696689606, 0.06073600798845291, -0.1622762233018875], [-0.05424782633781433, -0.9970793128013611, -0.053757987916469574, 0.14452645182609558], [0.06364920735359192, 0.050274867564439774, -0.996705174446106, 2.797595500946045], [0.0, 0.0, 0.0, 1.0]]}, "12.png": {"intrinsics": [[2985.29, 0.0, 512.0], [0.0, 2985.29, 512.0], [0.0, 0.0, 1.0]], "pose": [[0.9921727180480957, -0.08204735070466995, 0.09413564950227737, -0.2507880628108978], [-0.07688534259796143, -0.9953967928886414, -0.05721670761704445, 0.1565159112215042], [0.09839680790901184, 0.049531202763319016, -0.9939138293266296, 2.7999377250671387], [0.0, 0.0, 0.0, 1.0]]}, "13.png": {"intrinsics": [[2985.29, 0.0, 512.0], [0.0, 2985.29, 512.0], [0.0, 0.0, 1.0]], "pose": [[0.9940038323402405, -0.07800634205341339, -0.0766250267624855, 0.20514008402824402], [-0.07998886704444885, -0.9965268969535828, -0.02314946800470352, 0.05923198536038399], [-0.07455308735370636, 0.02913980931043625, -0.9967911839485168, 2.8135030269622803], [0.0, 0.0, 0.0, 1.0]]}, "14.png": {"intrinsics": [[2985.29, 0.0, 512.0], [0.0, 2985.29, 512.0], [0.0, 0.0, 1.0]], "pose": [[0.9897940754890442, -0.14224539697170258, 0.008599366061389446, -0.020205480977892876], [-0.14012950658798218, -0.9824927449226379, -0.12276721000671387, 0.3243146538734436], [0.025911886245012283, 0.12030922621488571, -0.9923982620239258, 2.749494791030884], [0.0, 0.0, 0.0, 1.0]]}, "15.png": {"intrinsics": [[2985.29, 0.0, 512.0], [0.0, 2985.29, 512.0], [0.0, 0.0, 1.0]], "pose": [[0.9885416626930237, -0.027354341000318527, 0.14844873547554016, -0.38805851340293884], [-0.028316672891378403, -0.9995893836021423, 0.004372555296868086, -0.009065638296306133], [0.1482681781053543, -0.008526027202606201, -0.988910436630249, 2.7555370330810547], [0.0, 0.0, 0.0, 1.0]]}, "16.png": {"intrinsics": [[2985.29, 0.0, 512.0], [0.0, 2985.29, 512.0], [0.0, 0.0, 1.0]], "pose": [[0.9885170459747314, -0.1202041283249855, 0.0915689691901207, -0.24483458697795868], [-0.1166338324546814, -0.9922257661819458, -0.04341098666191101, 0.12152663618326187], [0.09607526659965515, 0.032232463359832764, -0.9948520064353943, 2.7961316108703613], [0.0, 0.0, 0.0, 1.0]]}, "17.png": {"intrinsics": [[2985.29, 0.0, 512.0], [0.0, 2985.29, 512.0], [0.0, 0.0, 1.0]], "pose": [[0.9975834488868713, 0.06864354759454727, 0.01073506660759449, -0.03159231320023537], [0.06905947625637054, -0.9965996742248535, -0.04494192451238632, 0.11765208840370178], [0.007613590452820063, 0.04557467997074127, -0.998931884765625, 2.7741951942443848], [0.0, 0.0, 0.0, 1.0]]}, "18.png": {"intrinsics": [[2985.29, 0.0, 512.0], [0.0, 2985.29, 512.0], [0.0, 0.0, 1.0]], "pose": [[0.995220959186554, -0.06384792178869247, 0.0738825723528862, -0.19235116243362427], [-0.061677899211645126, -0.9976054430007935, -0.031291473656892776, 0.08395407348871231], [0.07570355385541916, 0.026585008949041367, -0.9967759251594543, 2.772397518157959], [0.0, 0.0, 0.0, 1.0]]}, "19.png": {"intrinsics": [[2985.29, 0.0, 512.0], [0.0, 2985.29, 512.0], [0.0, 0.0, 1.0]], "pose": [[0.9915085434913635, -0.10231955349445343, 0.08025955408811569, -0.21277710795402527], [-0.09811139106750488, -0.993668794631958, -0.05474067106842995, 0.14591990411281586], [0.08535245060920715, 0.04640146344900131, -0.995269775390625, 2.7996997833251953], [0.0, 0.0, 0.0, 1.0]]}, "2.png": {"intrinsics": [[2985.29, 0.0, 512.0], [0.0, 2985.29, 512.0], [0.0, 0.0, 1.0]], "pose": [[0.9968336820602417, -0.02037660777568817, 0.07685914635658264, -0.20352309942245483], [-0.014877323061227798, -0.9973328113555908, -0.0714559331536293, 0.1934620887041092], [0.07811017334461212, 0.07008622586727142, -0.9944781064987183, 2.8186521530151367], [0.0, 0.0, 0.0, 1.0]]}, "3.png": {"intrinsics": [[2985.29, 0.0, 512.0], [0.0, 2985.29, 512.0], [0.0, 0.0, 1.0]], "pose": [[0.9908953309059143, -0.11093372851610184, 0.07629051059484482, -0.20315735042095184], [-0.10284144431352615, -0.9893632531166077, -0.10287848860025406, 0.2793534994125366], [0.08689172565937042, 0.09409599006175995, -0.9917639493942261, 2.800407886505127], [0.0, 0.0, 0.0, 1.0]]}, "4.png": {"intrinsics": [[2985.29, 0.0, 512.0], [0.0, 2985.29, 512.0], [0.0, 0.0, 1.0]], "pose": [[0.9923539757728577, -0.10753694176673889, 0.06057467311620712, -0.1628710925579071], [-0.10361051559448242, -0.9925169944763184, -0.06461336463689804, 0.1739128977060318], [0.06706971675157547, 0.0578431636095047, -0.9960702061653137, 2.8309202194213867], [0.0, 0.0, 0.0, 1.0]]}, "5.png": {"intrinsics": [[2985.29, 0.0, 512.0], [0.0, 2985.29, 512.0], [0.0, 0.0, 1.0]], "pose": [[0.9977601170539856, -0.047183893620967865, 0.0474172942340374, -0.1266816258430481], [-0.04122355207800865, -0.9919602870941162, -0.11964686214923859, 0.3266926109790802], [0.05268147960305214, 0.11742416769266129, -0.9916834831237793, 2.8094377517700195], [0.0, 0.0, 0.0, 1.0]]}, "6.png": {"intrinsics": [[2985.29, 0.0, 512.0], [0.0, 2985.29, 512.0], [0.0, 0.0, 1.0]], "pose": [[0.996214747428894, -0.061676204204559326, 0.06125444918870926, -0.16553792357444763], [-0.05956869199872017, -0.9975871443748474, -0.03565744310617447, 0.09466986358165741], [0.06330586224794388, 0.03187362477183342, -0.9974850416183472, 2.795822858810425], [0.0, 0.0, 0.0, 1.0]]}, "7.png": {"intrinsics": [[2985.29, 0.0, 512.0], [0.0, 2985.29, 512.0], [0.0, 0.0, 1.0]], "pose": [[0.9921149611473083, -0.07497656345367432, 0.10043073445558548, -0.26624372601509094], [-0.0654660016298294, -0.9933354258537292, -0.09486223012208939, 0.2616635262966156], [0.10687385499477386, 0.08753944933414459, -0.9904114007949829, 2.8090291023254395], [0.0, 0.0, 0.0, 1.0]]}, "8.png": {"intrinsics": [[2985.29, 0.0, 512.0], [0.0, 2985.29, 512.0], [0.0, 0.0, 1.0]], "pose": [[0.9917066097259521, -0.10927849262952805, 0.06764773279428482, -0.1794666051864624], [-0.10173112899065018, -0.989101767539978, -0.10643533617258072, 0.29210221767425537], [0.0785415917634964, 0.09867074340581894, -0.9920157790184021, 2.7984440326690674], [0.0, 0.0, 0.0, 1.0]]}, "9.png": {"intrinsics": [[2985.29, 0.0, 512.0], [0.0, 2985.29, 512.0], [0.0, 0.0, 1.0]], "pose": [[0.9879230260848999, -0.09965159744024277, 0.11864906549453735, -0.31673428416252136], [-0.09472809731960297, -0.9944188594818115, -0.046450935304164886, 0.12662658095359802], [0.12261577695608139, 0.03465054929256439, -0.9918491244316101, 2.7901079654693604], [0.0, 0.0, 0.0, 1.0]]}}