{"0.png": {"intrinsics": [[2985.29, 0.0, 512.0], [0.0, 2985.29, 512.0], [0.0, 0.0, 1.0]], "pose": [[0.9665866494178772, -0.1563149094581604, 0.20316462218761444, -0.5092456340789795], [-0.12310712784528732, -0.9782474040985107, -0.1669628918170929, 0.42357322573661804], [0.2248440533876419, 0.13637308776378632, -0.9648043513298035, 2.596491575241089], [0.0, 0.0, 0.0, 1.0]]}, "1.png": {"intrinsics": [[2985.29, 0.0, 512.0], [0.0, 2985.29, 512.0], [0.0, 0.0, 1.0]], "pose": [[0.9843530058860779, 0.05138268321752548, 0.16854923963546753, -0.4315387010574341], [0.05696609616279602, -0.997970461845398, -0.0284566730260849, 0.06933774054050446], [0.16674499213695526, 0.03761300444602966, -0.9852823615074158, 2.6922218799591064], [0.0, 0.0, 0.0, 1.0]]}, "10.png": {"intrinsics": [[2985.29, 0.0, 512.0], [0.0, 2985.29, 512.0], [0.0, 0.0, 1.0]], "pose": [[0.9261652231216431, -0.09413117170333862, 0.36518117785453796, -0.9188475608825684], [-0.03479538857936859, -0.9855465888977051, -0.16579273343086243, 0.412151575088501], [0.3755093216896057, 0.14084482192993164, -0.9160543084144592, 2.489314079284668], [0.0, 0.0, 0.0, 1.0]]}, "11.png": {"intrinsics": [[2985.29, 0.0, 512.0], [0.0, 2985.29, 512.0], [0.0, 0.0, 1.0]], "pose": [[0.9609301686286926, 0.11503047496080399, 0.2517562508583069, -0.6346125602722168], [0.16647034883499146, -0.9668464064598083, -0.19363799691200256, 0.4972790479660034], [0.22113536298274994, 0.2279825508594513, -0.9482210278511047, 2.544218063354492], [0.0, 0.0, 0.0, 1.0]]}, "12.png": {"intrinsics": [[2985.29, 0.0, 512.0], [0.0, 2985.29, 512.0], [0.0, 0.0, 1.0]], "pose": [[0.9947535395622253, -0.07205745577812195, 0.07261662185192108, -0.18944530189037323], [-0.06244305521249771, -0.9899439811706543, -0.126932293176651, 0.31888338923454285], [0.08103280514478683, 0.12173192948102951, -0.9892497062683105, 2.7079169750213623], [0.0, 0.0, 0.0, 1.0]]}, "13.png": {"intrinsics": [[2985.29, 0.0, 512.0], [0.0, 2985.29, 512.0], [0.0, 0.0, 1.0]], "pose": [[0.9937760829925537, -0.0361175537109375, 0.10537877678871155, -0.270305871963501], [-0.02535848878324032, -0.9944909811019897, -0.1017085537314415, 0.25459805130958557], [0.10847170650959015, 0.09840328246355057, -0.989217221736908, 2.7109735012054443], [0.0, 0.0, 0.0, 1.0]]}, "14.png": {"intrinsics": [[2985.29, 0.0, 512.0], [0.0, 2985.29, 512.0], [0.0, 0.0, 1.0]], "pose": [[0.9770427942276001, -0.20915549993515015, -0.04051315411925316, 0.10524890571832657], [-0.2127026915550232, -0.968426525592804, -0.13002938032150269, 0.34360188245773315], [-0.012037651613354683, 0.1356615275144577, -0.9906821250915527, 2.7653839588165283], [0.0, 0.0, 0.0, 1.0]]}, "15.png": {"intrinsics": [[2985.29, 0.0, 512.0], [0.0, 2985.29, 512.0], [0.0, 0.0, 1.0]], "pose": [[0.9845702052116394, -0.06244451552629471, 0.16346943378448486, -0.423517644405365], [-0.03779266029596329, -0.9879958629608154, -0.1497858166694641, 0.37979215383529663], [0.1708604246377945, 0.14129669964313507, -0.9751112461090088, 2.676940441131592], [0.0, 0.0, 0.0, 1.0]]}, "16.png": {"intrinsics": [[2985.29, 0.0, 512.0], [0.0, 2985.29, 512.0], [0.0, 0.0, 1.0]], "pose": [[0.9326171875, -0.3560076355934143, 0.05902271717786789, -0.149088054895401], [-0.34661462903022766, -0.9292325973510742, -0.12800396978855133, 0.3145224153995514], [0.10041622817516327, 0.09892056882381439, -0.9900157451629639, 2.648974895477295], [0.0, 0.0, 0.0, 1.0]]}, "17.png": {"intrinsics": [[2985.29, 0.0, 512.0], [0.0, 2985.29, 512.0], [0.0, 0.0, 1.0]], "pose": [[0.9851679801940918, -0.14270168542861938, 0.0952904224395752, -0.24789535999298096], [-0.12695996463298798, -0.9797746539115906, -0.15467025339603424, 0.39767777919769287], [0.11543484032154083, 0.14027811586856842, -0.9833599328994751, 2.701422691345215], [0.0, 0.0, 0.0, 1.0]]}, "18.png": {"intrinsics": [[2985.29, 0.0, 512.0], [0.0, 2985.29, 512.0], [0.0, 0.0, 1.0]], "pose": [[0.9962102770805359, -0.05062027648091316, 0.0707298144698143, -0.17911261320114136], [-0.05014980211853981, -0.9987062811851501, -0.008412850089371204, 0.017725680023431778], [0.07106416672468185, 0.004833881743252277, -0.9974600076675415, 2.684828519821167], [0.0, 0.0, 0.0, 1.0]]}, "19.png": {"intrinsics": [[2985.29, 0.0, 512.0], [0.0, 2985.29, 512.0], [0.0, 0.0, 1.0]], "pose": [[0.9523266553878784, 0.11225051432847977, 0.28367891907691956, -0.7092859745025635], [0.17702366411685944, -0.9606228470802307, -0.21416452527046204, 0.5495061874389648], [0.24846835434436798, 0.2541724741458893, -0.9346977472305298, 2.4988749027252197], [0.0, 0.0, 0.0, 1.0]]}, "2.png": {"intrinsics": [[2985.29, 0.0, 512.0], [0.0, 2985.29, 512.0], [0.0, 0.0, 1.0]], "pose": [[0.9867869019508362, 0.16199316084384918, -0.003129641991108656, 0.009746821597218513], [0.15979765355587006, -0.9762403964996338, -0.14635348320007324, 0.3850180506706238], [-0.026763545349240303, 0.14391958713531494, -0.9892274141311646, 2.782050848007202], [0.0, 0.0, 0.0, 1.0]]}, "3.png": {"intrinsics": [[2985.29, 0.0, 512.0], [0.0, 2985.29, 512.0], [0.0, 0.0, 1.0]], "pose": [[0.9652133584022522, 0.2390085607767105, 0.1060103178024292, -0.2754628658294678], [0.2511272132396698, -0.9603124856948853, -0.12138835340738297, 0.3076344430446625], [0.07279018312692642, 0.14378774166107178, -0.9869279265403748, 2.721856117248535], [0.0, 0.0, 0.0, 1.0]]}, "4.png": {"intrinsics": [[2985.29, 0.0, 512.0], [0.0, 2985.29, 512.0], [0.0, 0.0, 1.0]], "pose": [[0.9594244956970215, 0.009088265709578991, 0.28181925415992737, -0.6853229999542236], [0.07599842548370361, -0.9708263278007507, -0.22742101550102234, 0.5532093048095703], [0.27153071761131287, 0.23961108922958374, -0.9321253299713135, 2.4625422954559326], [0.0, 0.0, 0.0, 1.0]]}, "5.png": {"intrinsics": [[2985.29, 0.0, 512.0], [0.0, 2985.29, 512.0], [0.0, 0.0, 1.0]], "pose": [[0.9263092875480652, -0.11378487944602966, 0.3591715395450592, -0.9014602899551392], [-0.057633839547634125, -0.9848800897598267, -0.1633695662021637, 0.4056345820426941], [0.37232986092567444, 0.13063031435012817, -0.9188613891601562, 2.488503932952881], [0.0, 0.0, 0.0, 1.0]]}, "6.png": {"intrinsics": [[2985.29, 0.0, 512.0], [0.0, 2985.29, 512.0], [0.0, 0.0, 1.0]], "pose": [[0.8363486528396606, 0.051226500421762466, 0.5457992553710938, -1.3596487045288086], [0.10780424624681473, -0.9915521144866943, -0.07212942093610764, 0.18009188771247864], [0.5374934673309326, 0.11916482448577881, -0.8348056674003601, 2.267381429672241], [0.0, 0.0, 0.0, 1.0]]}, "7.png": {"intrinsics": [[2985.29, 0.0, 512.0], [0.0, 2985.29, 512.0], [0.0, 0.0, 1.0]], "pose": [[0.8360176086425781, 0.04637405648827553, 0.5467394590377808, -1.3640971183776855], [0.10779447853565216, -0.9908857345581055, -0.0807819589972496, 0.19747936725616455], [0.5380101203918457, 0.1264706254005432, -0.8333967924118042, 2.263850450515747], [0.0, 0.0, 0.0, 1.0]]}, "8.png": {"intrinsics": [[2985.29, 0.0, 512.0], [0.0, 2985.29, 512.0], [0.0, 0.0, 1.0]], "pose": [[0.9311264753341675, -0.3120288550853729, 0.18878963589668274, -0.4770342707633972], [-0.2856432795524597, -0.9458143711090088, -0.15441188216209412, 0.3911620080471039], [0.22674091160297394, 0.08985048532485962, -0.9698017835617065, 2.6195244789123535], [0.0, 0.0, 0.0, 1.0]]}, "9.png": {"intrinsics": [[2985.29, 0.0, 512.0], [0.0, 2985.29, 512.0], [0.0, 0.0, 1.0]], "pose": [[0.9728910326957703, 0.0012047195341438055, 0.23126086592674255, -0.5985496044158936], [-0.006914694327861071, -0.999387800693512, 0.03429558500647545, -0.09585310518741608], [0.23116061091423035, -0.034964967519044876, -0.9722871780395508, 2.704347848892212], [0.0, 0.0, 0.0, 1.0]]}}