{"0.png": {"intrinsics": [[2985.29, 0.0, 512.0], [0.0, 2985.29, 512.0], [0.0, 0.0, 1.0]], "pose": [[0.9985175132751465, -0.054192207753658295, 0.005100746173411608, -0.011341274715960026], [-0.053608041256666183, -0.995320737361908, -0.0803917795419693, 0.2151239663362503], [0.009433485567569733, 0.0799991562962532, -0.9967502951622009, 2.7615458965301514], [0.0, 0.0, 0.0, 1.0]]}, "1.png": {"intrinsics": [[2985.29, 0.0, 512.0], [0.0, 2985.29, 512.0], [0.0, 0.0, 1.0]], "pose": [[0.9928850531578064, -0.11537231504917145, -0.029470419511198997, 0.07827048003673553], [-0.11741931736469269, -0.9897558689117432, -0.08121563494205475, 0.22150732576847076], [-0.019798483699560165, 0.08409819006919861, -0.9962607622146606, 2.8086886405944824], [0.0, 0.0, 0.0, 1.0]]}, "10.png": {"intrinsics": [[2985.29, 0.0, 512.0], [0.0, 2985.29, 512.0], [0.0, 0.0, 1.0]], "pose": [[0.993010938167572, -0.03747325763106346, 0.11191520094871521, -0.2813042402267456], [-0.03987536579370499, -0.9990182518959045, 0.019302166998386383, -0.041779082268476486], [0.11108200997114182, -0.023629922419786453, -0.9935302734375, 2.7038040161132812], [0.0, 0.0, 0.0, 1.0]]}, "11.png": {"intrinsics": [[2985.29, 0.0, 512.0], [0.0, 2985.29, 512.0], [0.0, 0.0, 1.0]], "pose": [[0.989685595035553, -0.0028392327949404716, 0.14322835206985474, -0.37788277864456177], [0.005236801225692034, -0.9984183311462402, -0.05597725138068199, 0.15743234753608704], [0.14316073060035706, 0.05614994093775749, -0.9881053566932678, 2.7847461700439453], [0.0, 0.0, 0.0, 1.0]]}, "12.png": {"intrinsics": [[2985.29, 0.0, 512.0], [0.0, 2985.29, 512.0], [0.0, 0.0, 1.0]], "pose": [[0.9872427582740784, 0.00012126904039178044, 0.15922227501869202, -0.41346651315689087], [0.008409196510910988, -0.9986438155174255, -0.05137982964515686, 0.14180110394954681], [0.15900011360645294, 0.05206329748034477, -0.98590487241745, 2.7662343978881836], [0.0, 0.0, 0.0, 1.0]]}, "13.png": {"intrinsics": [[2985.29, 0.0, 512.0], [0.0, 2985.29, 512.0], [0.0, 0.0, 1.0]], "pose": [[0.974032461643219, -0.13107207417488098, 0.18460983037948608, -0.4893297851085663], [-0.10244815796613693, -0.982288658618927, -0.15688645839691162, 0.4229155480861664], [0.2019035667181015, 0.13389958441257477, -0.9702091813087463, 2.7395107746124268], [0.0, 0.0, 0.0, 1.0]]}, "14.png": {"intrinsics": [[2985.29, 0.0, 512.0], [0.0, 2985.29, 512.0], [0.0, 0.0, 1.0]], "pose": [[0.9960409998893738, -0.08774132281541824, -0.014276447705924511, 0.03746967390179634], [-0.08859644085168839, -0.9929637312889099, -0.07857230305671692, 0.21271154284477234], [-0.007281957659870386, 0.07952608168125153, -0.9968061447143555, 2.7864997386932373], [0.0, 0.0, 0.0, 1.0]]}, "15.png": {"intrinsics": [[2985.29, 0.0, 512.0], [0.0, 2985.29, 512.0], [0.0, 0.0, 1.0]], "pose": [[0.9912781119346619, -0.013538321480154991, 0.13108941912651062, -0.34942835569381714], [-0.006527444813400507, -0.9985323548316956, -0.053764358162879944, 0.15096300840377808], [0.13162490725517273, 0.05243975296616554, -0.9899116158485413, 2.803624391555786], [0.0, 0.0, 0.0, 1.0]]}, "16.png": {"intrinsics": [[2985.29, 0.0, 512.0], [0.0, 2985.29, 512.0], [0.0, 0.0, 1.0]], "pose": [[0.9813740849494934, -0.17918719351291656, 0.06925888359546661, -0.1805148422718048], [-0.18161986768245697, -0.9828945398330688, 0.030536457896232605, -0.07399262487888336], [0.0626024380326271, -0.042546480894088745, -0.9971312284469604, 2.784292459487915], [0.0, 0.0, 0.0, 1.0]]}, "17.png": {"intrinsics": [[2985.29, 0.0, 512.0], [0.0, 2985.29, 512.0], [0.0, 0.0, 1.0]], "pose": [[0.9904256463050842, -0.00538788503035903, 0.13794180750846863, -0.3634350001811981], [0.0012726187705993652, -0.998839259147644, -0.04815121740102768, 0.13721100986003876], [0.13804112374782562, 0.04786574840545654, -0.9892691969871521, 2.777209997177124], [0.0, 0.0, 0.0, 1.0]]}, "18.png": {"intrinsics": [[2985.29, 0.0, 512.0], [0.0, 2985.29, 512.0], [0.0, 0.0, 1.0]], "pose": [[0.9856164455413818, -0.16578508913516998, -0.03279554098844528, 0.0847804844379425], [-0.16832631826400757, -0.9803197979927063, -0.10314769297838211, 0.2732011675834656], [-0.01504976861178875, 0.10718441009521484, -0.994125247001648, 2.764423370361328], [0.0, 0.0, 0.0, 1.0]]}, "19.png": {"intrinsics": [[2985.29, 0.0, 512.0], [0.0, 2985.29, 512.0], [0.0, 0.0, 1.0]], "pose": [[0.9962807893753052, -0.006301320623606443, 0.08593503385782242, -0.23093080520629883], [0.0034823804162442684, -0.9935629367828369, -0.1132272481918335, 0.3128763735294342], [0.08609534800052643, 0.1131053939461708, -0.9898458123207092, 2.791706085205078], [0.0, 0.0, 0.0, 1.0]]}, "2.png": {"intrinsics": [[2985.29, 0.0, 512.0], [0.0, 2985.29, 512.0], [0.0, 0.0, 1.0]], "pose": [[0.9866816401481628, -0.16030699014663696, -0.027585206553339958, 0.07342933863401413], [-0.16244782507419586, -0.9798248410224915, -0.11642148345708847, 0.3113079369068146], [-0.008365491405129433, 0.11935210227966309, -0.992816686630249, 2.7709202766418457], [0.0, 0.0, 0.0, 1.0]]}, "3.png": {"intrinsics": [[2985.29, 0.0, 512.0], [0.0, 2985.29, 512.0], [0.0, 0.0, 1.0]], "pose": [[0.9954754114151001, -0.036209214478731155, 0.08784932643175125, -0.2291468381881714], [-0.03867531940340996, -0.9988994598388672, 0.026533670723438263, -0.06767494976520538], [0.08679188042879105, -0.02981121838092804, -0.9957802891731262, 2.795738458633423], [0.0, 0.0, 0.0, 1.0]]}, "4.png": {"intrinsics": [[2985.29, 0.0, 512.0], [0.0, 2985.29, 512.0], [0.0, 0.0, 1.0]], "pose": [[0.9986382722854614, -0.01730412244796753, 0.04921501502394676, -0.13166889548301697], [-0.012675883248448372, -0.9955999255180359, -0.09284485876560211, 0.25355613231658936], [0.050605062395334244, 0.09209458529949188, -0.9944635033607483, 2.791818618774414], [0.0, 0.0, 0.0, 1.0]]}, "5.png": {"intrinsics": [[2985.29, 0.0, 512.0], [0.0, 2985.29, 512.0], [0.0, 0.0, 1.0]], "pose": [[0.9979626536369324, -0.06223882734775543, -0.014029542915523052, 0.03659277409315109], [-0.06363596767187119, -0.9868060350418091, -0.14887693524360657, 0.3938649594783783], [-0.0045785121619701385, 0.1494663953781128, -0.9887561798095703, 2.74778413772583], [0.0, 0.0, 0.0, 1.0]]}, "6.png": {"intrinsics": [[2985.29, 0.0, 512.0], [0.0, 2985.29, 512.0], [0.0, 0.0, 1.0]], "pose": [[0.9881108403205872, -0.007735444698482752, 0.15354861319065094, -0.40414315462112427], [0.0011564511805772781, -0.9983312487602234, -0.057735711336135864, 0.1593056321144104], [0.15373897552490234, 0.05722684785723686, -0.9864529967308044, 2.791588544845581], [0.0, 0.0, 0.0, 1.0]]}, "7.png": {"intrinsics": [[2985.29, 0.0, 512.0], [0.0, 2985.29, 512.0], [0.0, 0.0, 1.0]], "pose": [[0.9986339211463928, -0.020573342218995094, 0.04803183302283287, -0.12869973480701447], [-0.014664100483059883, -0.9926307201385498, -0.12028820812702179, 0.3232797086238861], [0.050152603536844254, 0.11941953748464584, -0.9915763735771179, 2.798104763031006], [0.0, 0.0, 0.0, 1.0]]}, "8.png": {"intrinsics": [[2985.29, 0.0, 512.0], [0.0, 2985.29, 512.0], [0.0, 0.0, 1.0]], "pose": [[0.9930408596992493, -0.04638553410768509, 0.10825074464082718, -0.2833445072174072], [-0.03790026158094406, -0.9961405396461487, -0.07916810363531113, 0.2148555964231491], [0.11150521039962769, 0.07451442629098892, -0.9909663200378418, 2.7604665756225586], [0.0, 0.0, 0.0, 1.0]]}, "9.png": {"intrinsics": [[2985.29, 0.0, 512.0], [0.0, 2985.29, 512.0], [0.0, 0.0, 1.0]], "pose": [[0.9667722582817078, 0.012860720977187157, 0.2553156018257141, -0.6819528341293335], [0.05826003476977348, -0.9835359454154968, -0.1710635870695114, 0.4642043709754944], [0.24891208112239838, 0.1802542358636856, -0.9516045451164246, 2.7037532329559326], [0.0, 0.0, 0.0, 1.0]]}}