{"0.png": {"intrinsics": [[2985.29, 0.0, 512.0], [0.0, 2985.29, 512.0], [0.0, 0.0, 1.0]], "pose": [[0.9313135147094727, -0.0908760130405426, 0.3526991307735443, -0.896145224571228], [-0.0177762508392334, -0.9785594344139099, -0.20519563555717468, 0.528067946434021], [0.36378443241119385, 0.18483179807662964, -0.9129611253738403, 2.4585156440734863], [0.0, 0.0, 0.0, 1.0]]}, "1.png": {"intrinsics": [[2985.29, 0.0, 512.0], [0.0, 2985.29, 512.0], [0.0, 0.0, 1.0]], "pose": [[0.9918774366378784, -0.12397917360067368, -0.028430091217160225, 0.08118422329425812], [-0.12655872106552124, -0.9842971563339233, -0.12305258959531784, 0.3313300311565399], [-0.012727700173854828, 0.12565118074417114, -0.9919928312301636, 2.7577710151672363], [0.0, 0.0, 0.0, 1.0]]}, "10.png": {"intrinsics": [[2985.29, 0.0, 512.0], [0.0, 2985.29, 512.0], [0.0, 0.0, 1.0]], "pose": [[0.99283766746521, -0.050334829837083817, 0.10835026204586029, -0.27481722831726074], [-0.03759864345192909, -0.9924744963645935, -0.11653584986925125, 0.29548826813697815], [0.11340067535638809, 0.11162734776735306, -0.9872586131095886, 2.6938581466674805], [0.0, 0.0, 0.0, 1.0]]}, "11.png": {"intrinsics": [[2985.29, 0.0, 512.0], [0.0, 2985.29, 512.0], [0.0, 0.0, 1.0]], "pose": [[0.9246290922164917, -0.06424878537654877, 0.3754105865955353, -0.9582452774047852], [-0.05510905012488365, -0.9978651404380798, -0.035044796764850616, 0.10253403335809708], [0.37686070799827576, 0.011714916676282883, -0.9261958003044128, 2.522017478942871], [0.0, 0.0, 0.0, 1.0]]}, "12.png": {"intrinsics": [[2985.29, 0.0, 512.0], [0.0, 2985.29, 512.0], [0.0, 0.0, 1.0]], "pose": [[0.9946908354759216, -0.10253863036632538, -0.008712525479495525, 0.020409319549798965], [-0.10138395428657532, -0.9619230031967163, -0.25382164120674133, 0.6631561517715454], [0.01764574460685253, 0.2533573806285858, -0.9672117829322815, 2.6163411140441895], [0.0, 0.0, 0.0, 1.0]]}, "13.png": {"intrinsics": [[2985.29, 0.0, 512.0], [0.0, 2985.29, 512.0], [0.0, 0.0, 1.0]], "pose": [[0.9308494925498962, 0.10336819291114807, 0.3504771590232849, -0.9221729636192322], [0.09559370577335358, -0.9946379065513611, 0.03946211561560631, -0.08545342087745667], [0.35267698764801025, -0.003229878842830658, -0.9357395768165588, 2.602445125579834], [0.0, 0.0, 0.0, 1.0]]}, "14.png": {"intrinsics": [[2985.29, 0.0, 512.0], [0.0, 2985.29, 512.0], [0.0, 0.0, 1.0]], "pose": [[0.8455367684364319, -0.20552508533000946, 0.4927747845649719, -1.1992896795272827], [-0.07128268480300903, -0.9581342339515686, -0.27730411291122437, 0.6867775321006775], [0.529137372970581, 0.19934454560279846, -0.8247880935668945, 2.171915054321289], [0.0, 0.0, 0.0, 1.0]]}, "15.png": {"intrinsics": [[2985.29, 0.0, 512.0], [0.0, 2985.29, 512.0], [0.0, 0.0, 1.0]], "pose": [[0.915867269039154, -0.03363100066781044, 0.40007010102272034, -1.0673538446426392], [-0.041375886648893356, -0.9990859627723694, 0.010734518989920616, -0.01898965798318386], [0.3993434011936188, -0.02638464979827404, -0.91642165184021, 2.5910842418670654], [0.0, 0.0, 0.0, 1.0]]}, "16.png": {"intrinsics": [[2985.29, 0.0, 512.0], [0.0, 2985.29, 512.0], [0.0, 0.0, 1.0]], "pose": [[0.9990786910057068, -0.0393521673977375, 0.017122628167271614, -0.045272935181856155], [-0.0341217927634716, -0.9703696966171265, -0.23920369148254395, 0.621370792388916], [0.02602846547961235, 0.23839907348155975, -0.9708184003829956, 2.666470527648926], [0.0, 0.0, 0.0, 1.0]]}, "17.png": {"intrinsics": [[2985.29, 0.0, 512.0], [0.0, 2985.29, 512.0], [0.0, 0.0, 1.0]], "pose": [[0.938264787197113, -0.03343655914068222, 0.3442981243133545, -0.9013816118240356], [0.013370063155889511, -0.9910683035850525, -0.1326831877231598, 0.3550942540168762], [0.34565943479537964, 0.12909527122974396, -0.9294373989105225, 2.5570309162139893], [0.0, 0.0, 0.0, 1.0]]}, "18.png": {"intrinsics": [[2985.29, 0.0, 512.0], [0.0, 2985.29, 512.0], [0.0, 0.0, 1.0]], "pose": [[0.9805647134780884, -0.020358862355351448, 0.19513650238513947, -0.5105270743370056], [0.028428738936781883, -0.9693610668182373, -0.2439897656440735, 0.6547813415527344], [0.19412508606910706, 0.24479526281356812, -0.9499424695968628, 2.632627487182617], [0.0, 0.0, 0.0, 1.0]]}, "19.png": {"intrinsics": [[2985.29, 0.0, 512.0], [0.0, 2985.29, 512.0], [0.0, 0.0, 1.0]], "pose": [[0.9962710738182068, -0.049718309193849564, 0.07051242887973785, -0.19090388715267181], [-0.047642339020967484, -0.9983887076377869, -0.030824586749076843, 0.08142413198947906], [0.07193136215209961, 0.02735026739537716, -0.9970345497131348, 2.804917097091675], [0.0, 0.0, 0.0, 1.0]]}, "2.png": {"intrinsics": [[2985.29, 0.0, 512.0], [0.0, 2985.29, 512.0], [0.0, 0.0, 1.0]], "pose": [[0.9146178364753723, 0.053111732006073, 0.4008159041404724, -1.0337706804275513], [0.12814195454120636, -0.97830730676651, -0.1627712845802307, 0.4310183525085449], [0.38347604870796204, 0.20023484528064728, -0.9015831351280212, 2.459275484085083], [0.0, 0.0, 0.0, 1.0]]}, "3.png": {"intrinsics": [[2985.29, 0.0, 512.0], [0.0, 2985.29, 512.0], [0.0, 0.0, 1.0]], "pose": [[0.8761328458786011, 0.31662875413894653, -0.3635071814060211, 0.963941752910614], [0.21505294740200043, -0.9315772652626038, -0.29311439394950867, 0.7662032246589661], [-0.431443452835083, 0.17863386869430542, -0.88427734375, 2.511836051940918], [0.0, 0.0, 0.0, 1.0]]}, "4.png": {"intrinsics": [[2985.29, 0.0, 512.0], [0.0, 2985.29, 512.0], [0.0, 0.0, 1.0]], "pose": [[0.9869523048400879, -0.021326236426830292, -0.15959450602531433, 0.4168781638145447], [-0.05127294734120369, -0.9812185764312744, -0.18596036732196808, 0.496863454580307], [-0.1526312530040741, 0.19171689450740814, -0.9695093631744385, 2.6816604137420654], [0.0, 0.0, 0.0, 1.0]]}, "5.png": {"intrinsics": [[2985.29, 0.0, 512.0], [0.0, 2985.29, 512.0], [0.0, 0.0, 1.0]], "pose": [[0.9935320019721985, -0.03877844288945198, 0.10672555863857269, -0.27460232377052307], [-0.019231360405683517, -0.9837664365768433, -0.17841987311840057, 0.45369893312454224], [0.11191187053918839, 0.17521339654922485, -0.9781492352485657, 2.6790196895599365], [0.0, 0.0, 0.0, 1.0]]}, "6.png": {"intrinsics": [[2985.29, 0.0, 512.0], [0.0, 2985.29, 512.0], [0.0, 0.0, 1.0]], "pose": [[0.8877137899398804, -0.1636451929807663, 0.43033066391944885, -1.1101385354995728], [-0.18016673624515533, -0.9836331605911255, -0.002394287381321192, 0.014575731940567493], [0.42367932200431824, -0.07540583610534668, -0.9026681780815125, 2.4927852153778076], [0.0, 0.0, 0.0, 1.0]]}, "7.png": {"intrinsics": [[2985.29, 0.0, 512.0], [0.0, 2985.29, 512.0], [0.0, 0.0, 1.0]], "pose": [[0.959894061088562, -0.1827302873134613, 0.21263360977172852, -0.5292873382568359], [-0.11784078925848007, -0.9511351585388184, -0.28540417551994324, 0.7268753051757812], [0.2543953061103821, 0.24890084564685822, -0.9345220327377319, 2.490097761154175], [0.0, 0.0, 0.0, 1.0]]}, "8.png": {"intrinsics": [[2985.29, 0.0, 512.0], [0.0, 2985.29, 512.0], [0.0, 0.0, 1.0]], "pose": [[0.977672278881073, -0.047722797840833664, 0.20464441180229187, -0.543998658657074], [-0.0350724458694458, -0.9972683191299438, -0.065005823969841, 0.18004991114139557], [0.20718765258789062, 0.056377019733190536, -0.9766753911972046, 2.7404990196228027], [0.0, 0.0, 0.0, 1.0]]}, "9.png": {"intrinsics": [[2985.29, 0.0, 512.0], [0.0, 2985.29, 512.0], [0.0, 0.0, 1.0]], "pose": [[0.9356953501701355, -0.06188856065273285, 0.3473384380340576, -0.9036118984222412], [-0.019489604979753494, -0.9920581579208374, -0.1242612674832344, 0.3354254961013794], [0.3522702753543854, 0.10950120538473129, -0.9294703602790833, 2.5615274906158447], [0.0, 0.0, 0.0, 1.0]]}}