{"0.png": {"intrinsics": [[2985.29, 0.0, 512.0], [0.0, 2985.29, 512.0], [0.0, 0.0, 1.0]], "pose": [[0.9974565505981445, -0.053084276616573334, -0.047566160559654236, 0.12260882556438446], [-0.0546506829559803, -0.9979842901229858, -0.03225838392972946, 0.09486407786607742], [-0.04575786739587784, 0.034775856882333755, -0.9983471035957336, 2.8418784141540527], [0.0, 0.0, 0.0, 1.0]]}, "1.png": {"intrinsics": [[2985.29, 0.0, 512.0], [0.0, 2985.29, 512.0], [0.0, 0.0, 1.0]], "pose": [[0.9988725185394287, -0.03705562278628349, -0.029674464836716652, 0.07480685412883759], [-0.03613313287496567, -0.9988647103309631, 0.03104216977953911, -0.0812065526843071], [-0.030791060999035835, -0.02993493713438511, -0.9990774989128113, 2.88333797454834], [0.0, 0.0, 0.0, 1.0]]}, "10.png": {"intrinsics": [[2985.29, 0.0, 512.0], [0.0, 2985.29, 512.0], [0.0, 0.0, 1.0]], "pose": [[0.9984754323959351, -0.052965544164180756, -0.015540760941803455, 0.034791238605976105], [-0.05249118432402611, -0.9981858134269714, 0.029490068554878235, -0.07459983974695206], [-0.017074525356292725, -0.028629355132579803, -0.9994442462921143, 2.8485031127929688], [0.0, 0.0, 0.0, 1.0]]}, "11.png": {"intrinsics": [[2985.29, 0.0, 512.0], [0.0, 2985.29, 512.0], [0.0, 0.0, 1.0]], "pose": [[0.9989061951637268, -0.034509360790252686, -0.03155248239636421, 0.08016623556613922], [-0.033511824905872345, -0.9989381432533264, 0.031615398824214935, -0.08271828293800354], [-0.032610002905130386, -0.030523430556058884, -0.9990019798278809, 2.8923583030700684], [0.0, 0.0, 0.0, 1.0]]}, "12.png": {"intrinsics": [[2985.29, 0.0, 512.0], [0.0, 2985.29, 512.0], [0.0, 0.0, 1.0]], "pose": [[0.9958208203315735, 0.08468577265739441, 0.0341944545507431, -0.09527553617954254], [0.08217083662748337, -0.9942094087600708, 0.06924989819526672, -0.17341594398021698], [0.03986093029379845, -0.06615070253610611, -0.9970131516456604, 2.815885305404663], [0.0, 0.0, 0.0, 1.0]]}, "13.png": {"intrinsics": [[2985.29, 0.0, 512.0], [0.0, 2985.29, 512.0], [0.0, 0.0, 1.0]], "pose": [[0.9987971782684326, -0.0464722141623497, -0.015636634081602097, 0.037127915769815445], [-0.04621003195643425, -0.9987916350364685, 0.01673022098839283, -0.040470726788043976], [-0.01639522984623909, -0.01598752662539482, -0.9997377395629883, 2.9142231941223145], [0.0, 0.0, 0.0, 1.0]]}, "14.png": {"intrinsics": [[2985.29, 0.0, 512.0], [0.0, 2985.29, 512.0], [0.0, 0.0, 1.0]], "pose": [[0.9987730979919434, -0.03812079504132271, -0.031608376652002335, 0.08156771957874298], [-0.03713655844330788, -0.9988242387771606, 0.031161945313215256, -0.08077696710824966], [-0.032759130001068115, -0.029949886724352837, -0.9990144371986389, 2.863351821899414], [0.0, 0.0, 0.0, 1.0]]}, "15.png": {"intrinsics": [[2985.29, 0.0, 512.0], [0.0, 2985.29, 512.0], [0.0, 0.0, 1.0]], "pose": [[0.9991363286972046, -0.030419327318668365, -0.02830633521080017, 0.07348659634590149], [-0.02780180610716343, -0.9956730604171753, 0.08866949379444122, -0.23455822467803955], [-0.0308811217546463, -0.08780594915151596, -0.995658814907074, 2.87981915473938], [0.0, 0.0, 0.0, 1.0]]}, "16.png": {"intrinsics": [[2985.29, 0.0, 512.0], [0.0, 2985.29, 512.0], [0.0, 0.0, 1.0]], "pose": [[0.9990171194076538, -0.027928493916988373, -0.03442137688398361, 0.08913180232048035], [-0.02852608822286129, -0.9994485974311829, -0.01699397712945938, 0.05222786217927933], [-0.03392777964472771, 0.01795918121933937, -0.9992628693580627, 2.9109554290771484], [0.0, 0.0, 0.0, 1.0]]}, "17.png": {"intrinsics": [[2985.29, 0.0, 512.0], [0.0, 2985.29, 512.0], [0.0, 0.0, 1.0]], "pose": [[0.9812525510787964, -0.12027628719806671, -0.15058887004852295, 0.3932722806930542], [-0.1029248833656311, -0.9876449704170227, 0.11816918849945068, -0.3017655611038208], [-0.16294127702713013, -0.10045447200536728, -0.9815086126327515, 2.730205774307251], [0.0, 0.0, 0.0, 1.0]]}, "18.png": {"intrinsics": [[2985.29, 0.0, 512.0], [0.0, 2985.29, 512.0], [0.0, 0.0, 1.0]], "pose": [[0.9996616244316101, 0.0038786588702350855, -0.025720903649926186, 0.06543266028165817], [0.0041565438732504845, -0.9999334812164307, 0.010759196244180202, -0.022365346550941467], [-0.025677461177110672, -0.010862466879189014, -0.9996111989021301, 2.8875603675842285], [0.0, 0.0, 0.0, 1.0]]}, "19.png": {"intrinsics": [[2985.29, 0.0, 512.0], [0.0, 2985.29, 512.0], [0.0, 0.0, 1.0]], "pose": [[0.9995089769363403, 0.024722283706068993, -0.019250456243753433, 0.048148591071367264], [0.024663442745804787, -0.9996903538703918, -0.003288045059889555, 0.0179164819419384], [-0.019325783476233482, 0.002811647951602936, -0.9998092651367188, 2.9236652851104736], [0.0, 0.0, 0.0, 1.0]]}, "2.png": {"intrinsics": [[2985.29, 0.0, 512.0], [0.0, 2985.29, 512.0], [0.0, 0.0, 1.0]], "pose": [[0.9993988275527954, -0.02726786956191063, -0.021409623324871063, 0.057531408965587616], [-0.027398133650422096, -0.9996076822280884, -0.005814749281853437, 0.029782766476273537], [-0.021242668852210045, 0.006397837772965431, -0.9997538328170776, 2.8702027797698975], [0.0, 0.0, 0.0, 1.0]]}, "3.png": {"intrinsics": [[2985.29, 0.0, 512.0], [0.0, 2985.29, 512.0], [0.0, 0.0, 1.0]], "pose": [[0.9994803071022034, -0.031171152368187904, -0.0082177072763443, 0.020807484164834023], [-0.0306415818631649, -0.997836172580719, 0.05817272141575813, -0.1494656503200531], [-0.010013235732913017, -0.05789068341255188, -0.998272716999054, 2.8795135021209717], [0.0, 0.0, 0.0, 1.0]]}, "4.png": {"intrinsics": [[2985.29, 0.0, 512.0], [0.0, 2985.29, 512.0], [0.0, 0.0, 1.0]], "pose": [[0.9942195415496826, -0.09178916364908218, -0.05569726228713989, 0.14712876081466675], [-0.09130705893039703, -0.9957603812217712, 0.011145021766424179, -0.0263830479234457], [-0.056484121829271317, -0.00599504541605711, -0.9983855485916138, 2.874441146850586], [0.0, 0.0, 0.0, 1.0]]}, "5.png": {"intrinsics": [[2985.29, 0.0, 512.0], [0.0, 2985.29, 512.0], [0.0, 0.0, 1.0]], "pose": [[0.9998323917388916, -0.0009606574894860387, -0.018280724063515663, 0.04585455358028412], [-0.001142961671575904, -0.9999496936798096, -0.009964648634195328, 0.03768729791045189], [-0.018270231783390045, 0.009983873926103115, -0.9997832179069519, 2.9037375450134277], [0.0, 0.0, 0.0, 1.0]]}, "6.png": {"intrinsics": [[2985.29, 0.0, 512.0], [0.0, 2985.29, 512.0], [0.0, 0.0, 1.0]], "pose": [[0.9992110729217529, -0.029418837279081345, -0.026678837835788727, 0.06933537125587463], [-0.0275494996458292, -0.9973105192184448, 0.06791716068983078, -0.18497924506664276], [-0.028605129569768906, -0.06712859123945236, -0.9973341822624207, 2.885698080062866], [0.0, 0.0, 0.0, 1.0]]}, "7.png": {"intrinsics": [[2985.29, 0.0, 512.0], [0.0, 2985.29, 512.0], [0.0, 0.0, 1.0]], "pose": [[0.9931533336639404, -0.11494304239749908, 0.020843204110860825, -0.061940547078847885], [-0.11630875617265701, -0.9895951151847839, 0.084697425365448, -0.23781225085258484], [0.010890954174101353, -0.08654177933931351, -0.9961886405944824, 2.972334623336792], [0.0, 0.0, 0.0, 1.0]]}, "8.png": {"intrinsics": [[2985.29, 0.0, 512.0], [0.0, 2985.29, 512.0], [0.0, 0.0, 1.0]], "pose": [[0.9988624453544617, -0.01673712395131588, -0.04465021565556526, 0.1181967705488205], [-0.01841144450008869, -0.9991324543952942, -0.03735475242137909, 0.10974838584661484], [-0.04398626834154129, 0.03813433274626732, -0.9983040690422058, 2.937633991241455], [0.0, 0.0, 0.0, 1.0]]}, "9.png": {"intrinsics": [[2985.29, 0.0, 512.0], [0.0, 2985.29, 512.0], [0.0, 0.0, 1.0]], "pose": [[0.999643862247467, 0.022206634283065796, -0.01479774434119463, 0.03823355957865715], [0.022434266284108162, -0.9996296763420105, 0.015398544259369373, -0.03774441406130791], [-0.0144503153860569, -0.015725038945674896, -0.9997718930244446, 2.9415671825408936], [0.0, 0.0, 0.0, 1.0]]}}