{"0.png": {"intrinsics": [[2985.29, 0.0, 512.0], [0.0, 2985.29, 512.0], [0.0, 0.0, 1.0]], "pose": [[0.9881170392036438, -0.11497511714696884, -0.10200687497854233, 0.2659483850002289], [-0.1333274394273758, -0.9713650941848755, -0.1966564655303955, 0.5091950297355652], [-0.07647531479597092, 0.20791994035243988, -0.9751517176628113, 2.7009572982788086], [0.0, 0.0, 0.0, 1.0]]}, "1.png": {"intrinsics": [[2985.29, 0.0, 512.0], [0.0, 2985.29, 512.0], [0.0, 0.0, 1.0]], "pose": [[0.9906031489372253, -0.04208897426724434, -0.13013042509555817, 0.33075204491615295], [-0.03908417373895645, -0.9989089369773865, 0.02556013874709606, -0.0651974231004715], [-0.13106423616409302, -0.020233914256095886, -0.9911673069000244, 2.7166812419891357], [0.0, 0.0, 0.0, 1.0]]}, "10.png": {"intrinsics": [[2985.29, 0.0, 512.0], [0.0, 2985.29, 512.0], [0.0, 0.0, 1.0]], "pose": [[0.982370138168335, -0.11260753870010376, -0.1492263525724411, 0.3783029019832611], [-0.13300369679927826, -0.9819333553314209, -0.13459926843643188, 0.34637361764907837], [-0.13137343525886536, 0.1520739495754242, -0.9795992374420166, 2.6703431606292725], [0.0, 0.0, 0.0, 1.0]]}, "11.png": {"intrinsics": [[2985.29, 0.0, 512.0], [0.0, 2985.29, 512.0], [0.0, 0.0, 1.0]], "pose": [[0.9970670342445374, -0.06501808762550354, -0.040373820811510086, 0.10188969224691391], [-0.06427233666181564, -0.9977417588233948, 0.019503720104694366, -0.051451750099658966], [-0.04155074059963226, -0.016851594671607018, -0.9989942908287048, 2.724017381668091], [0.0, 0.0, 0.0, 1.0]]}, "12.png": {"intrinsics": [[2985.29, 0.0, 512.0], [0.0, 2985.29, 512.0], [0.0, 0.0, 1.0]], "pose": [[0.992591142654419, -0.10396136343479156, -0.06288819015026093, 0.16289228200912476], [-0.11453378945589066, -0.9733495116233826, -0.1986776888370514, 0.5054336190223694], [-0.0405573844909668, 0.20440852642059326, -0.9780451655387878, 2.682335376739502], [0.0, 0.0, 0.0, 1.0]]}, "13.png": {"intrinsics": [[2985.29, 0.0, 512.0], [0.0, 2985.29, 512.0], [0.0, 0.0, 1.0]], "pose": [[0.9967662692070007, 0.039323367178440094, 0.07007597386837006, -0.18386775255203247], [0.034194640815258026, -0.996749758720398, 0.07294213026762009, -0.1955634504556656], [0.07271654158830643, -0.07031003385782242, -0.994871199131012, 2.752938747406006], [0.0, 0.0, 0.0, 1.0]]}, "14.png": {"intrinsics": [[2985.29, 0.0, 512.0], [0.0, 2985.29, 512.0], [0.0, 0.0, 1.0]], "pose": [[0.9922066330909729, -0.11999113857746124, 0.033587731420993805, -0.08939521014690399], [-0.11175201088190079, -0.9761610627174377, -0.1860676109790802, 0.48400136828422546], [0.055113501846790314, 0.18086402118206024, -0.9819626808166504, 2.689622640609741], [0.0, 0.0, 0.0, 1.0]]}, "15.png": {"intrinsics": [[2985.29, 0.0, 512.0], [0.0, 2985.29, 512.0], [0.0, 0.0, 1.0]], "pose": [[0.9615113735198975, -0.044732168316841125, -0.2710994780063629, 0.6606226563453674], [-0.11943869292736053, -0.9566085934638977, -0.26577138900756836, 0.6442581415176392], [-0.24744756519794464, 0.2879219651222229, -0.9251328110694885, 2.4305455684661865], [0.0, 0.0, 0.0, 1.0]]}, "16.png": {"intrinsics": [[2985.29, 0.0, 512.0], [0.0, 2985.29, 512.0], [0.0, 0.0, 1.0]], "pose": [[0.9973149299621582, -0.035958580672740936, 0.0637948289513588, -0.16316595673561096], [-0.02880873903632164, -0.9935522079467773, -0.10965374112129211, 0.28364118933677673], [0.06732648611068726, 0.10752147436141968, -0.9919204711914062, 2.7055044174194336], [0.0, 0.0, 0.0, 1.0]]}, "17.png": {"intrinsics": [[2985.29, 0.0, 512.0], [0.0, 2985.29, 512.0], [0.0, 0.0, 1.0]], "pose": [[0.9030926823616028, -0.20410914719104767, -0.3778401017189026, 0.9776203632354736], [-0.24393108487129211, -0.967924952507019, -0.060157813131809235, 0.15083403885364532], [-0.35344207286834717, 0.1464950144290924, -0.9239144921302795, 2.565119504928589], [0.0, 0.0, 0.0, 1.0]]}, "18.png": {"intrinsics": [[2985.29, 0.0, 512.0], [0.0, 2985.29, 512.0], [0.0, 0.0, 1.0]], "pose": [[0.9828125238418579, -0.0990786924958229, -0.1557656228542328, 0.39347150921821594], [-0.0847693681716919, -0.9917669296264648, 0.09598119556903839, -0.24675680696964264], [-0.16399288177490234, -0.08112736791372299, -0.9831198453903198, 2.6687216758728027], [0.0, 0.0, 0.0, 1.0]]}, "19.png": {"intrinsics": [[2985.29, 0.0, 512.0], [0.0, 2985.29, 512.0], [0.0, 0.0, 1.0]], "pose": [[0.9687889814376831, -0.1447841376066208, -0.2012101262807846, 0.49966344237327576], [-0.18867582082748413, -0.9571468234062195, -0.21970753371715546, 0.5429096221923828], [-0.16077746450901031, 0.25081372261047363, -0.9545904994010925, 2.551769495010376], [0.0, 0.0, 0.0, 1.0]]}, "2.png": {"intrinsics": [[2985.29, 0.0, 512.0], [0.0, 2985.29, 512.0], [0.0, 0.0, 1.0]], "pose": [[0.9982499480247498, 0.005790482275187969, 0.0588517002761364, -0.1576758325099945], [0.011442679911851883, -0.995299756526947, -0.0961635485291481, 0.25346630811691284], [0.05801825225353241, 0.09666868299245834, -0.993624210357666, 2.799816608428955], [0.0, 0.0, 0.0, 1.0]]}, "3.png": {"intrinsics": [[2985.29, 0.0, 512.0], [0.0, 2985.29, 512.0], [0.0, 0.0, 1.0]], "pose": [[0.9981701374053955, -0.060463108122348785, -0.0007994798361323774, 0.0008418685756623745], [-0.059831880033016205, -0.9856632947921753, -0.15775929391384125, 0.40358683466911316], [0.00875059887766838, 0.1575184315443039, -0.9874773025512695, 2.705655574798584], [0.0, 0.0, 0.0, 1.0]]}, "4.png": {"intrinsics": [[2985.29, 0.0, 512.0], [0.0, 2985.29, 512.0], [0.0, 0.0, 1.0]], "pose": [[0.9871001243591309, -0.03725242242217064, -0.15570992231369019, 0.39148181676864624], [-0.0702238529920578, -0.9747493267059326, -0.2119724005460739, 0.5314715504646301], [-0.1438816487789154, 0.22017252445220947, -0.9647911787033081, 2.594243049621582], [0.0, 0.0, 0.0, 1.0]]}, "5.png": {"intrinsics": [[2985.29, 0.0, 512.0], [0.0, 2985.29, 512.0], [0.0, 0.0, 1.0]], "pose": [[0.9976798295974731, 0.026718204841017723, 0.06261835247278214, -0.16443030536174774], [0.031233813613653183, -0.9968951344490051, -0.07228066772222519, 0.1899164766073227], [0.06049272045493126, 0.07406877726316452, -0.9954166412353516, 2.774772882461548], [0.0, 0.0, 0.0, 1.0]]}, "6.png": {"intrinsics": [[2985.29, 0.0, 512.0], [0.0, 2985.29, 512.0], [0.0, 0.0, 1.0]], "pose": [[0.9596753716468811, -0.12600183486938477, -0.2512899339199066, 0.6616714000701904], [-0.17796696722507477, -0.9642907381057739, -0.19614039361476898, 0.5111210346221924], [-0.21760249137878418, 0.23295241594314575, -0.9478302597999573, 2.6564292907714844], [0.0, 0.0, 0.0, 1.0]]}, "7.png": {"intrinsics": [[2985.29, 0.0, 512.0], [0.0, 2985.29, 512.0], [0.0, 0.0, 1.0]], "pose": [[0.7436888813972473, -0.13264696300029755, -0.6552340388298035, 1.646028757095337], [-0.11821216344833374, -0.9907656908035278, 0.06640221178531647, -0.17528022825717926], [-0.6579914093017578, 0.02807404100894928, -0.752501904964447, 2.055684804916382], [0.0, 0.0, 0.0, 1.0]]}, "8.png": {"intrinsics": [[2985.29, 0.0, 512.0], [0.0, 2985.29, 512.0], [0.0, 0.0, 1.0]], "pose": [[0.9954782724380493, -0.09127639979124069, -0.026297658681869507, 0.06671132892370224], [-0.09437491744756699, -0.9818165302276611, -0.16471059620380402, 0.4462008774280548], [-0.010785287246108055, 0.16644765436649323, -0.9859912991523743, 2.832336902618408], [0.0, 0.0, 0.0, 1.0]]}, "9.png": {"intrinsics": [[2985.29, 0.0, 512.0], [0.0, 2985.29, 512.0], [0.0, 0.0, 1.0]], "pose": [[0.9884267449378967, -0.10912696272134781, -0.10537488758563995, 0.26596614718437195], [-0.12375291436910629, -0.9818011522293091, -0.1440543830394745, 0.3681744337081909], [-0.08773697167634964, 0.15542766451835632, -0.9839432835578918, 2.6482746601104736], [0.0, 0.0, 0.0, 1.0]]}}