{"0.png": {"intrinsics": [[2985.29, 0.0, 512.0], [0.0, 2985.29, 512.0], [0.0, 0.0, 1.0]], "pose": [[0.9121974110603333, -0.09703413397073746, -0.3980957567691803, 1.040324330329895], [-0.11230017989873886, -0.9935588240623474, -0.015149137005209923, 0.05312380567193031], [-0.3940615653991699, 0.05852522701025009, -0.9172187447547913, 2.552424669265747], [0.0, 0.0, 0.0, 1.0]]}, "1.png": {"intrinsics": [[2985.29, 0.0, 512.0], [0.0, 2985.29, 512.0], [0.0, 0.0, 1.0]], "pose": [[0.9487117528915405, 0.07243618369102478, -0.30773213505744934, 0.8156536221504211], [0.030296344310045242, -0.9897482395172119, -0.13957296311855316, 0.3799987733364105], [-0.31468746066093445, 0.12309134006500244, -0.9411802887916565, 2.6570889949798584], [0.0, 0.0, 0.0, 1.0]]}, "10.png": {"intrinsics": [[2985.29, 0.0, 512.0], [0.0, 2985.29, 512.0], [0.0, 0.0, 1.0]], "pose": [[0.8977000117301941, -0.13237370550632477, -0.42025214433670044, 1.1112736463546753], [-0.11758521944284439, -0.9911852478981018, 0.06103627756237984, -0.16102634370326996], [-0.4246273338794708, -0.005376830697059631, -0.9053522348403931, 2.5789597034454346], [0.0, 0.0, 0.0, 1.0]]}, "11.png": {"intrinsics": [[2985.29, 0.0, 512.0], [0.0, 2985.29, 512.0], [0.0, 0.0, 1.0]], "pose": [[0.9704838991165161, 0.08699315041303635, -0.22492940723896027, 0.5778485536575317], [0.07188305258750916, -0.9946244955062866, -0.07453084737062454, 0.20229297876358032], [-0.23020398616790771, 0.056162379682064056, -0.9715204238891602, 2.6751742362976074], [0.0, 0.0, 0.0, 1.0]]}, "12.png": {"intrinsics": [[2985.29, 0.0, 512.0], [0.0, 2985.29, 512.0], [0.0, 0.0, 1.0]], "pose": [[0.7835689783096313, -0.14419680833816528, -0.6043400764465332, 1.610778570175171], [-0.17308375239372253, -0.9848503470420837, 0.010572235099971294, -0.02567674033343792], [-0.5967090129852295, 0.09631737321615219, -0.7966563105583191, 2.3076062202453613], [0.0, 0.0, 0.0, 1.0]]}, "13.png": {"intrinsics": [[2985.29, 0.0, 512.0], [0.0, 2985.29, 512.0], [0.0, 0.0, 1.0]], "pose": [[0.9618383646011353, -0.08172182738780975, -0.2611292898654938, 0.725626528263092], [-0.11601118743419647, -0.9861298203468323, -0.1186986118555069, 0.33661749958992004], [-0.24780713021755219, 0.14446279406547546, -0.9579781889915466, 2.827986478805542], [0.0, 0.0, 0.0, 1.0]]}, "14.png": {"intrinsics": [[2985.29, 0.0, 512.0], [0.0, 2985.29, 512.0], [0.0, 0.0, 1.0]], "pose": [[0.8926542401313782, -0.12820209562778473, -0.4321258068084717, 1.1535985469818115], [-0.1267208456993103, -0.991410493850708, 0.03235860541462898, -0.07447168231010437], [-0.4325625002384186, 0.0258743055164814, -0.9012326002120972, 2.5635793209075928], [0.0, 0.0, 0.0, 1.0]]}, "15.png": {"intrinsics": [[2985.29, 0.0, 512.0], [0.0, 2985.29, 512.0], [0.0, 0.0, 1.0]], "pose": [[0.8985497951507568, 0.03350915387272835, -0.43759045004844666, 1.1621487140655518], [-0.011255081743001938, -0.9949934482574463, -0.09930435568094254, 0.27940186858177185], [-0.4387272298336029, 0.09415502846240997, -0.8936740159988403, 2.52304744720459], [0.0, 0.0, 0.0, 1.0]]}, "16.png": {"intrinsics": [[2985.29, 0.0, 512.0], [0.0, 2985.29, 512.0], [0.0, 0.0, 1.0]], "pose": [[0.9610111117362976, 0.09809601306915283, -0.25852423906326294, 0.6805810332298279], [0.0631815493106842, -0.9881230592727661, -0.14007490873336792, 0.378376841545105], [-0.2691945433616638, 0.11827957630157471, -0.9557951092720032, 2.689504384994507], [0.0, 0.0, 0.0, 1.0]]}, "17.png": {"intrinsics": [[2985.29, 0.0, 512.0], [0.0, 2985.29, 512.0], [0.0, 0.0, 1.0]], "pose": [[0.7900767922401428, -0.13608497381210327, -0.5977118611335754, 1.5714828968048096], [-0.1569206416606903, -0.9874579310417175, 0.017397712916135788, -0.030387839302420616], [-0.5925829410552979, 0.08004780113697052, -0.8015221357345581, 2.2869715690612793], [0.0, 0.0, 0.0, 1.0]]}, "18.png": {"intrinsics": [[2985.29, 0.0, 512.0], [0.0, 2985.29, 512.0], [0.0, 0.0, 1.0]], "pose": [[0.9190768003463745, -0.09041040390729904, -0.383567214012146, 1.0051319599151611], [-0.09840455651283264, -0.9951456785202026, -0.001224868930876255, 0.014890000224113464], [-0.38159453868865967, 0.03887050971388817, -0.9235121607780457, 2.5741851329803467], [0.0, 0.0, 0.0, 1.0]]}, "19.png": {"intrinsics": [[2985.29, 0.0, 512.0], [0.0, 2985.29, 512.0], [0.0, 0.0, 1.0]], "pose": [[0.928283154964447, 0.04816124960780144, -0.3687422275543213, 0.9683359861373901], [-0.0013552270829677582, -0.9911333918571472, -0.13286316394805908, 0.3637481927871704], [-0.37187162041664124, 0.12383436411619186, -0.9199872612953186, 2.5855941772460938], [0.0, 0.0, 0.0, 1.0]]}, "2.png": {"intrinsics": [[2985.29, 0.0, 512.0], [0.0, 2985.29, 512.0], [0.0, 0.0, 1.0]], "pose": [[0.7753056287765503, -0.06945915520191193, -0.6277551054954529, 1.6775633096694946], [-0.13141591846942902, -0.9899215698242188, -0.052772797644138336, 0.1526009887456894], [-0.6177628040313721, 0.12341207265853882, -0.7766199111938477, 2.2372376918792725], [0.0, 0.0, 0.0, 1.0]]}, "3.png": {"intrinsics": [[2985.29, 0.0, 512.0], [0.0, 2985.29, 512.0], [0.0, 0.0, 1.0]], "pose": [[0.9022404551506042, -0.1261400431394577, -0.4123722314834595, 1.0811954736709595], [-0.12065519392490387, -0.9919110536575317, 0.0394296832382679, -0.092134490609169], [-0.41401025652885437, 0.014179795980453491, -0.9101617932319641, 2.548421621322632], [0.0, 0.0, 0.0, 1.0]]}, "4.png": {"intrinsics": [[2985.29, 0.0, 512.0], [0.0, 2985.29, 512.0], [0.0, 0.0, 1.0]], "pose": [[0.8941529393196106, -0.02418963797390461, -0.4471077620983124, 1.1890841722488403], [-0.06052243709564209, -0.9959051609039307, -0.06715547293424606, 0.19041991233825684], [-0.4436524510383606, 0.08710732311010361, -0.891955554485321, 2.5328640937805176], [0.0, 0.0, 0.0, 1.0]]}, "5.png": {"intrinsics": [[2985.29, 0.0, 512.0], [0.0, 2985.29, 512.0], [0.0, 0.0, 1.0]], "pose": [[0.8939028382301331, -0.12667109072208405, -0.4299909174442291, 1.136203408241272], [-0.1242767721414566, -0.9916724562644958, 0.033779460936784744, -0.08113016933202744], [-0.4306890368461609, 0.02324233204126358, -0.9022010564804077, 2.5554826259613037], [0.0, 0.0, 0.0, 1.0]]}, "6.png": {"intrinsics": [[2985.29, 0.0, 512.0], [0.0, 2985.29, 512.0], [0.0, 0.0, 1.0]], "pose": [[0.9137426018714905, 0.01678241416811943, -0.40594688057899475, 1.056512475013733], [0.0029342463240027428, -0.9993930459022522, -0.03471164405345917, 0.09618544578552246], [-0.40628305077552795, 0.030526358634233475, -0.9132372140884399, 2.551443099975586], [0.0, 0.0, 0.0, 1.0]]}, "7.png": {"intrinsics": [[2985.29, 0.0, 512.0], [0.0, 2985.29, 512.0], [0.0, 0.0, 1.0]], "pose": [[0.894874095916748, -0.13749006390571594, -0.4246136546134949, 1.108056664466858], [-0.12680721282958984, -0.9904849529266357, 0.05347296968102455, -0.12735013663768768], [-0.4279254376888275, 0.005992501974105835, -0.9037941098213196, 2.539226770401001], [0.0, 0.0, 0.0, 1.0]]}, "8.png": {"intrinsics": [[2985.29, 0.0, 512.0], [0.0, 2985.29, 512.0], [0.0, 0.0, 1.0]], "pose": [[0.9039949178695679, -0.10649974644184113, -0.4140664041042328, 1.1119415760040283], [-0.09998030960559845, -0.9942842125892639, 0.03745611757040024, -0.09270191937685013], [-0.41568875312805176, 0.007538348436355591, -0.9094756841659546, 2.598402261734009], [0.0, 0.0, 0.0, 1.0]]}, "9.png": {"intrinsics": [[2985.29, 0.0, 512.0], [0.0, 2985.29, 512.0], [0.0, 0.0, 1.0]], "pose": [[0.909338653087616, -0.0939536988735199, -0.4053094983100891, 1.0706268548965454], [-0.09936903417110443, -0.9950207471847534, 0.007712063379585743, -0.007283803075551987], [-0.4040159583091736, 0.033262334764003754, -0.9141469597816467, 2.56959867477417], [0.0, 0.0, 0.0, 1.0]]}}