{"0_18": 16.474335017957184, "0_5": 18.966772681788395, "0_11": 17.461075757679186, "0_4": 18.241669203105726, "0_16": 19.39079018643028, "0_14": 17.260016842892295, "0_15": 19.110360145568848, "0_12": 25.69638312490363, "0_0": 19.704036110325863, "0_8": 19.929225771050703, "0_19": 18.338309990732295, "0_10": 18.7843659802487, "0_7": 23.30067433808979, "0_3": 25.19993681656687, "0_1": 16.944345599726628, "0_2": 20.889673233032227, "0_9": 18.019511022065814, "0_17": 23.262439727783203, "0_6": 17.69335059115761, "0_13": 18.112015699085436, "1_12": 26.93795987179405, "1_8": 23.436622218081826, "1_14": 21.093320570494, "1_15": 27.560119879873174, "1_5": 21.613606628618744, "1_13": 22.512846018138685, "1_16": 21.296738072445518, "1_7": 22.717947106612357, "1_3": 20.319277838656777, "1_0": 21.50927616420545, "1_11": 22.50636645367271, "1_18": 25.03528790724905, "1_19": 22.97257006795783, "1_2": 29.985816654406097, "1_10": 25.391678308185778, "1_17": 21.031088879233913, "1_4": 36.86857374090897, "1_9": 20.106388593974867, "1_6": 20.61300498560855, "1_1": 21.281277807135332, "2_11": 29.586308127955387, "2_18": 33.411100688733555, "2_9": 44.38126975611637, "2_17": 35.90370007565147, "2_15": 28.26821598253752, "2_7": 30.485088298195286, "2_6": 33.81006853204025, "2_16": 31.551680916234066, "2_1": 33.194803288108425, "2_2": 42.68585947940224, "2_13": 33.311759647570156, "2_10": 37.206600189208984, "2_0": 27.493031551963405, "2_5": 26.882815386119642, "2_19": 41.04059349863153, "2_14": 31.32632074858013, "2_3": 26.725222236231755, "2_8": 40.87352792840255, "2_4": 27.198908354106702, "2_12": 26.547083377838135, "3_14": 41.095779720105625, "3_9": 31.406878220407588, "3_5": 32.52038529044703, "3_1": 35.334574247661386, "3_15": 41.82319851925499, "3_8": 29.82330184233816, "3_3": 30.517614966944645, "3_19": 34.05087832400673, "3_6": 35.258027729235195, "3_18": 30.430004421033356, "3_13": 31.418832979704206, "3_10": 35.36816888106497, "3_4": 32.317354001496966, "3_16": 30.972583871138724, "3_7": 31.180770648153203, "3_17": 28.219809281198604, "3_2": 32.97812662626568, "3_0": 42.77625897056178, "3_11": 28.400311319451582, "3_12": 31.309775804218493, "4_10": 65.91244948537727, "4_13": 41.04945433767218, "4_11": 49.34150414717825, "4_18": 42.21708769547312, "4_9": 37.37562927446867, "4_4": 43.56755889089484, "4_5": 36.62017285196405, "4_2": 44.05351016395971, "4_3": 42.04905218827097, "4_15": 36.98917067678351, "4_19": 46.96979673285233, "4_12": 47.87379997654965, "4_6": 39.57342529296875, "4_17": 37.96431551481548, "4_7": 44.6666942395662, "4_16": 36.39947519804302, "4_8": 61.473364202599775, "4_0": 60.818427863873936, "4_1": 39.21438267356471, "4_14": 40.83405183490954, "5_14": 27.301640598397505, "5_1": 37.72169293855366, "5_7": 25.735221009505423, "5_16": 33.059490404630964, "5_5": 28.40155275244462, "5_6": 39.57823622854132, "5_17": 27.317730891077144, "5_10": 27.288273861533717, "5_0": 37.84489220067074, "5_3": 28.598394644887822, "5_8": 28.185401514956826, "5_11": 38.3232623652408, "5_9": 25.724625436883223, "5_12": 28.88337486668637, "5_15": 29.87822111029374, "5_4": 34.15318207991751, "5_18": 29.023886680603027, "5_2": 33.29493924191124, "5_19": 39.6725939700478, "5_13": 32.25810864097193, "6_0": 28.94186642295436, "6_17": 28.464880993491725, "6_10": 40.1334114074707, "6_2": 32.94031125620792, "6_13": 32.304844755875436, "6_8": 29.80765111822831, "6_3": 34.25626631786949, "6_16": 31.338166588231136, "6_19": 32.280559037861075, "6_14": 36.890934693185905, "6_4": 28.334474764372175, "6_5": 31.36916702672055, "6_9": 28.85824344032689, "6_12": 35.6509683508622, "6_7": 31.34113713314659, "6_6": 33.637909035933646, "6_15": 35.300025036460475, "6_18": 29.86912898013466, "6_1": 37.9511006003932, "6_11": 34.42206141823217, "7_17": 32.20564485851087, "7_0": 40.07998315911544, "7_9": 29.533931531404193, "7_11": 26.581548339442204, "7_8": 30.183631696199114, "7_4": 32.85997450979132, "7_6": 35.27779920477616, "7_3": 27.299879626223916, "7_16": 28.576996050382917, "7_19": 30.39386518378007, "7_15": 31.77331010918868, "7_12": 28.40881297462865, "7_7": 32.67634713022333, "7_1": 31.18306360746685, "7_18": 31.954205964740954, "7_14": 35.487763956973424, "7_10": 30.96408668317293, "7_2": 31.163494511654502, "7_5": 35.14037764699835, "7_13": 31.23770472877904, "8_7": 30.543100156282122, "8_6": 23.731211863066022, "8_15": 29.27116002534565, "8_12": 27.887524052670127, "8_13": 23.32909681922511, "8_11": 30.343727513363486, "8_17": 23.475530423616107, "8_8": 22.41749341864335, "8_19": 22.608129200182464, "8_18": 27.096559424149362, "8_0": 30.024002828096087, "8_3": 23.724748234999808, "8_4": 22.514530332464922, "8_1": 21.68404769897461, "8_10": 24.553502986305638, "8_14": 24.369325637817383, "8_5": 29.55721548983925, "8_2": 22.259735709742497, "8_16": 26.994880877043073, "8_9": 22.706979249653063, "9_1": 30.06685367383455, "9_18": 35.89928355969881, "9_6": 27.91277283116391, "9_14": 43.09310581809596, "9_0": 27.788425646330182, "9_10": 28.578100104081003, "9_17": 28.49302698436536, "9_3": 26.92914686704937, "9_19": 36.03273823386744, "9_13": 35.699666901638636, "9_8": 25.94447572607743, "9_9": 34.48765867634823, "9_11": 35.078633760151114, "9_12": 36.57476234436035, "9_4": 28.15947914123535, "9_7": 42.96171338934647, "9_2": 33.383961828131426, "9_15": 35.494965302316764, "9_5": 27.66177945387991, "9_16": 31.35927923102128, "10_10_18": 36.26954580608167, "10_10_16": 27.413616883127315, "10_10_15": 27.17750950863487, "10_10_11": 27.546497947291325, "10_10_5": 25.703031138369912, "10_10_0": 25.47444845500745, "10_10_19": 28.3864544316342, "10_10_13": 30.889243025528756, "10_10_2": 31.587554329320003, "10_10_14": 25.97665154306512, "10_10_7": 25.964767456054688, "10_10_10": 26.903237393027858, "10_10_9": 26.47480176624499, "10_10_17": 25.859775994953356, "10_10_8": 26.578148490504216, "10_10_12": 26.99650001525879, "10_10_4": 27.649628589027806, "10_10_3": 27.35765346727873, "10_10_1": 35.19896356683029, "10_10_6": 29.828421793485944, "11_11_5": 35.40893303720575, "11_11_13": 42.58461159153988, "11_11_19": 44.25804208454333, "11_11_11": 40.158947492900644, "11_11_10": 36.99998152883429, "11_11_3": 38.57600192019814, "11_11_8": 47.37111884669254, "11_11_12": 41.92642683731882, "11_11_17": 47.9956929056268, "11_11_16": 42.39992648676822, "11_11_6": 43.02928151582417, "11_11_0": 41.912236414457624, "11_11_14": 37.53181206552606, "11_11_18": 43.08596600984272, "11_11_15": 41.61315137461612, "11_11_9": 45.1586510507684, "11_11_4": 41.502891063690186, "11_11_1": 42.00676646985506, "11_11_2": 37.708234184666686, "11_11_7": 39.30502951772589, "12_12_9": 31.926931883159437, "12_12_12": 26.71841761940404, "12_12_2": 32.74972674721166, "12_12_1": 27.10674928364001, "12_12_13": 31.24644630833676, "12_12_15": 30.5967603984632, "12_12_8": 29.46971200641833, "12_12_16": 31.84454215200324, "12_12_17": 27.546148049203975, "12_12_7": 47.93771161531147, "12_12_0": 29.077861886275443, "12_12_18": 26.37817789378919, "12_12_4": 38.702484833566764, "12_12_6": 28.39373126782869, "12_12_14": 34.079041932758535, "12_12_5": 26.439375425639906, "12_12_10": 26.21360296952097, "12_12_19": 30.37710902565404, "12_12_3": 29.34159278869629, "12_12_11": 27.349994659423828, "13_13_5": 24.758085752788343, "13_13_17": 32.51192885950992, "13_13_0": 26.873791795027884, "13_13_1": 34.355375691464076, "13_13_13": 30.121769754510176, "13_13_7": 29.56911056920102, "13_13_12": 28.077445281179326, "13_13_19": 31.59728200812089, "13_13_18": 32.19099988435444, "13_13_10": 26.265275051719264, "13_13_9": 39.97048558686909, "13_13_6": 26.049826421235736, "13_13_4": 32.44418525695801, "13_13_16": 28.241963235955488, "13_13_3": 29.69688425566021, "13_13_14": 25.5022164394981, "13_13_8": 31.716473027279502, "13_13_2": 24.425628360949066, "13_13_11": 25.628014915867855, "13_13_15": 26.950355329011614, "14_14_1": 28.182237675315456, "14_14_0": 22.958144840441253, "14_14_12": 28.495592719630192, "14_14_2": 31.343598415977077,