{"0.png": {"intrinsics": [[2985.29, 0.0, 512.0], [0.0, 2985.29, 512.0], [0.0, 0.0, 1.0]], "pose": [[0.973828136920929, -0.13504332304000854, -0.18281686305999756, 0.46967244148254395], [-0.14270982146263123, -0.9893282055854797, -0.029388243332505226, 0.0884140282869339], [-0.17689719796180725, 0.05470886081457138, -0.9827076196670532, 2.7304701805114746], [0.0, 0.0, 0.0, 1.0]]}, "1.png": {"intrinsics": [[2985.29, 0.0, 512.0], [0.0, 2985.29, 512.0], [0.0, 0.0, 1.0]], "pose": [[0.8853709697723389, 0.03810703754425049, -0.4633207619190216, 1.2123810052871704], [-0.09103310108184814, -0.9631286263465881, -0.2531723976135254, 0.6782060265541077], [-0.4558851420879364, 0.2663290202617645, -0.8492571115493774, 2.391190528869629], [0.0, 0.0, 0.0, 1.0]]}, "10.png": {"intrinsics": [[2985.29, 0.0, 512.0], [0.0, 2985.29, 512.0], [0.0, 0.0, 1.0]], "pose": [[0.7867895364761353, 0.16744117438793182, -0.5940754413604736, 1.6092267036437988], [0.1660667061805725, -0.9844351410865784, -0.057527076452970505, 0.16016745567321777], [-0.5944610834121704, -0.05339445173740387, -0.8023496866226196, 2.329148769378662], [0.0, 0.0, 0.0, 1.0]]}, "11.png": {"intrinsics": [[2985.29, 0.0, 512.0], [0.0, 2985.29, 512.0], [0.0, 0.0, 1.0]], "pose": [[0.9314468502998352, -0.009266902692615986, -0.36375942826271057, 0.9452049732208252], [-0.0555134192109108, -0.991592526435852, -0.1168871596455574, 0.3196622431278229], [-0.3596179485321045, 0.12906770408153534, -0.9241301417350769, 2.563739776611328], [0.0, 0.0, 0.0, 1.0]]}, "12.png": {"intrinsics": [[2985.29, 0.0, 512.0], [0.0, 2985.29, 512.0], [0.0, 0.0, 1.0]], "pose": [[0.8653321266174316, -0.041922006756067276, -0.49944257736206055, 1.3439518213272095], [-0.003010861575603485, -0.9969125986099243, 0.07846184074878693, -0.21276633441448212], [-0.5011898875236511, -0.06639178842306137, -0.8627867102622986, 2.4923558235168457], [0.0, 0.0, 0.0, 1.0]]}, "13.png": {"intrinsics": [[2985.29, 0.0, 512.0], [0.0, 2985.29, 512.0], [0.0, 0.0, 1.0]], "pose": [[0.8984843492507935, -0.01243332214653492, -0.4388294517993927, 1.1636972427368164], [-0.05099654197692871, -0.9957876205444336, -0.07619964331388474, 0.21069417893886566], [-0.4360335171222687, 0.09084296971559525, -0.8953336477279663, 2.5487442016601562], [0.0, 0.0, 0.0, 1.0]]}, "14.png": {"intrinsics": [[2985.29, 0.0, 512.0], [0.0, 2985.29, 512.0], [0.0, 0.0, 1.0]], "pose": [[0.991249680519104, -0.07121157646179199, -0.11114399135112762, 0.2914081811904907], [-0.07053614407777786, -0.9974590539932251, 0.010002309456467628, -0.020546087995171547], [-0.11157386004924774, -0.0020751170814037323, -0.993753969669342, 2.7500548362731934], [0.0, 0.0, 0.0, 1.0]]}, "15.png": {"intrinsics": [[2985.29, 0.0, 512.0], [0.0, 2985.29, 512.0], [0.0, 0.0, 1.0]], "pose": [[0.9338883757591248, 0.016660956665873528, -0.35717636346817017, 0.9402762055397034], [-0.017283970490098, -0.9956427216529846, -0.09163444489240646, 0.2546485960483551], [-0.3571467399597168, 0.09174976497888565, -0.9295311570167542, 2.62385892868042], [0.0, 0.0, 0.0, 1.0]]}, "16.png": {"intrinsics": [[2985.29, 0.0, 512.0], [0.0, 2985.29, 512.0], [0.0, 0.0, 1.0]], "pose": [[0.9713550209999084, 0.07219710201025009, -0.2264000028371811, 0.6499215364456177], [0.08387875556945801, -0.9955736994743347, 0.042396266013383865, -0.12507638335227966], [-0.222337007522583, -0.06017197668552399, -0.9731113314628601, 2.9575307369232178], [0.0, 0.0, 0.0, 1.0]]}, "17.png": {"intrinsics": [[2985.29, 0.0, 512.0], [0.0, 2985.29, 512.0], [0.0, 0.0, 1.0]], "pose": [[0.8502584099769592, -0.06480765342712402, -0.5223605632781982, 1.3710941076278687], [-0.13910385966300964, -0.9847756624221802, -0.10424450784921646, 0.28238967061042786], [-0.5076521039009094, 0.16129714250564575, -0.846328854560852, 2.395418167114258], [0.0, 0.0, 0.0, 1.0]]}, "18.png": {"intrinsics": [[2985.29, 0.0, 512.0], [0.0, 2985.29, 512.0], [0.0, 0.0, 1.0]], "pose": [[0.8578899502754211, -0.01288678590208292, -0.5136718153953552, 1.3557839393615723], [-0.03678881749510765, -0.9986603260040283, -0.036387499421834946, 0.1089705377817154], [-0.5125147700309753, 0.050113845616579056, -0.8572148084640503, 2.438995122909546], [0.0, 0.0, 0.0, 1.0]]}, "19.png": {"intrinsics": [[2985.29, 0.0, 512.0], [0.0, 2985.29, 512.0], [0.0, 0.0, 1.0]], "pose": [[0.8762990832328796, 0.061440546065568924, -0.47783368825912476, 1.2576048374176025], [-0.00822485238313675, -0.9897820353507996, -0.1423511505126953, 0.385894775390625], [-0.48169735074043274, 0.1286722868680954, -0.8668397068977356, 2.4451236724853516], [0.0, 0.0, 0.0, 1.0]]}, "2.png": {"intrinsics": [[2985.29, 0.0, 512.0], [0.0, 2985.29, 512.0], [0.0, 0.0, 1.0]], "pose": [[0.8863173127174377, -0.01895822398364544, -0.4626900851726532, 1.227259635925293], [-0.03078513965010643, -0.9993634819984436, -0.018023399636149406, 0.05538821592926979], [-0.46205389499664307, 0.03021843172609806, -0.8863368630409241, 2.5280375480651855], [0.0, 0.0, 0.0, 1.0]]}, "3.png": {"intrinsics": [[2985.29, 0.0, 512.0], [0.0, 2985.29, 512.0], [0.0, 0.0, 1.0]], "pose": [[0.9422880411148071, 0.20863334834575653, -0.26185014843940735, 0.6749194264411926], [0.164341539144516, -0.9696237444877625, -0.18116769194602966, 0.4771729111671448], [-0.29169371724128723, 0.12767928838729858, -0.9479519128799438, 2.6120731830596924], [0.0, 0.0, 0.0, 1.0]]}, "4.png": {"intrinsics": [[2985.29, 0.0, 512.0], [0.0, 2985.29, 512.0], [0.0, 0.0, 1.0]], "pose": [[0.8326746225357056, -0.020402953028678894, -0.5533865690231323, 1.501096248626709], [-0.04165761545300484, -0.9987972974777222, -0.025856832042336464, 0.07264229655265808], [-0.5521934628486633, 0.044583093374967575, -0.8325231075286865, 2.4227333068847656], [0.0, 0.0, 0.0, 1.0]]}, "5.png": {"intrinsics": [[2985.29, 0.0, 512.0], [0.0, 2985.29, 512.0], [0.0, 0.0, 1.0]], "pose": [[0.827427327632904, -0.026485836133360863, -0.5609478950500488, 1.4237521886825562], [-0.07771694660186768, -0.9946761131286621, -0.06767168641090393, 0.17472557723522186], [-0.5561691522598267, 0.0995885580778122, -0.8250806331634521, 2.291829824447632], [0.0, 0.0, 0.0, 1.0]]}, "6.png": {"intrinsics": [[2985.29, 0.0, 512.0], [0.0, 2985.29, 512.0], [0.0, 0.0, 1.0]], "pose": [[0.8940284252166748, -0.11303849518299103, -0.4335152208805084, 1.138834834098816], [-0.13734102249145508, -0.9902072548866272, -0.02504003793001175, 0.07999332994222641], [-0.42643943428993225, 0.08192592859268188, -0.9007982611656189, 2.536301851272583], [0.0, 0.0, 0.0, 1.0]]}, "7.png": {"intrinsics": [[2985.29, 0.0, 512.0], [0.0, 2985.29, 512.0], [0.0, 0.0, 1.0]], "pose": [[0.8520902991294861, 0.047363393008708954, -0.5212474465370178, 1.3491642475128174], [0.006091821938753128, -0.9967271685600281, -0.08060968667268753, 0.22005704045295715], [-0.523359477519989, 0.06551137566566467, -0.849590003490448, 2.368985652923584], [0.0, 0.0, 0.0, 1.0]]}, "8.png": {"intrinsics": [[2985.29, 0.0, 512.0], [0.0, 2985.29, 512.0], [0.0, 0.0, 1.0]], "pose": [[0.9139308333396912, 0.037890929728746414, -0.40409746766090393, 1.0848363637924194], [-0.00019148364663124084, -0.9955922961235046, -0.0937865823507309, 0.24754561483860016], [-0.4058700203895569, 0.08579182624816895, -0.9098952412605286, 2.615968942642212], [0.0, 0.0, 0.0, 1.0]]}, "9.png": {"intrinsics": [[2985.29, 0.0, 512.0], [0.0, 2985.29, 512.0], [0.0, 0.0, 1.0]], "pose": [[0.7932955026626587, -0.013830619864165783, -0.6086797714233398, 1.59225594997406], [-0.06890563666820526, -0.9953581094741821, -0.06718821823596954, 0.18170824646949768], [-0.6049250364303589, 0.09524156898260117, -0.790566086769104, 2.2406322956085205], [0.0, 0.0, 0.0, 1.0]]}}