{"0.png": {"intrinsics": [[2985.29, 0.0, 512.0], [0.0, 2985.29, 512.0], [0.0, 0.0, 1.0]], "pose": [[0.9229532480239868, 0.009779155254364014, -0.3847878575325012, 1.004374384880066], [-0.004047410562634468, -0.9993754029273987, -0.03510666266083717, 0.10079912841320038], [-0.3848908245563507, 0.03395920246839523, -0.9223371744155884, 2.5827548503875732], [0.0, 0.0, 0.0, 1.0]]}, "1.png": {"intrinsics": [[2985.29, 0.0, 512.0], [0.0, 2985.29, 512.0], [0.0, 0.0, 1.0]], "pose": [[0.8979676961898804, 0.01353952381759882, -0.43985292315483093, 1.1842454671859741], [-0.01729121059179306, -0.9976691007614136, -0.06601051241159439, 0.18386973440647125], [-0.43972140550613403, 0.06688090413808823, -0.8956405520439148, 2.580580711364746], [0.0, 0.0, 0.0, 1.0]]}, "10.png": {"intrinsics": [[2985.29, 0.0, 512.0], [0.0, 2985.29, 512.0], [0.0, 0.0, 1.0]], "pose": [[0.8960109353065491, -0.006227339152246714, -0.44398829340934753, 1.201828956604004], [-0.056038785725831985, -0.9934925436973572, -0.09915700554847717, 0.27492067217826843], [-0.44048160314559937, 0.11372632533311844, -0.8905291557312012, 2.569786787033081], [0.0, 0.0, 0.0, 1.0]]}, "11.png": {"intrinsics": [[2985.29, 0.0, 512.0], [0.0, 2985.29, 512.0], [0.0, 0.0, 1.0]], "pose": [[0.9339147806167603, 0.07458612322807312, -0.34962859749794006, 0.9265255331993103], [0.023675020784139633, -0.9887503385543823, -0.1476898491382599, 0.4058475196361542], [-0.3567110300064087, 0.1296522617340088, -0.925174355506897, 2.617258071899414], [0.0, 0.0, 0.0, 1.0]]}, "12.png": {"intrinsics": [[2985.29, 0.0, 512.0], [0.0, 2985.29, 512.0], [0.0, 0.0, 1.0]], "pose": [[0.9189807176589966, 0.0896698534488678, -0.38397103548049927, 1.0016852617263794], [0.04524720087647438, -0.9913473129272461, -0.12321937829256058, 0.32952186465263367], [-0.3916977643966675, 0.09586261212825775, -0.9150864481925964, 2.5723512172698975], [0.0, 0.0, 0.0, 1.0]]}, "13.png": {"intrinsics": [[2985.29, 0.0, 512.0], [0.0, 2985.29, 512.0], [0.0, 0.0, 1.0]], "pose": [[0.9367941617965698, 0.08205405622720718, -0.34012332558631897, 0.8986256122589111], [0.030261758714914322, -0.9874703884124756, -0.15487590432167053, 0.4298911690711975], [-0.3485698997974396, 0.13479411602020264, -0.927539587020874, 2.6176681518554688], [0.0, 0.0, 0.0, 1.0]]}, "14.png": {"intrinsics": [[2985.29, 0.0, 512.0], [0.0, 2985.29, 512.0], [0.0, 0.0, 1.0]], "pose": [[0.9070056676864624, 0.11779551208019257, -0.404308021068573, 1.0637680292129517], [0.07572828978300095, -0.9900539517402649, -0.11856783926486969, 0.31599923968315125], [-0.4142535328865051, 0.0769241601228714, -0.9069049954414368, 2.560347080230713], [0.0, 0.0, 0.0, 1.0]]}, "15.png": {"intrinsics": [[2985.29, 0.0, 512.0], [0.0, 2985.29, 512.0], [0.0, 0.0, 1.0]], "pose": [[0.9177222847938538, 0.07973232865333557, -0.38913822174072266, 1.0277655124664307], [0.04440838471055031, -0.9941004514694214, -0.09895553439855576, 0.2722599506378174], [-0.39473244547843933, 0.07353270053863525, -0.9158489108085632, 2.596982479095459], [0.0, 0.0, 0.0, 1.0]]}, "16.png": {"intrinsics": [[2985.29, 0.0, 512.0], [0.0, 2985.29, 512.0], [0.0, 0.0, 1.0]], "pose": [[0.9380349516868591, 0.046812839806079865, -0.3433643579483032, 0.9096803665161133], [0.0020546652376651764, -0.9915677309036255, -0.1295730173587799, 0.3583100736141205], [-0.34653472900390625, 0.12083850055932999, -0.9302213788032532, 2.6216940879821777], [0.0, 0.0, 0.0, 1.0]]}, "17.png": {"intrinsics": [[2985.29, 0.0, 512.0], [0.0, 2985.29, 512.0], [0.0, 0.0, 1.0]], "pose": [[0.8901318907737732, 0.012796695344150066, -0.4555232524871826, 1.2444288730621338], [-0.02114926092326641, -0.9973685145378113, -0.0693458616733551, 0.19563138484954834], [-0.45521193742752075, 0.07136094570159912, -0.8875188231468201, 2.590742349624634], [0.0, 0.0, 0.0, 1.0]]}, "18.png": {"intrinsics": [[2985.29, 0.0, 512.0], [0.0, 2985.29, 512.0], [0.0, 0.0, 1.0]], "pose": [[0.8880035877227783, -0.012401196174323559, -0.459669291973114, 1.2219291925430298], [-0.05846069008111954, -0.9945694804191589, -0.08610419183969498, 0.2379632592201233], [-0.4561052620410919, 0.10333340615034103, -0.8839062452316284, 2.5242936611175537], [0.0, 0.0, 0.0, 1.0]]}, "19.png": {"intrinsics": [[2985.29, 0.0, 512.0], [0.0, 2985.29, 512.0], [0.0, 0.0, 1.0]], "pose": [[0.9391363263130188, 0.033515386283397675, -0.3419058322906494, 0.9040015339851379], [0.002715621143579483, -0.9959229230880737, -0.0901663601398468, 0.2511257827281952], [-0.34353384375572205, 0.08375001698732376, -0.935398519039154, 2.638568162918091], [0.0, 0.0, 0.0, 1.0]]}, "2.png": {"intrinsics": [[2985.29, 0.0, 512.0], [0.0, 2985.29, 512.0], [0.0, 0.0, 1.0]], "pose": [[0.9683291912078857, 0.1812870353460312, -0.171678826212883, 0.44562309980392456], [0.17032599449157715, -0.982399582862854, -0.07668206095695496, 0.21228215098381042], [-0.18255867063999176, 0.04501211270689964, -0.9821640849113464, 2.7263922691345215], [0.0, 0.0, 0.0, 1.0]]}, "3.png": {"intrinsics": [[2985.29, 0.0, 512.0], [0.0, 2985.29, 512.0], [0.0, 0.0, 1.0]], "pose": [[0.9151465892791748, 0.09942776709794998, -0.3906671702861786, 1.022037386894226], [0.06079521030187607, -0.9920623898506165, -0.11007329076528549, 0.2925891578197479], [-0.39851054549217224, 0.07698250561952591, -0.9139272570610046, 2.573430061340332], [0.0, 0.0, 0.0, 1.0]]}, "4.png": {"intrinsics": [[2985.29, 0.0, 512.0], [0.0, 2985.29, 512.0], [0.0, 0.0, 1.0]], "pose": [[0.9015980958938599, 0.014980043284595013, -0.43231528997421265, 1.1778428554534912], [-0.013016985729336739, -0.9980080723762512, -0.06172877177596092, 0.17404808104038239], [-0.4323788583278656, 0.06128198653459549, -0.8996071219444275, 2.6227574348449707], [0.0, 0.0, 0.0, 1.0]]}, "5.png": {"intrinsics": [[2985.29, 0.0, 512.0], [0.0, 2985.29, 512.0], [0.0, 0.0, 1.0]], "pose": [[0.9384295344352722, 0.018461385741829872, -0.34497693181037903, 0.9207102656364441], [-0.007491536438465118, -0.9972488284111023, -0.07374659925699234, 0.21125943958759308], [-0.3453892767429352, 0.07179040461778641, -0.935709536075592, 2.66677188873291], [0.0, 0.0, 0.0, 1.0]]}, "6.png": {"intrinsics": [[2985.29, 0.0, 512.0], [0.0, 2985.29, 512.0], [0.0, 0.0, 1.0]], "pose": [[0.9372550249099731, 0.11136703938245773, -0.3303791880607605, 0.8618389964103699], [0.062100961804389954, -0.9857836365699768, -0.15612176060676575, 0.4331359267234802], [-0.3430692255496979, 0.12580902874469757, -0.9308467507362366, 2.6019864082336426], [0.0, 0.0, 0.0, 1.0]]}, "7.png": {"intrinsics": [[2985.29, 0.0, 512.0], [0.0, 2985.29, 512.0], [0.0, 0.0, 1.0]], "pose": [[0.9129689335823059, 0.0030406927689909935, -0.4080178141593933, 1.0867230892181396], [-0.04560443013906479, -0.9929463863372803, -0.10944294929504395, 0.29852527379989624], [-0.40547260642051697, 0.1185254231095314, -0.9063904881477356, 2.5835671424865723], [0.0, 0.0, 0.0, 1.0]]}, "8.png": {"intrinsics": [[2985.29, 0.0, 512.0], [0.0, 2985.29, 512.0], [0.0, 0.0, 1.0]], "pose": [[0.8972139954566956, 0.014076140709221363, -0.4413716793060303, 1.2141753435134888], [-0.009977482259273529, -0.9985904693603516, -0.05212893337011337, 0.1497066766023636], [-0.44148334860801697, 0.0511745885014534, -0.8958088755607605, 2.616743803024292], [0.0, 0.0, 0.0, 1.0]]}, "9.png": {"intrinsics": [[2985.29, 0.0, 512.0], [0.0, 2985.29, 512.0], [0.0, 0.0, 1.0]], "pose": [[0.9179567098617554, 0.08814975619316101, -0.38676220178604126, 1.0194995403289795], [0.04377932474017143, -0.9915537238121033, -0.12208455801010132, 0.3276286721229553], [-0.39425721764564514, 0.09513615816831589, -0.9140625596046448, 2.589677333831787], [0.0, 0.0, 0.0, 1.0]]}}