{"0_18": 26.22906584488718, "0_5": 39.218953584369864, "0_11": 31.203245664897718, "0_4": 29.093689617357757, "0_16": 31.470674113223428, "0_14": 31.69130455820184, "0_15": 27.33287525177002, "0_12": 32.31578003732782, "0_0": 27.279037274812396, "0_8": 37.07137579666941, "0_19": 26.378324508666992, "0_10": 31.34173051934493, "0_7": 28.508352279663086, "0_3": 29.571483913220856, "0_1": 28.25141264262952, "0_2": 36.89423520941483, "0_9": 29.297150862844365, "0_17": 30.754785136172647, "0_6": 28.51721060903449, "0_13": 34.03783326399954, "1_12": 30.85788355375591, "1_8": 40.075706582320365, "1_14": 29.87082461306923, "1_15": 25.93064318205181, "1_5": 34.20363827755577, "1_13": 30.308266890676396, "1_16": 37.03821739397551, "1_7": 26.084569278516266, "1_3": 27.690417791667738, "1_0": 27.796065430892142, "1_11": 39.81300183346397, "1_18": 27.437489258615596, "1_19": 30.39365547581723, "1_2": 26.14833876961156, "1_10": 28.048634077373304, "1_17": 35.70380120528372, "1_4": 36.41295131884123, "1_9": 28.273195567883942, "1_6": 29.02114496733013, "1_1": 36.94243827619051, "2_11": 20.61448830052426, "2_18": 18.873747373882093, "2_9": 21.437755183169717, "2_17": 22.208802624752646, "2_15": 19.51522395485326, "2_7": 24.622780749672337, "2_6": 22.767690357409027, "2_16": 22.473535136172647, "2_1": 18.666871723375824, "2_2": 22.147678224663984, "2_13": 25.742875350149053, "2_10": 24.147227739032946, "2_0": 19.490792224281712, "2_5": 22.945251414650365, "2_19": 21.71184163344534, "2_14": 22.749267829091924, "2_3": 21.51579269609953, "2_8": 23.518339408071416, "2_4": 26.35070047880474, "2_12": 21.679098480626156, "3_14": 37.7045178664358, "3_9": 25.869365340784977, "3_5": 25.837437378732783, "3_1": 36.16015896044279, "3_15": 27.721107382523385, "3_8": 27.176556737799395, "3_3": 25.611848780983372, "3_19": 30.961515828182822, "3_6": 26.71284966719778, "3_18": 25.968767668071546, "3_13": 29.0160651959871, "3_10": 25.602767542788857, "3_4": 30.91075967487536, "3_16": 25.95478680259303, "3_7": 30.81675880833676, "3_17": 25.078717683490954, "3_2": 43.7769082721911, "3_0": 38.638504429867396, "3_11": 40.96951936420641, "3_12": 27.623247246993216, "4_10": 22.146789400201094, "4_13": 18.30786539378919, "4_11": 23.15333622380307, "4_18": 20.778653345609968, "4_9": 18.0096660915174, "4_4": 21.37730292270058, "4_5": 20.829861540543405, "4_2": 26.134207073010895, "4_3": 19.140652957715485, "4_15": 19.397070432964124, "4_19": 20.476913452148438, "4_12": 18.588799275849993, "4_6": 26.984574267738743, "4_17": 19.878192098517168, "4_7": 19.051190225701582, "4_16": 22.463086931329023, "4_8": 34.55164849130731, "4_0": 23.58107752549021, "4_1": 30.442611593949167, "4_14": 18.672415432177093, "5_14": 20.26052148718583, "5_1": 21.034018968280993, "5_7": 24.646465301513672, "5_16": 22.149850694756758, "5_5": 23.82529966454757, "5_6": 26.721743935032894, "5_17": 21.825389962447318, "5_10": 19.361093370538008, "5_0": 25.123854787726152, "5_3": 23.18037324202688, "5_8": 25.598373312699167, "5_11": 23.103441388983477, "5_9": 20.525008251792507, "5_12": 25.370260439421003, "5_15": 26.301761125263415, "5_4": 26.18282709623638, "5_18": 25.233488434239437, "5_2": 20.66089886113217, "5_19": 29.919310419183027, "5_13": 24.024590492248535, "6_0": 23.892289814196136, "6_17": 33.0237778111508, "6_10": 25.453494774667842, "6_2": 26.262564207378187, "6_13": 27.12126330325478, "6_8": 28.052276009007503, "6_3": 24.474962485463994, "6_16": 24.920507431030273, "6_19": 26.739133634065325, "6_14": 25.505467565436113, "6_4": 25.19897430821469, "6_5": 25.130101756045693, "6_9": 24.5983146868254, "6_12": 28.91813930712248, "6_7": 23.786309894762542, "6_6": 27.40551055105109, "6_15": 23.283105549059417, "6_18": 24.322179995085065, "6_1": 25.551727395308646, "6_11": 26.127707832737972, "7_17": 30.46008842869809, "7_0": 34.36591078105726, "7_9": 33.19933876238371, "7_11": 30.477737025210732, "7_8": 32.99925392552426, "7_4": 34.50791635011372, "7_6": 28.52261101572137, "7_3": 30.90527760355096, "7_16": 31.01459232129549, "7_19": 28.667071693821956, "7_15": 30.074216139943974, "7_12": 30.32572906895688, "7_7": 35.150221824645996, "7_1": 28.80733419719495, "7_18": 27.791255649767425, "7_14": 38.930235410991465, "7_10": 31.11592533713893, "7_2": 33.61217840094315, "7_5": 30.248488175241572, "7_13": 32.91768977516576, "8_7": 29.4096968801398, "8_6": 27.6516974097804, "8_15": 28.77169458489669, "8_12": 28.731288458171644, "8_13": 34.7872169896176, "8_11": 33.3709064282869, "8_17": 34.615856672588144, "8_8": 44.699792761551706, "8_19": 37.16179988258764, "8_18": 30.289411344026263, "8_0": 29.45508695903577, "8_3": 43.104728397570156, "8_4": 29.729630118922184, "8_1": 29.73180956589548, "8_10": 30.716088244789525, "8_14": 29.9794864654541, "8_5": 28.820849468833522, "8_2": 28.175623090643633, "8_16": 41.994218826293945, "8_9": 33.60574210317511, "9_1": 28.275067580373662, "9_18": 31.577626680072985, "9_6": 32.46218601026033, "9_14": 32.91479090640419, "9_0": 28.61723377830104, "9_10": 32.19595798693205, "9_17": 31.025461196899414, "9_3": 29.413179698743317, "9_19": 38.295388874254726, "9_13": 29.158999091700505, "9_8": 36.46375666166607, "9_9": 32.98290995547646, "9_11": 28.31976318359375, "9_12": 35.27282644573011, "9_4": 33.72899125751696, "9_7": 31.121918728477077, "9_2": 34.32364383496736, "9_15": 34.98708092538934, "9_5": 31.487334602757503, "9_16": 40.56320391203228}