{"0.png": {"intrinsics": [[2985.29, 0.0, 512.0], [0.0, 2985.29, 512.0], [0.0, 0.0, 1.0]], "pose": [[0.9819890856742859, -0.07901635020971298, 0.17162124812602997, -0.4501143991947174], [-0.06529537588357925, -0.9943088293075562, -0.08418136090040207, 0.23969954252243042], [0.1772962212562561, 0.0714590921998024, -0.9815598130226135, 2.714144229888916], [0.0, 0.0, 0.0, 1.0]]}, "1.png": {"intrinsics": [[2985.29, 0.0, 512.0], [0.0, 2985.29, 512.0], [0.0, 0.0, 1.0]], "pose": [[0.9820404648780823, -0.058260880410671234, 0.17944970726966858, -0.471713125705719], [-0.06548963487148285, -0.9972524642944336, 0.03462062403559685, -0.09013581275939941], [0.17693965137004852, -0.045750949531793594, -0.9831578135490417, 2.7643115520477295], [0.0, 0.0, 0.0, 1.0]]}, "10.png": {"intrinsics": [[2985.29, 0.0, 512.0], [0.0, 2985.29, 512.0], [0.0, 0.0, 1.0]], "pose": [[0.8940736055374146, -0.19979839026927948, 0.4008902609348297, -1.0708739757537842], [-0.175886869430542, -0.9797170758247375, -0.09601153433322906, 0.26453685760498047], [0.4119419753551483, 0.01533004641532898, -0.911081075668335, 2.590435743331909], [0.0, 0.0, 0.0, 1.0]]}, "11.png": {"intrinsics": [[2985.29, 0.0, 512.0], [0.0, 2985.29, 512.0], [0.0, 0.0, 1.0]], "pose": [[0.9944059252738953, 0.03689444065093994, 0.09897308051586151, -0.2570830285549164], [0.04241129010915756, -0.9976274371147156, -0.05422821268439293, 0.14378859102725983], [0.09673754870891571, 0.0581224299967289, -0.9936113953590393, 2.7668099403381348], [0.0, 0.0, 0.0, 1.0]]}, "12.png": {"intrinsics": [[2985.29, 0.0, 512.0], [0.0, 2985.29, 512.0], [0.0, 0.0, 1.0]], "pose": [[0.972718358039856, 0.0036735294852405787, 0.23196004331111908, -0.6042017340660095], [0.023385850712656975, -0.9963340759277344, -0.08228910714387894, 0.23279374837875366], [0.23080740869045258, 0.08546870946884155, -0.9692384004592896, 2.669569969177246], [0.0, 0.0, 0.0, 1.0]]}, "13.png": {"intrinsics": [[2985.29, 0.0, 512.0], [0.0, 2985.29, 512.0], [0.0, 0.0, 1.0]], "pose": [[0.824444055557251, -0.07190831750631332, 0.5613565444946289, -1.4684031009674072], [-0.05511167272925377, -0.9973818063735962, -0.04682149738073349, 0.1388317495584488], [0.5632537007331848, 0.007664404809474945, -0.8262485265731812, 2.3216397762298584], [0.0, 0.0, 0.0, 1.0]]}, "14.png": {"intrinsics": [[2985.29, 0.0, 512.0], [0.0, 2985.29, 512.0], [0.0, 0.0, 1.0]], "pose": [[0.8488272428512573, -0.19228015840053558, 0.4924638867378235, -1.2991117238998413], [-0.1534159779548645, -0.9810184836387634, -0.11860106885433197, 0.32120800018310547], [0.5059207677841187, 0.025119982659816742, -0.8622140884399414, 2.4322376251220703], [0.0, 0.0, 0.0, 1.0]]}, "15.png": {"intrinsics": [[2985.29, 0.0, 512.0], [0.0, 2985.29, 512.0], [0.0, 0.0, 1.0]], "pose": [[0.7834502458572388, -0.09335043281316757, 0.6144033074378967, -1.5538750886917114], [-0.07244105637073517, -0.995631992816925, -0.05890056863427162, 0.16539402306079865], [0.6172179579734802, 0.0016376376152038574, -0.7867904901504517, 2.1487245559692383], [0.0, 0.0, 0.0, 1.0]]}, "16.png": {"intrinsics": [[2985.29, 0.0, 512.0], [0.0, 2985.29, 512.0], [0.0, 0.0, 1.0]], "pose": [[0.9553027153015137, -0.0661342442035675, 0.28813713788986206, -0.7592023611068726], [-0.027954045683145523, -0.9904971718788147, -0.13466227054595947, 0.36133864521980286], [0.29430481791496277, 0.12058864533901215, -0.9480733275413513, 2.6784119606018066], [0.0, 0.0, 0.0, 1.0]]}, "17.png": {"intrinsics": [[2985.29, 0.0, 512.0], [0.0, 2985.29, 512.0], [0.0, 0.0, 1.0]], "pose": [[0.9204666018486023, -0.14560912549495697, 0.36268335580825806, -0.9258736968040466], [-0.1708407700061798, -0.9845536947250366, 0.03830671310424805, -0.09797432273626328], [0.35150346159935, -0.09722115099430084, -0.931124746799469, 2.5575554370880127], [0.0, 0.0, 0.0, 1.0]]}, "18.png": {"intrinsics": [[2985.29, 0.0, 512.0], [0.0, 2985.29, 512.0], [0.0, 0.0, 1.0]], "pose": [[0.9835379719734192, -0.04439088702201843, 0.17516447603702545, -0.4539094567298889], [-0.032454755157232285, -0.9969887137413025, -0.07042937725782394, 0.19034452736377716], [0.1777634173631668, 0.06358504295349121, -0.982016921043396, 2.7270750999450684], [0.0, 0.0, 0.0, 1.0]]}, "19.png": {"intrinsics": [[2985.29, 0.0, 512.0], [0.0, 2985.29, 512.0], [0.0, 0.0, 1.0]], "pose": [[0.8072894215583801, -0.049862805753946304, 0.5880454778671265, -1.5143946409225464], [0.02228795737028122, -0.9931374788284302, -0.11480990797281265, 0.3050292730331421], [0.5897347331047058, 0.10579115152359009, -0.8006380200386047, 2.2438340187072754], [0.0, 0.0, 0.0, 1.0]]}, "2.png": {"intrinsics": [[2985.29, 0.0, 512.0], [0.0, 2985.29, 512.0], [0.0, 0.0, 1.0]], "pose": [[0.959073543548584, -0.0976463183760643, 0.26578786969184875, -0.6943185925483704], [-0.06922712922096252, -0.991032600402832, -0.1142895519733429, 0.3095058798789978], [0.27456438541412354, 0.09121236205101013, -0.9572328329086304, 2.679640531539917], [0.0, 0.0, 0.0, 1.0]]}, "3.png": {"intrinsics": [[2985.29, 0.0, 512.0], [0.0, 2985.29, 512.0], [0.0, 0.0, 1.0]], "pose": [[0.8612987399101257, -0.17474955320358276, 0.4771028161048889, -1.212475061416626], [-0.13535748422145844, -0.9839773178100586, -0.11604704707860947, 0.30053943395614624], [0.48973751068115234, 0.03537173569202423, -0.8711521029472351, 2.382143497467041], [0.0, 0.0, 0.0, 1.0]]}, "4.png": {"intrinsics": [[2985.29, 0.0, 512.0], [0.0, 2985.29, 512.0], [0.0, 0.0, 1.0]], "pose": [[0.97975093126297, 0.19107753038406372, 0.05981196090579033, -0.1579378992319107], [0.18182465434074402, -0.9741866588592529, 0.13379111886024475, -0.35852959752082825], [0.08383249491453171, -0.12020669132471085, -0.9892029166221619, 2.8108532428741455], [0.0, 0.0, 0.0, 1.0]]}, "5.png": {"intrinsics": [[2985.29, 0.0, 512.0], [0.0, 2985.29, 512.0], [0.0, 0.0, 1.0]], "pose": [[0.9911195039749146, 0.02641427330672741, 0.13032428920269012, -0.3355911374092102], [0.023749029263854027, -0.9994766116142273, 0.0219630878418684, -0.055419303476810455], [0.13083623349666595, -0.018672971054911613, -0.9912281036376953, 2.732623815536499], [0.0, 0.0, 0.0, 1.0]]}, "6.png": {"intrinsics": [[2985.29, 0.0, 512.0], [0.0, 2985.29, 512.0], [0.0, 0.0, 1.0]], "pose": [[0.9834631085395813, -0.07545014470815659, 0.16464370489120483, -0.4369923174381256], [-0.06690983474254608, -0.9961397051811218, -0.05682289972901344, 0.16737769544124603], [0.16829541325569153, 0.04486694186925888, -0.9847149848937988, 2.735139846801758], [0.0, 0.0, 0.0, 1.0]]}, "7.png": {"intrinsics": [[2985.29, 0.0, 512.0], [0.0, 2985.29, 512.0], [0.0, 0.0, 1.0]], "pose": [[0.940855860710144, -0.03166826441884041, 0.3373238742351532, -0.8631349205970764], [0.01093357801437378, -0.992265522480011, -0.1236504465341568, 0.32987940311431885], [0.33863067626953125, 0.1200253963470459, -0.9332326054573059, 2.5480239391326904], [0.0, 0.0, 0.0, 1.0]]}, "8.png": {"intrinsics": [[2985.29, 0.0, 512.0], [0.0, 2985.29, 512.0], [0.0, 0.0, 1.0]], "pose": [[0.9399940371513367, -0.08949482440948486, 0.3292444348335266, -0.8419139385223389], [-0.12729161977767944, -0.9873003959655762, 0.09505124390125275, -0.23624859750270844], [0.31655657291412354, -0.13125765323638916, -0.9394484162330627, 2.5764360427856445], [0.0, 0.0, 0.0, 1.0]]}, "9.png": {"intrinsics": [[2985.29, 0.0, 512.0], [0.0, 2985.29, 512.0], [0.0, 0.0, 1.0]], "pose": [[0.9685618877410889, -0.05994142219424248, 0.24144341051578522, -0.6253568530082703], [-0.07672400027513504, -0.995202362537384, 0.060710277408361435, -0.15494631230831146], [0.23664598166942596, -0.07732616364955902, -0.9685140252113342, 2.679058790206909], [0.0, 0.0, 0.0, 1.0]]}}