{"0.png": {"intrinsics": [[2985.29, 0.0, 512.0], [0.0, 2985.29, 512.0], [0.0, 0.0, 1.0]], "pose": [[0.9371209144592285, 0.10216904431581497, -0.3337152600288391, 0.8994719982147217], [0.009013749659061432, -0.9629572033882141, -0.26950356364250183, 0.7300717830657959], [-0.34888842701911926, 0.24954937398433685, -0.9033282995223999, 2.606333017349243], [0.0, 0.0, 0.0, 1.0]]}, "1.png": {"intrinsics": [[2985.29, 0.0, 512.0], [0.0, 2985.29, 512.0], [0.0, 0.0, 1.0]], "pose": [[0.9711949229240417, 0.15387733280658722, -0.18194016814231873, 0.47950494289398193], [0.08490227907896042, -0.9368856549263, -0.339170902967453, 0.8938062787055969], [-0.22264784574508667, 0.3139539062976837, -0.9229631423950195, 2.6075439453125], [0.0, 0.0, 0.0, 1.0]]}, "10.png": {"intrinsics": [[2985.29, 0.0, 512.0], [0.0, 2985.29, 512.0], [0.0, 0.0, 1.0]], "pose": [[0.9624602198600769, 0.23415321111679077, -0.13726845383644104, 0.3524811267852783], [0.1789105236530304, -0.9276169538497925, -0.3278992176055908, 0.8388155698776245], [-0.20411120355129242, 0.2910311818122864, -0.9346868395805359, 2.567856550216675], [0.0, 0.0, 0.0, 1.0]]}, "11.png": {"intrinsics": [[2985.29, 0.0, 512.0], [0.0, 2985.29, 512.0], [0.0, 0.0, 1.0]], "pose": [[0.971362292766571, -0.10772613435983658, -0.21177919209003448, 0.5726490020751953], [-0.13075721263885498, -0.9865687489509583, -0.09790095686912537, 0.26693475246429443], [-0.1983882486820221, 0.1227889433503151, -0.9724016785621643, 2.813086748123169], [0.0, 0.0, 0.0, 1.0]]}, "12.png": {"intrinsics": [[2985.29, 0.0, 512.0], [0.0, 2985.29, 512.0], [0.0, 0.0, 1.0]], "pose": [[0.879823625087738, 0.057008348405361176, -0.47186902165412903, 1.3063490390777588], [0.0023879222571849823, -0.9932985901832581, -0.1155519038438797, 0.3190600872039795], [-0.4752942621707916, 0.10053852200508118, -0.8740636706352234, 2.591771125793457], [0.0, 0.0, 0.0, 1.0]]}, "13.png": {"intrinsics": [[2985.29, 0.0, 512.0], [0.0, 2985.29, 512.0], [0.0, 0.0, 1.0]], "pose": [[0.8083071708679199, 0.1027836799621582, -0.5797197818756104, 1.6249903440475464], [0.04451446235179901, -0.9924943447113037, -0.11390133947134018, 0.31786179542541504], [-0.5870757699012756, 0.06626135855913162, -0.8068156242370605, 2.4299156665802], [0.0, 0.0, 0.0, 1.0]]}, "14.png": {"intrinsics": [[2985.29, 0.0, 512.0], [0.0, 2985.29, 512.0], [0.0, 0.0, 1.0]], "pose": [[0.9757989048957825, 0.14817224442958832, -0.16081498563289642, 0.42581191658973694], [0.09255262464284897, -0.9461610317230225, -0.3101828694343567, 0.8203171491622925], [-0.19811736047267914, 0.28779226541519165, -0.9369766116142273, 2.6499054431915283], [0.0, 0.0, 0.0, 1.0]]}, "15.png": {"intrinsics": [[2985.29, 0.0, 512.0], [0.0, 2985.29, 512.0], [0.0, 0.0, 1.0]], "pose": [[0.8405494689941406, 0.04219205304980278, -0.5400892496109009, 1.4814447164535522], [-0.021603979170322418, -0.9935587048530579, -0.11123993992805481, 0.3098159432411194], [-0.541303813457489, 0.10517076402902603, -0.834223747253418, 2.455594778060913], [0.0, 0.0, 0.0, 1.0]]}, "16.png": {"intrinsics": [[2985.29, 0.0, 512.0], [0.0, 2985.29, 512.0], [0.0, 0.0, 1.0]], "pose": [[0.9708035588264465, -0.10234015434980392, -0.2169492393732071, 0.5896322727203369], [-0.12544111907482147, -0.9874940514564514, -0.09549876302480698, 0.26218166947364807], [-0.20446272194385529, 0.1199248880147934, -0.9715003967285156, 2.829896926879883], [0.0, 0.0, 0.0, 1.0]]}, "17.png": {"intrinsics": [[2985.29, 0.0, 512.0], [0.0, 2985.29, 512.0], [0.0, 0.0, 1.0]], "pose": [[0.9744488596916199, -0.09804306924343109, -0.20208175480365753, 0.5457517504692078], [-0.11513117700815201, -0.9905458688735962, -0.07459001988172531, 0.20332224667072296], [-0.19285821914672852, 0.09595005959272385, -0.9765241146087646, 2.830850601196289], [0.0, 0.0, 0.0, 1.0]]}, "18.png": {"intrinsics": [[2985.29, 0.0, 512.0], [0.0, 2985.29, 512.0], [0.0, 0.0, 1.0]], "pose": [[0.9258624315261841, 0.10186926275491714, -0.36387014389038086, 0.9948676824569702], [0.0023515820503234863, -0.9645086526870728, -0.2640407383441925, 0.7167652249336243], [-0.3778535723686218, 0.2436097264289856, -0.8932418823242188, 2.60534930229187], [0.0, 0.0, 0.0, 1.0]]}, "19.png": {"intrinsics": [[2985.29, 0.0, 512.0], [0.0, 2985.29, 512.0], [0.0, 0.0, 1.0]], "pose": [[0.8266676068305969, 0.10488429665565491, -0.5528290271759033, 1.5318188667297363], [0.04089207947254181, -0.9910746216773987, -0.1268819123506546, 0.35471856594085693], [-0.5612027049064636, 0.08228284120559692, -0.8235781788825989, 2.451584577560425], [0.0, 0.0, 0.0, 1.0]]}, "2.png": {"intrinsics": [[2985.29, 0.0, 512.0], [0.0, 2985.29, 512.0], [0.0, 0.0, 1.0]], "pose": [[0.90434730052948, -0.035883378237485886, -0.42528611421585083, 1.1419225931167603], [-0.10013046115636826, -0.9864861965179443, -0.12968742847442627, 0.34998828172683716], [-0.4148852825164795, 0.1598665714263916, -0.8957192301750183, 2.5797219276428223], [0.0, 0.0, 0.0, 1.0]]}, "3.png": {"intrinsics": [[2985.29, 0.0, 512.0], [0.0, 2985.29, 512.0], [0.0, 0.0, 1.0]], "pose": [[0.9713184237480164, -0.10446662455797195, -0.21360519528388977, 0.5757174491882324], [-0.12684056162834167, -0.9874743819236755, -0.09383883327245712, 0.2552071809768677], [-0.20112663507461548, 0.11824119091033936, -0.9724027514457703, 2.8048975467681885], [0.0, 0.0, 0.0, 1.0]]}, "4.png": {"intrinsics": [[2985.29, 0.0, 512.0], [0.0, 2985.29, 512.0], [0.0, 0.0, 1.0]], "pose": [[0.8650094270706177, 0.03081676736474037, -0.5008083581924438, 1.3778618574142456], [-0.02577926591038704, -0.9940643310546875, -0.10569543391466141, 0.28928616642951965], [-0.5010929107666016, 0.10433802008628845, -0.8590806126594543, 2.5365664958953857], [0.0, 0.0, 0.0, 1.0]]}, "5.png": {"intrinsics": [[2985.29, 0.0, 512.0], [0.0, 2985.29, 512.0], [0.0, 0.0, 1.0]], "pose": [[0.9705390334129333, -0.10371793806552887, -0.2174777388572693, 0.6024119853973389], [-0.12555095553398132, -0.9880807995796204, -0.08906839042901993, 0.24426105618476868], [-0.20564760267734528, 0.11374887824058533, -0.9719929099082947, 2.8712432384490967], [0.0, 0.0, 0.0, 1.0]]}, "6.png": {"intrinsics": [[2985.29, 0.0, 512.0], [0.0, 2985.29, 512.0], [0.0, 0.0, 1.0]], "pose": [[0.9686979055404663, -0.11092909425497055, -0.22207894921302795, 0.5986171364784241], [-0.13491064310073853, -0.9862099885940552, -0.09585902839899063, 0.25796085596084595], [-0.20838291943073273, 0.12281925976276398, -0.9703051447868347, 2.7981598377227783], [0.0, 0.0, 0.0, 1.0]]}, "7.png": {"intrinsics": [[2985.29, 0.0, 512.0], [0.0, 2985.29, 512.0], [0.0, 0.0, 1.0]], "pose": [[0.8402665257453918, 0.03805376961827278, -0.5408363342285156, 1.479547142982483], [-0.023095320910215378, -0.9941161274909973, -0.10582885891199112, 0.2997688949108124], [-0.5416812896728516, 0.1014152392745018, -0.8344436883926392, 2.4500584602355957], [0.0, 0.0, 0.0, 1.0]]}, "8.png": {"intrinsics": [[2985.29, 0.0, 512.0], [0.0, 2985.29, 512.0], [0.0, 0.0, 1.0]], "pose": [[0.8611685037612915, 0.034105055034160614, -0.5071742534637451, 1.3861234188079834], [-0.02236754074692726, -0.9942378997802734, -0.10483725368976593, 0.2828863561153412], [-0.5078272819519043, 0.10162678360939026, -0.8554434180259705, 2.511871337890625], [0.0, 0.0, 0.0, 1.0]]}, "9.png": {"intrinsics": [[2985.29, 0.0, 512.0], [0.0, 2985.29, 512.0], [0.0, 0.0, 1.0]], "pose": [[0.8616947531700134, 0.03187800943851471, -0.5064246654510498, 1.375314474105835], [-0.02407650649547577, -0.9943320155143738, -0.10355720669031143, 0.2785573899745941], [-0.5068554878234863, 0.10142763704061508, -0.8560432195663452, 2.501457452774048], [0.0, 0.0, 0.0, 1.0]]}}