{"0_18": 33.376038350557025, "0_5": 27.334885848195928, "0_11": 33.32243640799271, "0_4": 30.192226560492266, "0_16": 27.562687422099867, "0_14": 25.505199030825967, "0_15": 36.249260450664316, "0_12": 27.785960900156123, "0_0": 40.70176957782946, "0_8": 39.88664059889944, "0_19": 24.849643004567998, "0_10": 37.25528541364168, "0_7": 32.568542304791904, "0_3": 25.311727348126862, "0_1": 37.311600132992396, "0_2": 27.101849455582467, "0_9": 32.414413251374896, "0_17": 25.267913793262682, "0_6": 25.74841961107756, "0_13": 24.959191974840667, "1_12": 26.767996386477822, "1_8": 26.577764310334857, "1_14": 23.227972306703265, "1_15": 49.1141999897204, "1_5": 24.06598266802336, "1_13": 22.92600579010813, "1_16": 24.82928742860493, "1_7": 24.872172054491546, "1_3": 29.1809976477372, "1_0": 25.00776471589741, "1_11": 25.810807780215615, "1_18": 25.034415445829694, "1_19": 30.927164378919098, "1_2": 25.3803330973575, "1_10": 24.171523094177246, "1_17": 24.90555933902138, "1_4": 33.75318672782496, "1_9": 30.35616397857666, "1_6": 30.638999838578073, "1_1": 23.933425953513698, "2_11": 29.77756751211066, "2_18": 40.4094940988641, "2_9": 39.95654106140137, "2_17": 42.069268678364004, "2_15": 32.46465213675248, "2_7": 26.67079552851225, "2_6": 26.25963632684005, "2_16": 31.815526861893503, "2_1": 28.87193619577508, "2_2": 29.024126479500218, "2_13": 27.659525545019854, "2_10": 26.82729653308266, "2_0": 26.757173889561702, "2_5": 43.17250121267218, "2_19": 33.28049760115774, "2_14": 41.86565820794357, "2_3": 34.645727257979544, "2_8": 26.66368310075057, "2_4": 29.701329130875436, "2_12": 41.63791164598967, "3_14": 31.8836972587987, "3_9": 23.868681154753034, "3_5": 24.063905214008532, "3_1": 30.78552712892231, "3_15": 29.127948986856563, "3_8": 23.93781022021645, "3_3": 23.963124902624834, "3_19": 30.10499085878071, "3_6": 25.585575204146537, "3_18": 26.158059521725303, "3_13": 33.70338670830978, "3_10": 36.20426348636025, "3_4": 23.832492803272448, "3_16": 24.41568301853381, "3_7": 29.042432759937487, "3_17": 26.737656794096296, "3_2": 25.667485287314967, "3_0": 27.37193905679803, "3_11": 24.234498877274362, "3_12": 25.711836764686986, "4_10": 38.1920771347849, "4_13": 34.15442808050858, "4_11": 29.631297889508698, "4_18": 24.961439835397822, "4_9": 36.17277807938425, "4_4": 36.27799576207211, "4_5": 23.507395392970036, "4_2": 34.439113893006976, "4_3": 31.4713269283897, "4_15": 24.516214998144854, "4_19": 23.687578376970794, "4_12": 24.94871039139597, "4_6": 26.38055429960552, "4_17": 33.12424215517546, "4_7": 35.835759715030065, "4_16": 24.200661207500257, "4_8": 27.588621239913138, "4_0": 26.694480394062243, "4_1": 30.015433562429326, "4_14": 29.959838791897422, "5_14": 17.403021787342272, "5_1": 17.6450995646025, "5_7": 18.67258664181358, "5_16": 21.65525988528603, "5_5": 21.752123581735713, "5_6": 17.965190937644557, "5_17": 18.039888156087773, "5_10": 18.646985003822728, "5_0": 23.408210101880524, "5_3": 17.857772325214587, "5_8": 37.605592828047904, "5_11": 50.81488699662058, "5_9": 21.140417098999023, "5_12": 18.6349451918351, "5_15": 24.804353262248792, "5_4": 18.27328267850374, "5_18": 18.264222119983874, "5_2": 22.761660124126234, "5_19": 31.828774703176396, "5_13": 18.658847457484196, "6_0": 27.523917147987767, "6_17": 29.481634390981572, "6_10": 28.47729326549329, "6_2": 28.14603213260048, "6_13": 27.093685752467106, "6_8": 28.274730331019352, "6_3": 26.892013298837764, "6_16": 29.51251752753007, "6_19": 33.74173545837402, "6_14": 30.54346456025776, "6_4": 26.121252662257145, "6_5": 38.85629674008018, "6_9": 28.547558131970856, "6_12": 26.12715179041812, "6_7": 33.14815240157278, "6_6": 31.21219875938014, "6_15": 29.024311065673828, "6_18": 29.670147042525443, "6_1": 30.6067308124743, "6_11": 29.071459820396022, "7_17": 16.595953866055137, "7_0": 19.661823222511693, "7_9": 24.050954216404964, "7_11": 18.167505038411992, "7_8": 18.288704119230573, "7_4": 18.082278527711566, "7_6": 19.258340082670514, "7_3": 20.594093297657214, "7_16": 30.232019926372327, "7_19": 17.821701325868304, "7_15": 25.81044608668277, "7_12": 26.374833558735094, "7_7": 19.19907896142257, "7_1": 19.425175917776006, "7_18": 18.7619914757578, "7_14": 17.107554460826673, "7_10": 19.314714331375924, "7_2": 23.05890504937423, "7_5": 24.18479969626979, "7_13": 16.55579770238776, "8_7": 36.0414010098106, "8_6": 36.33504716973556, "8_15": 32.04415773090563, "8_12": 30.59423125417609, "8_13": 53.15783129240337, "8_11": 30.61175506993344, "8_17": 31.158356616371556, "8_8": 43.85536254079718, "8_19": 36.401079780177064, "8_18": 32.01699548018606, "8_0": 29.13727068901062, "8_3": 34.63275604499014, "8_4": 30.379222468325967, "8_1": 29.05061505970202, "8_10": 30.911133264240465, "8_14": 38.271278381347656, "8_5": 34.008981466293335, "8_2": 33.67711424827576, "8_16": 29.17855033121611, "8_9": 34.365480385328596, "9_1": 41.40463879233912, "9_18": 28.922306336854632, "9_6": 40.587791417774405, "9_14": 46.85080227098967, "9_0": 29.37809843766062, "9_10": 40.19771696391859, "9_17": 44.620396061947474, "9_3": 29.30329378027665, "9_19": 50.238514498660436, "9_13": 42.66651745846397, "9_8": 39.849154397061, "9_9": 29.43647020741513, "9_11": 49.3065696515535, "9_12": 29.361525535583496, "9_4": 50.36184832924291, "9_7": 30.09224106136121, "9_2": 28.830382610622205, "9_15": 49.18899109489039, "9_5": 28.87732051548205, "9_16": 28.775439576098794}