{"0.png": {"intrinsics": [[2985.29, 0.0, 512.0], [0.0, 2985.29, 512.0], [0.0, 0.0, 1.0]], "pose": [[0.8360032439231873, -0.19930414855480194, 0.5112497806549072, -1.3675150871276855], [-0.1743977963924408, -0.9799032211303711, -0.0968247652053833, 0.26548507809638977], [0.5202729105949402, -0.00821501761674881, -0.8539605140686035, 2.451655864715576], [0.0, 0.0, 0.0, 1.0]]}, "1.png": {"intrinsics": [[2985.29, 0.0, 512.0], [0.0, 2985.29, 512.0], [0.0, 0.0, 1.0]], "pose": [[0.9202882051467896, -0.08042855560779572, 0.38288483023643494, -1.009120225906372], [-0.007415503263473511, -0.9820517897605896, -0.18846556544303894, 0.5012829303741455], [0.3911707401275635, 0.17060336470603943, -0.9043671488761902, 2.543917655944824], [0.0, 0.0, 0.0, 1.0]]}, "10.png": {"intrinsics": [[2985.29, 0.0, 512.0], [0.0, 2985.29, 512.0], [0.0, 0.0, 1.0]], "pose": [[0.9927406311035156, -0.0752514898777008, 0.09382541477680206, -0.23808173835277557], [-0.06776540726423264, -0.9944424033164978, -0.08057308197021484, 0.20595033466815948], [0.09936721622943878, 0.07363005727529526, -0.9923229217529297, 2.7164273262023926], [0.0, 0.0, 0.0, 1.0]]}, "11.png": {"intrinsics": [[2985.29, 0.0, 512.0], [0.0, 2985.29, 512.0], [0.0, 0.0, 1.0]], "pose": [[0.8496047258377075, -0.014711223542690277, 0.5272147059440613, -1.341857671737671], [-0.017648808658123016, -0.9998440742492676, 0.0005416800850071013, 0.021155202761292458], [0.5271245241165161, -0.009764925576746464, -0.8497319221496582, 2.3183610439300537], [0.0, 0.0, 0.0, 1.0]]}, "12.png": {"intrinsics": [[2985.29, 0.0, 512.0], [0.0, 2985.29, 512.0], [0.0, 0.0, 1.0]], "pose": [[0.92698734998703, -0.04811875522136688, 0.37199336290359497, -0.9680516719818115], [-0.05204513296484947, -0.9986445903778076, 0.0005151821533218026, -0.0007437868625856936], [0.37146440148353577, -0.019838010892271996, -0.9282352924346924, 2.5817198753356934], [0.0, 0.0, 0.0, 1.0]]}, "13.png": {"intrinsics": [[2985.29, 0.0, 512.0], [0.0, 2985.29, 512.0], [0.0, 0.0, 1.0]], "pose": [[0.8964686989784241, -0.17353390157222748, 0.4077129364013672, -1.0988155603408813], [-0.13734012842178345, -0.9836277961730957, -0.11667925864458084, 0.31783318519592285], [0.42128556966781616, 0.04860395938158035, -0.9056246280670166, 2.5912818908691406], [0.0, 0.0, 0.0, 1.0]]}, "14.png": {"intrinsics": [[2985.29, 0.0, 512.0], [0.0, 2985.29, 512.0], [0.0, 0.0, 1.0]], "pose": [[0.9235572218894958, -0.07389025390148163, 0.37627413868904114, -0.9734710454940796], [-0.03880220651626587, -0.9942303895950317, -0.10000123083591461, 0.2637837827205658], [0.3814923167228699, 0.07775659114122391, -0.9210957884788513, 2.566077470779419], [0.0, 0.0, 0.0, 1.0]]}, "15.png": {"intrinsics": [[2985.29, 0.0, 512.0], [0.0, 2985.29, 512.0], [0.0, 0.0, 1.0]], "pose": [[0.8509604930877686, -0.10838759690523148, 0.5139245390892029, -1.3316373825073242], [-0.08541816473007202, -0.9940081834793091, -0.06820198148488998, 0.19000479578971863], [0.5182374119758606, 0.01413869857788086, -0.8551198840141296, 2.37493896484375], [0.0, 0.0, 0.0, 1.0]]}, "16.png": {"intrinsics": [[2985.29, 0.0, 512.0], [0.0, 2985.29, 512.0], [0.0, 0.0, 1.0]], "pose": [[0.7975803017616272, -0.2255992889404297, 0.5594376921653748, -1.479581594467163], [-0.19580313563346863, -0.9740367531776428, -0.11363783478736877, 0.3169018626213074], [0.5705495476722717, -0.01890432834625244, -0.8210455775260925, 2.320754051208496], [0.0, 0.0, 0.0, 1.0]]}, "17.png": {"intrinsics": [[2985.29, 0.0, 512.0], [0.0, 2985.29, 512.0], [0.0, 0.0, 1.0]], "pose": [[0.9912281632423401, -0.02246016263961792, -0.1302395612001419, 0.34578460454940796], [-0.03591848164796829, -0.9941433072090149, -0.10192593932151794, 0.2667689919471741], [-0.12718752026557922, 0.10570987313985825, -0.9862295389175415, 2.77646541595459], [0.0, 0.0, 0.0, 1.0]]}, "18.png": {"intrinsics": [[2985.29, 0.0, 512.0], [0.0, 2985.29, 512.0], [0.0, 0.0, 1.0]], "pose": [[0.9687153697013855, -0.0390518419444561, 0.2450825423002243, -0.655220627784729], [-0.028475511819124222, -0.9985100030899048, -0.04655160754919052, 0.1302885115146637], [0.2465352863073349, 0.03811640664935112, -0.9683839678764343, 2.732558012008667], [0.0, 0.0, 0.0, 1.0]]}, "19.png": {"intrinsics": [[2985.29, 0.0, 512.0], [0.0, 2985.29, 512.0], [0.0, 0.0, 1.0]], "pose": [[0.7888765335083008, -0.18755847215652466, 0.5852312445640564, -1.5925356149673462], [-0.09000751376152039, -0.9772827625274658, -0.19187772274017334, 0.5348649024963379], [0.60792475938797, 0.0986926257610321, -0.7878370881080627, 2.2948029041290283], [0.0, 0.0, 0.0, 1.0]]}, "2.png": {"intrinsics": [[2985.29, 0.0, 512.0], [0.0, 2985.29, 512.0], [0.0, 0.0, 1.0]], "pose": [[0.9933955073356628, -0.008989130146801472, -0.11438785493373871, 0.2987947165966034], [-0.004036907572299242, -0.9990473985671997, 0.04345147684216499, -0.12188547849655151], [-0.11466947197914124, -0.042702727019786835, -0.9924854040145874, 2.7584340572357178], [0.0, 0.0, 0.0, 1.0]]}, "3.png": {"intrinsics": [[2985.29, 0.0, 512.0], [0.0, 2985.29, 512.0], [0.0, 0.0, 1.0]], "pose": [[0.8528743982315063, -0.035783801227808, 0.5208884477615356, -1.3953661918640137], [-0.08103376626968384, -0.9946317672729492, 0.06435143202543259, -0.1655609905719757], [0.5157894492149353, -0.09709323942661285, -0.8511956930160522, 2.4513797760009766], [0.0, 0.0, 0.0, 1.0]]}, "4.png": {"intrinsics": [[2985.29, 0.0, 512.0], [0.0, 2985.29, 512.0], [0.0, 0.0, 1.0]], "pose": [[0.7948704361915588, -0.20332910120487213, 0.5716977715492249, -1.504567265510559], [-0.17964312434196472, -0.9788032174110413, -0.09834947437047958, 0.2729855179786682], [0.5795769095420837, -0.02452649176120758, -0.8145483732223511, 2.294384717941284], [0.0, 0.0, 0.0, 1.0]]}, "5.png": {"intrinsics": [[2985.29, 0.0, 512.0], [0.0, 2985.29, 512.0], [0.0, 0.0, 1.0]], "pose": [[0.9329408407211304, -0.11308843642473221, 0.34180748462677, -0.9055498242378235], [-0.12715621292591095, -0.991701602935791, 0.018955830484628677, -0.048268888145685196], [0.3368273377418518, -0.06114761531352997, -0.9395788311958313, 2.66021728515625], [0.0, 0.0, 0.0, 1.0]]}, "6.png": {"intrinsics": [[2985.29, 0.0, 512.0], [0.0, 2985.29, 512.0], [0.0, 0.0, 1.0]], "pose": [[0.8481429219245911, -0.10328097641468048, 0.519602358341217, -1.3364925384521484], [-0.08312395215034485, -0.99460768699646, -0.0620148703455925, 0.17019301652908325], [0.5232054591178894, 0.00940607488155365, -0.8521546721458435, 2.3563544750213623], [0.0, 0.0, 0.0, 1.0]]}, "7.png": {"intrinsics": [[2985.29, 0.0, 512.0], [0.0, 2985.29, 512.0], [0.0, 0.0, 1.0]], "pose": [[0.9205582737922668, -0.07478651404380798, 0.3833790719509125, -0.9905156493186951], [-0.045855604112148285, -0.9954043626785278, -0.0840684175491333, 0.21725578606128693], [0.38790440559387207, 0.05980979651212692, -0.919757068157196, 2.556252956390381], [0.0, 0.0, 0.0, 1.0]]}, "8.png": {"intrinsics": [[2985.29, 0.0, 512.0], [0.0, 2985.29, 512.0], [0.0, 0.0, 1.0]], "pose": [[0.93635493516922, -0.2799164354801178, 0.2118636965751648, -0.5679200291633606], [-0.29470309615135193, -0.9547042846679688, 0.041107915341854095, -0.10394767671823502], [0.19076040387153625, -0.10092848539352417, -0.9764342904090881, 2.777613401412964], [0.0, 0.0, 0.0, 1.0]]}, "9.png": {"intrinsics": [[2985.29, 0.0, 512.0], [0.0, 2985.29, 512.0], [0.0, 0.0, 1.0]], "pose": [[0.8036513924598694, -0.1456441730260849, 0.577002763748169, -1.5502750873565674], [-0.16619238257408142, -0.9859399199485779, -0.01739274337887764, 0.0486992709338665], [0.5714232325553894, -0.08191576600074768, -0.8165569305419922, 2.3545875549316406], [0.0, 0.0, 0.0, 1.0]]}}