{"0_19_latent.npy": 77.24601686917819, "0_18_mirror_latent.npy": 69.84898337339743, "0_17_mirror_latent.npy": 81.21382825802534, "0_1_mirror_latent.npy": 74.36869430541992, "0_12_latent.npy": 76.25180249336438, "0_16_mirror_latent.npy": 73.11457130236504, "0_15_mirror_latent.npy": 72.7571319188827, "0_6_mirror_latent.npy": 71.86037161411383, "0_11_latent.npy": 70.73867856539212, "0_3_latent.npy": 75.00734299879808, "0_9_mirror_latent.npy": 70.89929766532703, "0_9_latent.npy": 71.02094572018355, "0_2_latent.npy": 73.59473966940855, "0_0_latent.npy": 77.74461129995493, "0_10_mirror_latent.npy": 69.90438138521634, "0_18_latent.npy": 72.44116523938301, "0_14_mirror_latent.npy": 71.36434780023036, "0_19_mirror_latent.npy": 71.31141515878531, "0_1_latent.npy": 71.4098018744053, "0_13_mirror_latent.npy": 70.37922805394882, "0_11_mirror_latent.npy": 70.60416598197742, "0_17_latent.npy": 85.2338634393154, "0_16_latent.npy": 73.93158839299129, "0_4_latent.npy": 71.22985996344151, "0_0_mirror_latent.npy": 74.10735761202298, "0_10_latent.npy": 76.1968749608749, "0_14_latent.npy": 73.19735385210086, "0_5_mirror_latent.npy": 72.58163637992664, "0_7_mirror_latent.npy": 86.62261943328075, "0_8_mirror_latent.npy": 71.43550227238582, "0_8_latent.npy": 72.5780285566281, "0_13_latent.npy": 72.6764653523763, "0_15_latent.npy": 74.2487435952211, "0_5_latent.npy": 72.96438422569862, "0_7_latent.npy": 75.46488845042693, "0_3_mirror_latent.npy": 69.68483274410933, "0_6_latent.npy": 71.98308269794171, "0_12_mirror_latent.npy": 73.18027535462991, "0_4_mirror_latent.npy": 70.58579537807367, "0_2_mirror_latent.npy": 74.27133188492212, "1_5_mirror_latent.npy": 92.60829182160207, "1_5_latent.npy": 92.10712413298778, "1_3_latent.npy": 91.71221513014574, "1_9_mirror_latent.npy": 96.23957805144481, "1_1_latent.npy": 90.49127119015425, "1_13_latent.npy": 90.80009137667142, "1_2_latent.npy": 97.36966861822667, "1_1_mirror_latent.npy": 96.2062487479968, "1_3_mirror_latent.npy": 91.81139980218349, "1_6_mirror_latent.npy": 93.72978073511368, "1_13_mirror_latent.npy": 88.14320979974208, "1_10_mirror_latent.npy": 94.88849189953926, "1_17_latent.npy": 89.524658594376, "1_8_latent.npy": 89.58834232428136, "1_4_latent.npy": 100.70504741179637, "1_18_latent.npy": 86.01926471025516, "1_15_mirror_latent.npy": 91.54284208248824, "1_8_mirror_latent.npy": 98.99662350385617, "1_16_latent.npy": 98.1871099227514, "1_14_mirror_latent.npy": 90.19339810884915, "1_7_mirror_latent.npy": 99.48773134671725, "1_9_latent.npy": 89.58079333183093, "1_18_mirror_latent.npy": 90.24718944842999, "1_19_mirror_latent.npy": 97.23546228653345, "1_0_latent.npy": 95.5621318328075, "1_11_mirror_latent.npy": 89.244325980162, "1_6_latent.npy": 88.11678725022536, "1_12_mirror_latent.npy": 96.06319662240836, "1_11_latent.npy": 95.51050685002254, "1_2_mirror_latent.npy": 93.221188667493, "1_15_latent.npy": 90.70675267928686, "1_14_latent.npy": 92.48081774589343, "1_12_latent.npy": 88.9657224997496, "1_17_mirror_latent.npy": 89.92682178203876, "1_16_mirror_latent.npy": 101.0247284326798, "1_4_mirror_latent.npy": 101.64256423558945, "1_0_mirror_latent.npy": 90.34850330841847, "1_7_latent.npy": 92.03262270413913, "1_10_latent.npy": 91.21482594807942, "1_19_latent.npy": 90.76807657877605, "2_4_latent.npy": 84.04815986828926, "2_7_mirror_latent.npy": 82.42778729169797, "2_5_mirror_latent.npy": 81.4624877342811, "2_10_latent.npy": 95.05179948073167, "2_8_mirror_latent.npy": 93.53098629682492, "2_0_mirror_latent.npy": 82.06539506178636, "2_11_latent.npy": 84.93785271277794, "2_0_latent.npy": 81.85482338147285, "2_13_latent.npy": 86.67931698530148, "2_15_mirror_latent.npy": 86.35726752647987, "2_3_latent.npy": 78.72445326585036, "2_3_mirror_latent.npy": 80.10019038273738, "2_2_mirror_latent.npy": 91.3996339455629, "2_6_mirror_latent.npy": 88.58428466014372, "2_14_mirror_latent.npy": 82.24303622123523, "2_5_latent.npy": 82.73990914760492, "2_19_mirror_latent.npy": 91.42391615647536, "2_6_latent.npy": 92.16237112192007, "2_12_latent.npy": 80.29030755849985, "2_17_mirror_latent.npy": 90.68667837289664, "2_14_latent.npy": 84.90677525446965, "2_16_mirror_latent.npy": 86.03198936658028, "2_1_mirror_latent.npy": 85.29513950836964, "2_12_mirror_latent.npy": 79.82561747233073, "2_16_latent.npy": 84.03033271202675, "2_19_latent.npy": 94.79679733667618, "2_7_latent.npy": 83.0341552343124, "2_9_mirror_latent.npy": 99.159667577499, "2_18_mirror_latent.npy": 86.20360486935347, "2_2_latent.npy": 90.64108511117789, "2_17_latent.npy": 89.26623691656651, "2_4_mirror_latent.npy": 79.66927151802258, "2_18_latent.npy": 85.72482338929788, "2_9_latent.npy": 96.37074866661659, "2_1_latent.npy": 88.41599371494391, "2_15_latent.npy": 81.18577829996745, "2_13_mirror_latent.npy": 87.9947001139323, "2_10_mirror_latent.npy": 91.78136854905348, "2_11_mirror_latent.npy": 86.9546858958709, "2_8_latent.npy": 89.44037256485376, "3_13_latent.npy": 119.36737921299078, "3_12_mirror_latent.npy": 106.56023935171274, "3_10_latent.npy": 117.38894809820714, "3_15_mirror_latent.npy": 112.48243341690454, "3_1_latent.npy": 113.78271719125601, "3_9_latent.npy": 109.33317057291667, "3_3_mirror_latent.npy": 113.80770111083984, "3_7_latent.npy": 113.5931895329402, "3_2_mirror_latent.npy": 108.72381493984125, "3_10_mirror_latent.npy": 113.18650778745993, "3_5_latent.npy": 118.4989250378731, "3_14_latent.npy": 121.78400714580829, "3_8_mirror_latent.npy": 115.91368455153246, "3_9_mirror_latent.npy": 112.679446098132, "3_15_latent.npy": 120.26814856896034, "3_5_mirror_latent.npy": 115.15458229260567, "3_14_mirror_latent.npy": 120.68970704690004, "3_16_mirror_latent.npy": 114.65973956768329, "3_0_latent.npy": 120.61363728841145, "3_13_mirror_latent.npy": 109.70770557110126, "3_17_mirror_latent.npy": 109.29183099208734, "3_19_mirror_latent.npy": 114.39007431421524, "3_19_latent.npy": 115.73079427083333, "3_6_latent.npy": 110.72669630784254, "3_0_mirror_latent.npy": 118.02607668363132, "3_8_latent.npy": 112.0000246488131, "3_3_latent.npy": 113.42648139366737, "3_2_latent.npy": 111.8707995292468, "3_18_latent.npy": 104.91553653814854, "3_17_latent.npy": 105.08099345671825, "3_4_latent.npy": 108.38045051770332, "3_7_mirror_latent.npy": 114.92632352388821, "3_12_latent.npy": 109.73045290433444, "3_11_mirror_latent.npy": 111.62851930275941, "3_18_mirror_latent.npy": 107.21067203619542, "3_1_mirror_latent.npy": 120.10445306239984, "3_11_latent.npy": 108.50740364270332, "3_6_mirror_latent.npy": 112.65312077448918, "3_4_mirror_latent.npy": 106.17865753173828, "3_16_latent.npy": 109.42975107828777, "4_12_latent.npy": 111.8174561720628, "4_4_mirror_latent.npy": 109.35903832851312, "4_1_latent.npy": 103.87676415076622, "4_1_mirror_latent.npy": 102.70242759508965, "4_16_mirror_latent.npy": 106.03874265230618, "4_13_latent.npy": 114.01146854498448, "4_13_mirror_latent.npy": 111.19470430031801, "4_10_mirror_latent.npy": 119.17371740096655, "4_8_mirror_latent.npy": 115.87971731332632, "4_2_mirror_latent.npy": 113.10415453788562, "4_5_mirror_latent.npy": 106.72565655830579, "4_2_latent.npy": 117.32822085649539, "4_0_mirror_latent.npy": 124.85590010422926, "4_8_latent.npy": 123.02152213072165, "4_14_mirror_latent.npy": 107.0354522313827, "4_12_mirror_latent.npy": 109.08041694836739, "4_15_latent.npy": 115.63744530310997, "4_15_mirror_latent.npy": 111.79792707394331, "4_5_latent.npy": 108.3974116398738, "4_11_mirror_latent.npy": 117.56267410669571, "4_19_latent.npy": 109.33643673627805, "4_9_latent.npy": 113.24724265856621, "4_19_mirror_latent.npy": 115.50756522936699, "4_18_latent.npy": 107.5066647651868, "4_14_latent.npy": 109.69480543870192, "4_11_latent.npy": 114.4968735132462, "4_6_latent.npy": 111.56809469369742, "4_4_latent.npy": 109.1498264410557, "4_9_mirror_latent.npy": 111.14875343518379, "4_17_latent.npy": 115.33514932485727, "4_7_mirror_latent.npy": 112.6996094141251, "4_10_latent.npy": 119.88035387870593, "4_7_latent.npy": 115.3794704339443, "4_3_latent.npy": 116.01829998309796,