{"0.png": {"intrinsics": [[2985.29, 0.0, 512.0], [0.0, 2985.29, 512.0], [0.0, 0.0, 1.0]], "pose": [[0.9987412691116333, 0.04484628885984421, 0.022463688626885414, -0.05917586758732796], [0.04591044411063194, -0.9977264404296875, -0.04933856427669525, 0.1403358280658722], [0.020199963822960854, 0.050307780504226685, -0.9985294342041016, 2.7516989707946777], [0.0, 0.0, 0.0, 1.0]]}, "1.png": {"intrinsics": [[2985.29, 0.0, 512.0], [0.0, 2985.29, 512.0], [0.0, 0.0, 1.0]], "pose": [[0.9986516237258911, 0.018579687923192978, 0.04847291111946106, -0.12693454325199127], [0.021558599546551704, -0.9978634715080261, -0.06167440488934517, 0.1655757576227188], [0.04722345620393753, 0.06263625621795654, -0.9969185590744019, 2.797501564025879], [0.0, 0.0, 0.0, 1.0]]}, "10.png": {"intrinsics": [[2985.29, 0.0, 512.0], [0.0, 2985.29, 512.0], [0.0, 0.0, 1.0]], "pose": [[0.9964246153831482, 0.06946349143981934, 0.04809059202671051, -0.12748564779758453], [0.07374432682991028, -0.9928504228591919, -0.09386042505502701, 0.2516533136367798], [0.04122689366340637, 0.09707125276327133, -0.9944232106208801, 2.7761948108673096], [0.0, 0.0, 0.0, 1.0]]}, "11.png": {"intrinsics": [[2985.29, 0.0, 512.0], [0.0, 2985.29, 512.0], [0.0, 0.0, 1.0]], "pose": [[0.9966118335723877, 0.06205219402909279, 0.05398467928171158, -0.1440710425376892], [0.06814990192651749, -0.990477979183197, -0.11962051689624786, 0.32259848713874817], [0.04604791849851608, 0.1228942722082138, -0.9913508892059326, 2.7843804359436035], [0.0, 0.0, 0.0, 1.0]]}, "12.png": {"intrinsics": [[2985.29, 0.0, 512.0], [0.0, 2985.29, 512.0], [0.0, 0.0, 1.0]], "pose": [[0.9957956075668335, 0.07986900210380554, 0.04485625773668289, -0.11800986528396606], [0.08279658854007721, -0.9942628741264343, -0.06772074848413467, 0.18466629087924957], [0.03919012099504471, 0.07114996761083603, -0.9966954588890076, 2.77301025390625], [0.0, 0.0, 0.0, 1.0]]}, "13.png": {"intrinsics": [[2985.29, 0.0, 512.0], [0.0, 2985.29, 512.0], [0.0, 0.0, 1.0]], "pose": [[0.9860846996307373, -0.004408995620906353, -0.16618508100509644, 0.4373261630535126], [-0.019695255905389786, -0.9957064390182495, -0.09044811129570007, 0.24719536304473877], [-0.1650727540254593, 0.09246255457401276, -0.9819377064704895, 2.7971091270446777], [0.0, 0.0, 0.0, 1.0]]}, "14.png": {"intrinsics": [[2985.29, 0.0, 512.0], [0.0, 2985.29, 512.0], [0.0, 0.0, 1.0]], "pose": [[0.9986533522605896, 0.04402325302362442, 0.027447188273072243, -0.0703999474644661], [0.04570886865258217, -0.9968925714492798, -0.0641544982790947, 0.17395150661468506], [0.02453760802745819, 0.06532268226146698, -0.9975624084472656, 2.7801661491394043], [0.0, 0.0, 0.0, 1.0]]}, "15.png": {"intrinsics": [[2985.29, 0.0, 512.0], [0.0, 2985.29, 512.0], [0.0, 0.0, 1.0]], "pose": [[0.9974098205566406, 0.04451971501111984, 0.05649470165371895, -0.1472311168909073], [0.050387706607580185, -0.992970883846283, -0.10709695518016815, 0.2900930345058441], [0.05132966861128807, 0.10966619104146957, -0.9926422238349915, 2.810478687286377], [0.0, 0.0, 0.0, 1.0]]}, "16.png": {"intrinsics": [[2985.29, 0.0, 512.0], [0.0, 2985.29, 512.0], [0.0, 0.0, 1.0]], "pose": [[0.9973896145820618, 0.07180289924144745, 0.0076342080719769, -0.022534625604748726], [0.07214037328958511, -0.995437502861023, -0.06245080381631851, 0.1585073620080948], [0.003115227445960045, 0.06283852458000183, -0.9980188608169556, 2.669135332107544], [0.0, 0.0, 0.0, 1.0]]}, "17.png": {"intrinsics": [[2985.29, 0.0, 512.0], [0.0, 2985.29, 512.0], [0.0, 0.0, 1.0]], "pose": [[0.9900044202804565, -0.04475293308496475, 0.13374748826026917, -0.35175150632858276], [-0.030898012220859528, -0.9941048622131348, -0.10392677038908005, 0.2808462679386139], [0.1376100480556488, 0.09875543415546417, -0.9855509996414185, 2.7453055381774902], [0.0, 0.0, 0.0, 1.0]]}, "18.png": {"intrinsics": [[2985.29, 0.0, 512.0], [0.0, 2985.29, 512.0], [0.0, 0.0, 1.0]], "pose": [[0.9959006905555725, 0.06496535241603851, 0.06293892115354538, -0.16375161707401276], [0.07171382009983063, -0.991152822971344, -0.11168358474969864, 0.2974974811077118], [0.055126529186964035, 0.11573934555053711, -0.9917486906051636, 2.7687788009643555], [0.0, 0.0, 0.0, 1.0]]}, "19.png": {"intrinsics": [[2985.29, 0.0, 512.0], [0.0, 2985.29, 512.0], [0.0, 0.0, 1.0]], "pose": [[0.9772534370422363, -0.005541861057281494, 0.21200242638587952, -0.5563055872917175], [0.01665422134101391, -0.9945658445358276, -0.10276835411787033, 0.27418726682662964], [0.21141991019248962, 0.10396146029233932, -0.9718506336212158, 2.716618061065674], [0.0, 0.0, 0.0, 1.0]]}, "2.png": {"intrinsics": [[2985.29, 0.0, 512.0], [0.0, 2985.29, 512.0], [0.0, 0.0, 1.0]], "pose": [[0.9818581342697144, -0.019645504653453827, 0.188596710562706, -0.5035368204116821], [-0.002957502380013466, -0.9960840940475464, -0.0883616954088211, 0.23961085081100464], [0.1895940899848938, 0.08620087802410126, -0.9780713319778442, 2.7784347534179688], [0.0, 0.0, 0.0, 1.0]]}, "3.png": {"intrinsics": [[2985.29, 0.0, 512.0], [0.0, 2985.29, 512.0], [0.0, 0.0, 1.0]], "pose": [[0.9641690254211426, -0.018033752217888832, 0.2646750807762146, -0.6952669620513916], [0.015023637562990189, -0.9923739433288574, -0.12234454602003098, 0.3229404389858246], [0.264862984418869, 0.12193720042705536, -0.9565452933311462, 2.674633264541626], [0.0, 0.0, 0.0, 1.0]]}, "4.png": {"intrinsics": [[2985.29, 0.0, 512.0], [0.0, 2985.29, 512.0], [0.0, 0.0, 1.0]], "pose": [[0.997886061668396, 0.05664568394422531, 0.03185467794537544, -0.08352307975292206], [0.05867983400821686, -0.9960236549377441, -0.06703416258096695, 0.17092211544513702], [0.027930812910199165, 0.0687616840004921, -0.9972420334815979, 2.66744327545166], [0.0, 0.0, 0.0, 1.0]]}, "5.png": {"intrinsics": [[2985.29, 0.0, 512.0], [0.0, 2985.29, 512.0], [0.0, 0.0, 1.0]], "pose": [[0.9990974068641663, 0.0289772879332304, 0.031058531254529953, -0.08208093047142029], [0.031184125691652298, -0.9968370199203491, -0.07309899479150772, 0.20050139725208282], [0.028842082247138023, 0.07400155812501907, -0.9968409538269043, 2.794414758682251], [0.0, 0.0, 0.0, 1.0]]}, "6.png": {"intrinsics": [[2985.29, 0.0, 512.0], [0.0, 2985.29, 512.0], [0.0, 0.0, 1.0]], "pose": [[0.9965570569038391, 0.08287016302347183, 0.002570907585322857, -0.0044232942163944244], [0.08290371298789978, -0.9956194162368774, -0.043231360614299774, 0.12320425361394882], [-0.001022944226861, 0.04329565167427063, -0.9990618228912354, 2.7901227474212646], [0.0, 0.0, 0.0, 1.0]]}, "7.png": {"intrinsics": [[2985.29, 0.0, 512.0], [0.0, 2985.29, 512.0], [0.0, 0.0, 1.0]], "pose": [[0.9917382001876831, -0.026332322508096695, -0.12554654479026794, 0.32240059971809387], [-0.03455526381731033, -0.9973657727241516, -0.0637756958603859, 0.16975635290145874], [-0.12353646755218506, 0.06758708506822586, -0.9900357127189636, 2.775359630584717], [0.0, 0.0, 0.0, 1.0]]}, "8.png": {"intrinsics": [[2985.29, 0.0, 512.0], [0.0, 2985.29, 512.0], [0.0, 0.0, 1.0]], "pose": [[0.9979956150054932, 0.013485495001077652, 0.06183040142059326, -0.16015119850635529], [0.01821092702448368, -0.9969025254249573, -0.07651092857122421, 0.200260192155838], [0.06060709059238434, 0.07748355716466904, -0.9951497912406921, 2.704660415649414], [0.0, 0.0, 0.0, 1.0]]}, "9.png": {"intrinsics": [[2985.29, 0.0, 512.0], [0.0, 2985.29, 512.0], [0.0, 0.0, 1.0]], "pose": [[0.9967754483222961, 0.0665348544716835, 0.04485221207141876, -0.11581876128911972], [0.07002193480730057, -0.9942291378974915, -0.08127258718013763, 0.2183293104171753], [0.03918591886758804, 0.08415116369724274, -0.9956821799278259, 2.7629990577697754], [0.0, 0.0, 0.0, 1.0]]}}