{"0.png": {"intrinsics": [[2985.29, 0.0, 512.0], [0.0, 2985.29, 512.0], [0.0, 0.0, 1.0]], "pose": [[0.9937951564788818, 0.06680813431739807, -0.0889260396361351, 0.23383580148220062], [0.05245373398065567, -0.9865275621414185, -0.15495795011520386, 0.4167000353336334], [-0.09808044880628586, 0.1493319571018219, -0.9839106202125549, 2.8248887062072754], [0.0, 0.0, 0.0, 1.0]]}, "1.png": {"intrinsics": [[2985.29, 0.0, 512.0], [0.0, 2985.29, 512.0], [0.0, 0.0, 1.0]], "pose": [[0.9957862496376038, 0.03431824594736099, -0.08504065871238708, 0.22186554968357086], [0.021838529035449028, -0.9894013404846191, -0.14355501532554626, 0.37867462635040283], [-0.08906589448451996, 0.1410929560661316, -0.9859817624092102, 2.8095951080322266], [0.0, 0.0, 0.0, 1.0]]}, "10.png": {"intrinsics": [[2985.29, 0.0, 512.0], [0.0, 2985.29, 512.0], [0.0, 0.0, 1.0]], "pose": [[0.9928423762321472, 0.07502984255552292, -0.09292170405387878, 0.2485703080892563], [0.053365956991910934, -0.9747433066368103, -0.2168583869934082, 0.5870374441146851], [-0.1068456619977951, 0.21034735441207886, -0.9717705845832825, 2.784031867980957], [0.0, 0.0, 0.0, 1.0]]}, "11.png": {"intrinsics": [[2985.29, 0.0, 512.0], [0.0, 2985.29, 512.0], [0.0, 0.0, 1.0]], "pose": [[0.9883521199226379, 0.11627697944641113, -0.09818200767040253, 0.2591211199760437], [0.09364883601665497, -0.9732319116592407, -0.20987994968891144, 0.5628412365913391], [-0.1199580654501915, 0.19824068248271942, -0.9727849960327148, 2.779189109802246], [0.0, 0.0, 0.0, 1.0]]}, "12.png": {"intrinsics": [[2985.29, 0.0, 512.0], [0.0, 2985.29, 512.0], [0.0, 0.0, 1.0]], "pose": [[0.987187385559082, 0.15189988911151886, -0.04886263981461525, 0.12241526693105698], [0.13750453293323517, -0.9651950001716614, -0.2224661260843277, 0.589290976524353], [-0.08095455169677734, 0.2128969132900238, -0.9737151861190796, 2.736804485321045], [0.0, 0.0, 0.0, 1.0]]}, "13.png": {"intrinsics": [[2985.29, 0.0, 512.0], [0.0, 2985.29, 512.0], [0.0, 0.0, 1.0]], "pose": [[0.9740355014801025, -0.17785900831222534, -0.14007490873336792, 0.36576366424560547], [-0.18433381617069244, -0.9822549819946289, -0.034587182104587555, 0.08755312860012054], [-0.13143762946128845, 0.05950968712568283, -0.9895366430282593, 2.7723796367645264], [0.0, 0.0, 0.0, 1.0]]}, "14.png": {"intrinsics": [[2985.29, 0.0, 512.0], [0.0, 2985.29, 512.0], [0.0, 0.0, 1.0]], "pose": [[0.9941290020942688, 0.10817630589008331, -0.002329182578250766, 0.004011110402643681], [0.10744412988424301, -0.9894851446151733, -0.09682418406009674, 0.2623371183872223], [-0.01277877390384674, 0.09600546956062317, -0.9952988028526306, 2.8785769939422607], [0.0, 0.0, 0.0, 1.0]]}, "15.png": {"intrinsics": [[2985.29, 0.0, 512.0], [0.0, 2985.29, 512.0], [0.0, 0.0, 1.0]], "pose": [[0.9696469306945801, 0.13350318372249603, -0.20484568178653717, 0.5613882541656494], [0.10552583634853363, -0.9842344522476196, -0.1419391930103302, 0.3865271508693695], [-0.22056551277637482, 0.11601439863443375, -0.9684479832649231, 2.8459606170654297], [0.0, 0.0, 0.0, 1.0]]}, "16.png": {"intrinsics": [[2985.29, 0.0, 512.0], [0.0, 2985.29, 512.0], [0.0, 0.0, 1.0]], "pose": [[0.9935984015464783, 0.0724237933754921, -0.08670063316822052, 0.2266850620508194], [0.057808756828308105, -0.985328197479248, -0.1605815440416336, 0.432082861661911], [-0.09705850481987, 0.1545415073633194, -0.9832072854042053, 2.808924436569214], [0.0, 0.0, 0.0, 1.0]]}, "17.png": {"intrinsics": [[2985.29, 0.0, 512.0], [0.0, 2985.29, 512.0], [0.0, 0.0, 1.0]], "pose": [[0.9949392080307007, 0.09904251247644424, -0.016927208751440048, 0.04172712191939354], [0.09594841301441193, -0.9865168333053589, -0.13258345425128937, 0.352719783782959], [-0.02983037382364273, 0.13028834760189056, -0.9910272359848022, 2.832393169403076], [0.0, 0.0, 0.0, 1.0]]}, "18.png": {"intrinsics": [[2985.29, 0.0, 512.0], [0.0, 2985.29, 512.0], [0.0, 0.0, 1.0]], "pose": [[0.9639776349067688, 0.21643362939357758, -0.15460801124572754, 0.40763041377067566], [0.20087289810180664, -0.9733982086181641, -0.11020863056182861, 0.2863100469112396], [-0.17434802651405334, 0.07518210262060165, -0.9818097352981567, 2.812368869781494], [0.0, 0.0, 0.0, 1.0]]}, "19.png": {"intrinsics": [[2985.29, 0.0, 512.0], [0.0, 2985.29, 512.0], [0.0, 0.0, 1.0]], "pose": [[0.9443309307098389, 0.29213932156562805, -0.15130658447742462, 0.4163001477718353], [0.2528914213180542, -0.9387339353561401, -0.23414650559425354, 0.6337502002716064], [-0.2104400247335434, 0.18284764885902405, -0.9603549838066101, 2.8117153644561768], [0.0, 0.0, 0.0, 1.0]]}, "2.png": {"intrinsics": [[2985.29, 0.0, 512.0], [0.0, 2985.29, 512.0], [0.0, 0.0, 1.0]], "pose": [[0.9661893248558044, -0.020286453887820244, -0.2570343613624573, 0.6932060718536377], [-0.059696264564991, -0.9874128699302673, -0.1464659869670868, 0.39282017946243286], [-0.25082772970199585, 0.15685786306858063, -0.9552387595176697, 2.7437655925750732], [0.0, 0.0, 0.0, 1.0]]}, "3.png": {"intrinsics": [[2985.29, 0.0, 512.0], [0.0, 2985.29, 512.0], [0.0, 0.0, 1.0]], "pose": [[0.9471579194068909, 0.2881723642349243, -0.14088530838489532, 0.37172412872314453], [0.25255969166755676, -0.9407447576522827, -0.22630268335342407, 0.5927349925041199], [-0.19775128364562988, 0.17876240611076355, -0.9638144969940186, 2.716604232788086], [0.0, 0.0, 0.0, 1.0]]}, "4.png": {"intrinsics": [[2985.29, 0.0, 512.0], [0.0, 2985.29, 512.0], [0.0, 0.0, 1.0]], "pose": [[0.9721958041191101, 0.1788780838251114, -0.15112222731113434, 0.3969299793243408], [0.16432692110538483, -0.9809153079986572, -0.10393121838569641, 0.2752547264099121], [-0.16682912409305573, 0.07620804011821747, -0.9830362796783447, 2.7869725227355957], [0.0, 0.0, 0.0, 1.0]]}, "5.png": {"intrinsics": [[2985.29, 0.0, 512.0], [0.0, 2985.29, 512.0], [0.0, 0.0, 1.0]], "pose": [[0.9631079435348511, -0.03307560831308365, -0.2670750617980957, 0.716361939907074], [-0.0759185180068016, -0.985503077507019, -0.1517236828804016, 0.41051915287971497], [-0.2581849694252014, 0.16640223562717438, -0.9516569375991821, 2.741401433944702], [0.0, 0.0, 0.0, 1.0]]}, "6.png": {"intrinsics": [[2985.29, 0.0, 512.0], [0.0, 2985.29, 512.0], [0.0, 0.0, 1.0]], "pose": [[0.9831808805465698, 0.12324324250221252, -0.13478289544582367, 0.34761565923690796], [0.10031672567129135, -0.9811192154884338, -0.16535347700119019, 0.44649839401245117], [-0.15261678397655487, 0.14905139803886414, -0.976980984210968, 2.7360680103302], [0.0, 0.0, 0.0, 1.0]]}, "7.png": {"intrinsics": [[2985.29, 0.0, 512.0], [0.0, 2985.29, 512.0], [0.0, 0.0, 1.0]], "pose": [[0.9632903933525085, 0.26795563101768494, -0.01647636666893959, 0.0408843532204628], [0.2624889314174652, -0.9529574513435364, -0.15156413614749908, 0.4012227952480316], [-0.056313738226890564, 0.1416754126548767, -0.9883100986480713, 2.800217866897583], [0.0, 0.0, 0.0, 1.0]]}, "8.png": {"intrinsics": [[2985.29, 0.0, 512.0], [0.0, 2985.29, 512.0], [0.0, 0.0, 1.0]], "pose": [[0.9936547875404358, -0.09963473677635193, 0.05218249931931496, -0.13941575586795807], [-0.09365986287593842, -0.9898838400840759, -0.1065729483962059, 0.2799151837825775], [0.06227297708392143, 0.1010093167424202, -0.9929346442222595, 2.820371627807617], [0.0, 0.0, 0.0, 1.0]]}, "9.png": {"intrinsics": [[2985.29, 0.0, 512.0], [0.0, 2985.29, 512.0], [0.0, 0.0, 1.0]], "pose": [[0.948199987411499, 0.2877461016178131, -0.13460664451122284, 0.35887229442596436], [0.2527647614479065, -0.9400421380996704, -0.22897771000862122, 0.6123132705688477], [-0.19242337346076965, 0.18309286236763, -0.9640800356864929, 2.7464497089385986], [0.0, 0.0, 0.0, 1.0]]}}