{"0.png": {"intrinsics": [[2985.29, 0.0, 512.0], [0.0, 2985.29, 512.0], [0.0, 0.0, 1.0]], "pose": [[0.9942483305931091, -0.09831608086824417, -0.042474303394556046, 0.11317030340433121], [-0.09881189465522766, -0.995058536529541, -0.009730770252645016, 0.029919998720288277], [-0.0413077287375927, 0.013871770352125168, -0.9990501403808594, 2.9163239002227783], [0.0, 0.0, 0.0, 1.0]]}, "1.png": {"intrinsics": [[2985.29, 0.0, 512.0], [0.0, 2985.29, 512.0], [0.0, 0.0, 1.0]], "pose": [[0.9986162781715393, -0.038424406200647354, -0.03590404987335205, 0.0976625308394432], [-0.036161795258522034, -0.9974410533905029, 0.06167329102754593, -0.16468751430511475], [-0.038181934505701065, -0.060289595276117325, -0.9974504113197327, 2.928346872329712], [0.0, 0.0, 0.0, 1.0]]}, "10.png": {"intrinsics": [[2985.29, 0.0, 512.0], [0.0, 2985.29, 512.0], [0.0, 0.0, 1.0]], "pose": [[0.9991429448127747, -0.008743330836296082, 0.040459830313920975, -0.11568897217512131], [0.0005573295056819916, -0.974507749080658, -0.22435328364372253, 0.6174461841583252], [0.041390012949705124, 0.22418354451656342, -0.9736676216125488, 2.814711332321167], [0.0, 0.0, 0.0, 1.0]]}, "11.png": {"intrinsics": [[2985.29, 0.0, 512.0], [0.0, 2985.29, 512.0], [0.0, 0.0, 1.0]], "pose": [[0.9952681660652161, -0.08374973386526108, -0.04926757514476776, 0.12840980291366577], [-0.08707178384065628, -0.9937629103660583, -0.06966842710971832, 0.19336339831352234], [-0.04312557354569435, 0.07362858206033707, -0.9963528513908386, 2.9016799926757812], [0.0, 0.0, 0.0, 1.0]]}, "12.png": {"intrinsics": [[2985.29, 0.0, 512.0], [0.0, 2985.29, 512.0], [0.0, 0.0, 1.0]], "pose": [[0.9979816675186157, -0.04394993931055069, -0.04583684727549553, 0.12105691432952881], [-0.04569318890571594, -0.9982438087463379, -0.03770357370376587, 0.10586453229188919], [-0.04409927874803543, 0.039721909910440445, -0.9982371926307678, 2.884740114212036], [0.0, 0.0, 0.0, 1.0]]}, "13.png": {"intrinsics": [[2985.29, 0.0, 512.0], [0.0, 2985.29, 512.0], [0.0, 0.0, 1.0]], "pose": [[0.9864732623100281, -0.15680024027824402, -0.04779280349612236, 0.12629203498363495], [-0.15326128900051117, -0.9856732487678528, 0.07042152434587479, -0.1956256926059723], [-0.05815019831061363, -0.062144163995981216, -0.9963717460632324, 2.9468278884887695], [0.0, 0.0, 0.0, 1.0]]}, "14.png": {"intrinsics": [[2985.29, 0.0, 512.0], [0.0, 2985.29, 512.0], [0.0, 0.0, 1.0]], "pose": [[0.9990499019622803, -0.04187367856502533, -0.012077463790774345, 0.02806258387863636], [-0.042544037103652954, -0.9971711039543152, -0.06196603178977966, 0.1768631637096405], [-0.009448552504181862, 0.06242098659276962, -0.9980051517486572, 2.8416895866394043], [0.0, 0.0, 0.0, 1.0]]}, "15.png": {"intrinsics": [[2985.29, 0.0, 512.0], [0.0, 2985.29, 512.0], [0.0, 0.0, 1.0]], "pose": [[0.9970424771308899, -0.06056054309010506, -0.04731563478708267, 0.12851238250732422], [-0.06013044714927673, -0.9981357455253601, 0.010462408885359764, -0.03234637528657913], [-0.04786103591322899, -0.007586355321109295, -0.998825192451477, 2.972663164138794], [0.0, 0.0, 0.0, 1.0]]}, "16.png": {"intrinsics": [[2985.29, 0.0, 512.0], [0.0, 2985.29, 512.0], [0.0, 0.0, 1.0]], "pose": [[0.9993576407432556, -0.03370749577879906, 0.012174300849437714, -0.035326775163412094], [-0.032721731811761856, -0.9967446327209473, -0.07368423044681549, 0.20173527300357819], [0.01461837999522686, 0.07323852926492691, -0.9972072839736938, 2.839359998703003], [0.0, 0.0, 0.0, 1.0]]}, "17.png": {"intrinsics": [[2985.29, 0.0, 512.0], [0.0, 2985.29, 512.0], [0.0, 0.0, 1.0]], "pose": [[0.9950786828994751, -0.09710439294576645, 0.019725961610674858, -0.05960207059979439], [-0.09423907846212387, -0.9889551997184753, -0.1143968254327774, 0.31386303901672363], [0.030616525560617447, 0.11197488754987717, -0.9932392835617065, 2.9063563346862793], [0.0, 0.0, 0.0, 1.0]]}, "18.png": {"intrinsics": [[2985.29, 0.0, 512.0], [0.0, 2985.29, 512.0], [0.0, 0.0, 1.0]], "pose": [[0.9953717589378357, -0.09367892891168594, -0.021430952474474907, 0.055423904210329056], [-0.0932924747467041, -0.9954690933227539, 0.018374839797616005, -0.05053550750017166], [-0.0230551864951849, -0.01629044860601425, -0.9996014833450317, 2.8490123748779297], [0.0, 0.0, 0.0, 1.0]]}, "19.png": {"intrinsics": [[2985.29, 0.0, 512.0], [0.0, 2985.29, 512.0], [0.0, 0.0, 1.0]], "pose": [[0.9732832908630371, -0.16494862735271454, -0.1597234308719635, 0.4290579557418823], [-0.19832511246204376, -0.9544767737388611, -0.22280308604240417, 0.6117913126945496], [-0.11570124328136444, 0.24852769076824188, -0.961689829826355, 2.798450231552124], [0.0, 0.0, 0.0, 1.0]]}, "2.png": {"intrinsics": [[2985.29, 0.0, 512.0], [0.0, 2985.29, 512.0], [0.0, 0.0, 1.0]], "pose": [[0.9916247129440308, -0.04056399315595627, 0.1226169541478157, -0.3281562328338623], [-0.06439652293920517, -0.9782537817955017, 0.19716118276119232, -0.5302500128746033], [0.11195285618305206, -0.20340602099895477, -0.9726728796958923, 2.7566239833831787], [0.0, 0.0, 0.0, 1.0]]}, "3.png": {"intrinsics": [[2985.29, 0.0, 512.0], [0.0, 2985.29, 512.0], [0.0, 0.0, 1.0]], "pose": [[0.9976755976676941, -0.030433006584644318, -0.06096942350268364, 0.16287770867347717], [-0.033121783286333084, -0.9985004663467407, -0.04358614608645439, 0.12679457664489746], [-0.05955154076218605, 0.04550424963235855, -0.9971875548362732, 2.8881571292877197], [0.0, 0.0, 0.0, 1.0]]}, "4.png": {"intrinsics": [[2985.29, 0.0, 512.0], [0.0, 2985.29, 512.0], [0.0, 0.0, 1.0]], "pose": [[0.995358943939209, -0.09245932102203369, -0.026681281626224518, 0.06875491887331009], [-0.09253912419080734, -0.9957075119018555, -0.0017689117230474949, 0.010950964875519276], [-0.02640319988131523, 0.004229764454066753, -0.9996424317359924, 2.896977186203003], [0.0, 0.0, 0.0, 1.0]]}, "5.png": {"intrinsics": [[2985.29, 0.0, 512.0], [0.0, 2985.29, 512.0], [0.0, 0.0, 1.0]], "pose": [[0.9976114630699158, -0.05353451892733574, -0.043650686740875244, 0.11732729524374008], [-0.05518657714128494, -0.9977692365646362, -0.03756340965628624, 0.11010304093360901], [-0.04154237359762192, 0.03988261893391609, -0.9983404278755188, 2.9462685585021973], [0.0, 0.0, 0.0, 1.0]]}, "6.png": {"intrinsics": [[2985.29, 0.0, 512.0], [0.0, 2985.29, 512.0], [0.0, 0.0, 1.0]], "pose": [[0.9756189584732056, -0.12640053033828735, -0.17941735684871674, 0.47236233949661255], [-0.15111590921878815, -0.9797306656837463, -0.13149820268154144, 0.362257719039917], [-0.15915925800800323, 0.1554049551486969, -0.9749449491500854, 2.7750167846679688], [0.0, 0.0, 0.0, 1.0]]}, "7.png": {"intrinsics": [[2985.29, 0.0, 512.0], [0.0, 2985.29, 512.0], [0.0, 0.0, 1.0]], "pose": [[0.9999764561653137, -0.0029421872459352016, -0.006198145914822817, 0.014354882761836052], [-0.0027873737271875143, -0.9996875524520874, 0.024839678779244423, -0.06429388374090195], [-0.006269292440265417, -0.024821816012263298, -0.9996722340583801, 2.88895320892334], [0.0, 0.0, 0.0, 1.0]]}, "8.png": {"intrinsics": [[2985.29, 0.0, 512.0], [0.0, 2985.29, 512.0], [0.0, 0.0, 1.0]], "pose": [[0.9876202940940857, 0.0158153735101223, -0.15606386959552765, 0.4178897440433502], [-0.03345469385385513, -0.9507776498794556, -0.3080626130104065, 0.8282304406166077], [-0.1532541662454605, 0.30946996808052063, -0.9384782910346985, 2.6863455772399902], [0.0, 0.0, 0.0, 1.0]]}, "9.png": {"intrinsics": [[2985.29, 0.0, 512.0], [0.0, 2985.29, 512.0], [0.0, 0.0, 1.0]], "pose": [[0.9300317764282227, -0.027244290336966515, 0.3664676547050476, -1.0118417739868164], [-0.03006317839026451, -0.9995460510253906, 0.001985963201150298, -0.007057426497340202], [0.36624717712402344, -0.012864191085100174, -0.930428683757782, 2.724055051803589], [0.0, 0.0, 0.0, 1.0]]}}