{"0.png": {"intrinsics": [[2985.29, 0.0, 512.0], [0.0, 2985.29, 512.0], [0.0, 0.0, 1.0]], "pose": [[0.9945545792579651, 0.0015641895588487387, 0.10420477390289307, -0.2727971374988556], [0.020263463258743286, -0.9837070107460022, -0.17863306403160095, 0.4816628396511078], [0.10222755372524261, 0.17977188527584076, -0.9783820509910583, 2.739213466644287], [0.0, 0.0, 0.0, 1.0]]}, "1.png": {"intrinsics": [[2985.29, 0.0, 512.0], [0.0, 2985.29, 512.0], [0.0, 0.0, 1.0]], "pose": [[0.9929503202438354, 0.10773001611232758, 0.04943595454096794, -0.13274230062961578], [0.10780613869428635, -0.9941712617874146, 0.0011318055912852287, -0.00023148214677348733], [0.04926973208785057, 0.004205672070384026, -0.9987766146659851, 2.78619384765625], [0.0, 0.0, 0.0, 1.0]]}, "10.png": {"intrinsics": [[2985.29, 0.0, 512.0], [0.0, 2985.29, 512.0], [0.0, 0.0, 1.0]], "pose": [[0.9872187376022339, 0.08425123989582062, 0.13528063893318176, -0.35697421431541443], [0.09695865213871002, -0.9911870360374451, -0.09026166051626205, 0.24029895663261414], [0.126483753323555, 0.10222463309764862, -0.9866873025894165, 2.7901813983917236], [0.0, 0.0, 0.0, 1.0]]}, "11.png": {"intrinsics": [[2985.29, 0.0, 512.0], [0.0, 2985.29, 512.0], [0.0, 0.0, 1.0]], "pose": [[0.9849258661270142, 0.06009002402424812, 0.1622040569782257, -0.425297349691391], [0.06101756915450096, -0.9981364011764526, -0.000738224945962429, 0.0030452734790742397], [0.16185742616653442, 0.010624394752085209, -0.9867569208145142, 2.7542495727539062], [0.0, 0.0, 0.0, 1.0]]}, "12.png": {"intrinsics": [[2985.29, 0.0, 512.0], [0.0, 2985.29, 512.0], [0.0, 0.0, 1.0]], "pose": [[0.9856313467025757, 0.05713588744401932, 0.1589537113904953, -0.41101616621017456], [0.06274554133415222, -0.9975635409355164, -0.030494991689920425, 0.08559057861566544], [0.15682406723499298, 0.04003045707941055, -0.9868149757385254, 2.7342638969421387], [0.0, 0.0, 0.0, 1.0]]}, "13.png": {"intrinsics": [[2985.29, 0.0, 512.0], [0.0, 2985.29, 512.0], [0.0, 0.0, 1.0]], "pose": [[0.9920929670333862, -0.012557360343635082, 0.1248752549290657, -0.32157495617866516], [-0.008081963285803795, -0.9993089437484741, -0.03628120198845863, 0.09486697614192963], [0.12524454295635223, 0.03498509153723717, -0.9915088415145874, 2.727144956588745], [0.0, 0.0, 0.0, 1.0]]}, "14.png": {"intrinsics": [[2985.29, 0.0, 512.0], [0.0, 2985.29, 512.0], [0.0, 0.0, 1.0]], "pose": [[0.9809162616729736, 0.014656724408268929, 0.19387756288051605, -0.5066149234771729], [0.02609327808022499, -0.9980577230453491, -0.056566961109638214, 0.15120117366313934], [0.19267190992832184, 0.06054634600877762, -0.9793935418128967, 2.741533041000366], [0.0, 0.0, 0.0, 1.0]]}, "15.png": {"intrinsics": [[2985.29, 0.0, 512.0], [0.0, 2985.29, 512.0], [0.0, 0.0, 1.0]], "pose": [[0.9930689334869385, 0.10764415562152863, 0.047188907861709595, -0.12786774337291718], [0.10795947164297104, -0.994146466255188, -0.00417768070474267, 0.013387135230004787], [0.04646298289299011, 0.009243214502930641, -0.998877227306366, 2.790562868118286], [0.0, 0.0, 0.0, 1.0]]}, "16.png": {"intrinsics": [[2985.29, 0.0, 512.0], [0.0, 2985.29, 512.0], [0.0, 0.0, 1.0]], "pose": [[0.978559672832489, -0.00474025821313262, 0.20590874552726746, -0.5339709520339966], [0.006227994337677956, -0.9985969066619873, -0.05258674919605255, 0.13798370957374573], [0.20586912333965302, 0.05274167284369469, -0.9771571755409241, 2.712134599685669], [0.0, 0.0, 0.0, 1.0]]}, "17.png": {"intrinsics": [[2985.29, 0.0, 512.0], [0.0, 2985.29, 512.0], [0.0, 0.0, 1.0]], "pose": [[0.991238534450531, 0.11147810518741608, 0.07084402441978455, -0.1818791627883911], [0.11166365444660187, -0.9937452077865601, 0.001348300720565021, -0.0011098803952336311], [0.07055121660232544, 0.006574214436113834, -0.9974865317344666, 2.776676654815674], [0.0, 0.0, 0.0, 1.0]]}, "18.png": {"intrinsics": [[2985.29, 0.0, 512.0], [0.0, 2985.29, 512.0], [0.0, 0.0, 1.0]], "pose": [[0.9803119897842407, -0.004783435259014368, 0.19739685952663422, -0.5157254934310913], [0.0016588610596954823, -0.9994717240333557, -0.03245801478624344, 0.09234599024057388], [0.19744783639907837, 0.032146431505680084, -0.979786217212677, 2.750598669052124], [0.0, 0.0, 0.0, 1.0]]}, "19.png": {"intrinsics": [[2985.29, 0.0, 512.0], [0.0, 2985.29, 512.0], [0.0, 0.0, 1.0]], "pose": [[0.9852854609489441, 0.06431304663419724, 0.15835542976856232, -0.4155343472957611], [0.08023029565811157, -0.9921172857284546, -0.09626232832670212, 0.26051363348960876], [0.1509162336587906, 0.10755077004432678, -0.9826785326004028, 2.7548797130584717], [0.0, 0.0, 0.0, 1.0]]}, "2.png": {"intrinsics": [[2985.29, 0.0, 512.0], [0.0, 2985.29, 512.0], [0.0, 0.0, 1.0]], "pose": [[0.9901554584503174, 0.06299660354852676, 0.12499433010816574, -0.31952589750289917], [0.06780098378658295, -0.9971002340316772, -0.0345582440495491, 0.08970731496810913], [0.12245482206344604, 0.042692773044109344, -0.9915554523468018, 2.731236457824707], [0.0, 0.0, 0.0, 1.0]]}, "3.png": {"intrinsics": [[2985.29, 0.0, 512.0], [0.0, 2985.29, 512.0], [0.0, 0.0, 1.0]], "pose": [[0.993079662322998, 0.1080993264913559, 0.04590566083788872, -0.12481974810361862], [0.10826095193624496, -0.9941219687461853, -0.0010419432073831558, 0.005298149771988392], [0.04552318900823593, 0.006004523020237684, -0.9989452362060547, 2.7880964279174805], [0.0, 0.0, 0.0, 1.0]]}, "4.png": {"intrinsics": [[2985.29, 0.0, 512.0], [0.0, 2985.29, 512.0], [0.0, 0.0, 1.0]], "pose": [[0.9764015078544617, 0.04948495700955391, 0.21021753549575806, -0.5481135845184326], [0.054173942655324936, -0.9983935356140137, -0.016602134332060814, 0.04982990771532059], [0.2090582698583603, 0.027598662301898003, -0.9775136709213257, 2.723712205886841], [0.0, 0.0, 0.0, 1.0]]}, "5.png": {"intrinsics": [[2985.29, 0.0, 512.0], [0.0, 2985.29, 512.0], [0.0, 0.0, 1.0]], "pose": [[0.9904610514640808, 0.019944926723837852, 0.1363416165113449, -0.35969001054763794], [0.020129824057221413, -0.9997973442077637, 2.2582187739317305e-05, 0.0028687594458460808], [0.13631443679332733, 0.0027221660129725933, -0.9906618595123291, 2.794839382171631], [0.0, 0.0, 0.0, 1.0]]}, "6.png": {"intrinsics": [[2985.29, 0.0, 512.0], [0.0, 2985.29, 512.0], [0.0, 0.0, 1.0]], "pose": [[0.9949476718902588, 0.0051508378237485886, 0.1002625897526741, -0.2603019177913666], [0.01902594417333603, -0.9902592897415161, -0.13792935013771057, 0.37093937397003174], [0.09857551008462906, 0.1391400694847107, -0.9853541851043701, 2.733243227005005], [0.0, 0.0, 0.0, 1.0]]}, "7.png": {"intrinsics": [[2985.29, 0.0, 512.0], [0.0, 2985.29, 512.0], [0.0, 0.0, 1.0]], "pose": [[0.9826832413673401, 0.0708920806646347, 0.17119544744491577, -0.4492332339286804], [0.08970683068037033, -0.9904405474662781, -0.104786716401577, 0.28128302097320557], [0.16213035583496094, 0.11832956224679947, -0.9796488285064697, 2.7462821006774902], [0.0, 0.0, 0.0, 1.0]]}, "8.png": {"intrinsics": [[2985.29, 0.0, 512.0], [0.0, 2985.29, 512.0], [0.0, 0.0, 1.0]], "pose": [[0.9852165579795837, 0.06828977167606354, 0.15711446106433868, -0.41784387826919556], [0.08389423787593842, -0.9919428825378418, -0.09492720663547516, 0.2618921399116516], [0.14936600625514984, 0.10670485347509384, -0.9830076098442078, 2.7763543128967285], [0.0, 0.0, 0.0, 1.0]]}, "9.png": {"intrinsics": [[2985.29, 0.0, 512.0], [0.0, 2985.29, 512.0], [0.0, 0.0, 1.0]], "pose": [[0.9862073063850403, 0.08273541927337646, 0.14335300028324127, -0.3720115125179291], [0.0879468098282814, -0.9956613183021545, -0.030395789071917534, 0.083671435713768], [0.14021621644496918, 0.04258398339152336, -0.9892047643661499, 2.7370550632476807], [0.0, 0.0, 0.0, 1.0]]}}