{"0.png": {"intrinsics": [[2985.29, 0.0, 512.0], [0.0, 2985.29, 512.0], [0.0, 0.0, 1.0]], "pose": [[0.9973821640014648, 0.04838750138878822, -0.053735096007585526, 0.14251573383808136], [0.044415250420570374, -0.9963566064834595, -0.07280585914850235, 0.1969473510980606], [-0.057062212377786636, 0.07022860646247864, -0.9958975315093994, 2.7489116191864014], [0.0, 0.0, 0.0, 1.0]]}, "1.png": {"intrinsics": [[2985.29, 0.0, 512.0], [0.0, 2985.29, 512.0], [0.0, 0.0, 1.0]], "pose": [[0.9582856893539429, -0.055982012301683426, -0.2802760601043701, 0.7231981754302979], [-0.09586083889007568, -0.986782431602478, -0.1306569129228592, 0.3425501883029938], [-0.2692570388317108, 0.15207414329051971, -0.950985848903656, 2.6212806701660156], [0.0, 0.0, 0.0, 1.0]]}, "10.png": {"intrinsics": [[2985.29, 0.0, 512.0], [0.0, 2985.29, 512.0], [0.0, 0.0, 1.0]], "pose": [[0.9470332860946655, -0.10522004961967468, -0.30340850353240967, 0.7938856482505798], [-0.17410893738269806, -0.9621191620826721, -0.20979218184947968, 0.5650172829627991], [-0.269840806722641, 0.2515062987804413, -0.929478645324707, 2.5817582607269287], [0.0, 0.0, 0.0, 1.0]]}, "11.png": {"intrinsics": [[2985.29, 0.0, 512.0], [0.0, 2985.29, 512.0], [0.0, 0.0, 1.0]], "pose": [[0.9913278222084045, -0.13112246990203857, 0.008720055222511292, -0.020687492564320564], [-0.13016390800476074, -0.988871693611145, -0.07204190641641617, 0.18469232320785522], [0.018069328740239143, 0.07028210908174515, -0.9973635077476501, 2.7506213188171387], [0.0, 0.0, 0.0, 1.0]]}, "12.png": {"intrinsics": [[2985.29, 0.0, 512.0], [0.0, 2985.29, 512.0], [0.0, 0.0, 1.0]], "pose": [[0.9885897636413574, -0.03011188842356205, -0.14759254455566406, 0.3865278959274292], [-0.05272696167230606, -0.9870036244392395, -0.15180163085460663, 0.40947267413139343], [-0.1411033421754837, 0.15785165131092072, -0.9773293733596802, 2.7030911445617676], [0.0, 0.0, 0.0, 1.0]]}, "13.png": {"intrinsics": [[2985.29, 0.0, 512.0], [0.0, 2985.29, 512.0], [0.0, 0.0, 1.0]], "pose": [[0.9892341494560242, 0.05013091117143631, 0.13748657703399658, -0.3560492992401123], [0.06545209884643555, -0.9918534159660339, -0.1092829778790474, 0.28711313009262085], [0.13088807463645935, 0.11710524559020996, -0.9844565391540527, 2.7236921787261963], [0.0, 0.0, 0.0, 1.0]]}, "14.png": {"intrinsics": [[2985.29, 0.0, 512.0], [0.0, 2985.29, 512.0], [0.0, 0.0, 1.0]], "pose": [[0.9739360809326172, -0.07268320024013519, -0.21486224234104156, 0.5628090500831604], [-0.10695645213127136, -0.9825056791305542, -0.15245626866817474, 0.4036959409713745], [-0.2000223696231842, 0.17146353423595428, -0.9646716713905334, 2.6791443824768066], [0.0, 0.0, 0.0, 1.0]]}, "15.png": {"intrinsics": [[2985.29, 0.0, 512.0], [0.0, 2985.29, 512.0], [0.0, 0.0, 1.0]], "pose": [[0.9937230348587036, -0.11178901046514511, -0.004215478431433439, 0.014793967828154564], [-0.1114935502409935, -0.9866068363189697, -0.11906387656927109, 0.3236745595932007], [0.009151013568043709, 0.1187865138053894, -0.9928776621818542, 2.740185499191284], [0.0, 0.0, 0.0, 1.0]]}, "16.png": {"intrinsics": [[2985.29, 0.0, 512.0], [0.0, 2985.29, 512.0], [0.0, 0.0, 1.0]], "pose": [[0.9931808710098267, -0.10261107236146927, 0.0553411990404129, -0.13897092640399933], [-0.09573161602020264, -0.988719642162323, -0.1151903048157692, 0.2994621992111206], [0.06653673201799393, 0.10910691320896149, -0.9918006658554077, 2.6922860145568848], [0.0, 0.0, 0.0, 1.0]]}, "17.png": {"intrinsics": [[2985.29, 0.0, 512.0], [0.0, 2985.29, 512.0], [0.0, 0.0, 1.0]], "pose": [[0.9931698441505432, -0.06829070299863815, -0.09460443258285522, 0.2466581165790558], [-0.07919158786535263, -0.9900019764900208, -0.11672567576169968, 0.311612606048584], [-0.0856872946023941, 0.12342030555009842, -0.9886481165885925, 2.75191330909729], [0.0, 0.0, 0.0, 1.0]]}, "18.png": {"intrinsics": [[2985.29, 0.0, 512.0], [0.0, 2985.29, 512.0], [0.0, 0.0, 1.0]], "pose": [[0.9820265769958496, -0.07495366036891937, -0.17322181165218353, 0.44855648279190063], [-0.1030910536646843, -0.981780469417572, -0.15962257981300354, 0.4271251857280731], [-0.15810149908065796, 0.17461124062538147, -0.9718615412712097, 2.6716856956481934], [0.0, 0.0, 0.0, 1.0]]}, "19.png": {"intrinsics": [[2985.29, 0.0, 512.0], [0.0, 2985.29, 512.0], [0.0, 0.0, 1.0]], "pose": [[0.9966303110122681, 0.011080602183938026, -0.08127214014530182, 0.20920152962207794], [0.009092493914067745, -0.9996512532234192, -0.024791806936264038, 0.07858818769454956], [-0.0815185084939003, 0.023969300091266632, -0.996383547782898, 2.741344690322876], [0.0, 0.0, 0.0, 1.0]]}, "2.png": {"intrinsics": [[2985.29, 0.0, 512.0], [0.0, 2985.29, 512.0], [0.0, 0.0, 1.0]], "pose": [[0.9926605224609375, -0.061685558408498764, -0.10401884466409683, 0.2666456401348114], [-0.07838358730077744, -0.9831782579421997, -0.1649739146232605, 0.43817898631095886], [-0.09209256619215012, 0.17191645503044128, -0.9807974696159363, 2.6882224082946777], [0.0, 0.0, 0.0, 1.0]]}, "3.png": {"intrinsics": [[2985.29, 0.0, 512.0], [0.0, 2985.29, 512.0], [0.0, 0.0, 1.0]], "pose": [[0.9904658794403076, 0.1278376281261444, 0.051331669092178345, -0.13126079738140106], [0.13164235651493073, -0.9881248474121094, -0.07924401760101318, 0.2177557349205017], [0.04059172794222832, 0.08524591475725174, -0.995532751083374, 2.715707302093506], [0.0, 0.0, 0.0, 1.0]]}, "4.png": {"intrinsics": [[2985.29, 0.0, 512.0], [0.0, 2985.29, 512.0], [0.0, 0.0, 1.0]], "pose": [[0.994064450263977, -0.08848985284566879, -0.06328791379928589, 0.16650351881980896], [-0.09330537915229797, -0.9926024079322815, -0.07768187671899796, 0.20715291798114777], [-0.055945683270692825, 0.08312588930130005, -0.9949674010276794, 2.7440171241760254], [0.0, 0.0, 0.0, 1.0]]}, "5.png": {"intrinsics": [[2985.29, 0.0, 512.0], [0.0, 2985.29, 512.0], [0.0, 0.0, 1.0]], "pose": [[0.9899144172668457, 0.1389818787574768, 0.02744721807539463, -0.07098636031150818], [0.14163479208946228, -0.9750211238861084, -0.17109480500221252, 0.44792282581329346], [0.002982538193464279, 0.17325671017169952, -0.9848721623420715, 2.707554817199707], [0.0, 0.0, 0.0, 1.0]]}, "6.png": {"intrinsics": [[2985.29, 0.0, 512.0], [0.0, 2985.29, 512.0], [0.0, 0.0, 1.0]], "pose": [[0.944932758808136, -0.1563577502965927, 0.2874965965747833, -0.7445910573005676], [-0.1386169046163559, -0.9870119690895081, -0.08119513839483261, 0.2249281257390976], [0.29645806550979614, 0.036872051656246185, -0.9543338418006897, 2.630642890930176], [0.0, 0.0, 0.0, 1.0]]}, "7.png": {"intrinsics": [[2985.29, 0.0, 512.0], [0.0, 2985.29, 512.0], [0.0, 0.0, 1.0]], "pose": [[0.9892387390136719, -0.1222648024559021, 0.08036179095506668, -0.20680932700634003], [-0.10987810790538788, -0.9834964275360107, -0.1437414139509201, 0.38092681765556335], [0.09661004692316055, 0.13336457312107086, -0.986346960067749, 2.7251694202423096], [0.0, 0.0, 0.0, 1.0]]}, "8.png": {"intrinsics": [[2985.29, 0.0, 512.0], [0.0, 2985.29, 512.0], [0.0, 0.0, 1.0]], "pose": [[0.9978065490722656, 0.02312598004937172, 0.06202718988060951, -0.16030080616474152], [0.02587236650288105, -0.9987032413482666, -0.04384567216038704, 0.12327498942613602], [0.06093278154730797, 0.04535428807139397, -0.997110903263092, 2.7165918350219727], [0.0, 0.0, 0.0, 1.0]]}, "9.png": {"intrinsics": [[2985.29, 0.0, 512.0], [0.0, 2985.29, 512.0], [0.0, 0.0, 1.0]], "pose": [[0.9960620999336243, 0.07416057586669922, 0.04858437180519104, -0.1262887716293335], [0.07530063390731812, -0.9969165921211243, -0.02206866256892681, 0.06868360191583633], [0.046797942370176315, 0.02564019151031971, -0.9985752105712891, 2.743743658065796], [0.0, 0.0, 0.0, 1.0]]}}