{"0.png": {"intrinsics": [[2985.29, 0.0, 512.0], [0.0, 2985.29, 512.0], [0.0, 0.0, 1.0]], "pose": [[0.9995988607406616, -0.025663143023848534, 0.011981670744717121, -0.03356250002980232], [-0.023981135338544846, -0.9919891357421875, -0.12402632087469101, 0.3399953842163086], [0.015068592503666878, 0.12368924170732498, -0.9922065734863281, 2.7633025646209717], [0.0, 0.0, 0.0, 1.0]]}, "1.png": {"intrinsics": [[2985.29, 0.0, 512.0], [0.0, 2985.29, 512.0], [0.0, 0.0, 1.0]], "pose": [[0.9996391534805298, 0.003539709374308586, -0.026628725230693817, 0.07070957869291306], [0.00014348234981298447, -0.991969883441925, -0.12647448480129242, 0.3407285511493683], [-0.026862576603889465, 0.12642502784729004, -0.991612434387207, 2.791083812713623], [0.0, 0.0, 0.0, 1.0]]}, "10.png": {"intrinsics": [[2985.29, 0.0, 512.0], [0.0, 2985.29, 512.0], [0.0, 0.0, 1.0]], "pose": [[0.9974795579910278, -0.0628928616642952, 0.03284787759184837, -0.08614852279424667], [-0.05851103365421295, -0.9909745454788208, -0.1206064447760582, 0.30999451875686646], [0.04013669490814209, 0.11838050186634064, -0.9921567440032959, 2.706562042236328], [0.0, 0.0, 0.0, 1.0]]}, "11.png": {"intrinsics": [[2985.29, 0.0, 512.0], [0.0, 2985.29, 512.0], [0.0, 0.0, 1.0]], "pose": [[0.9791061878204346, -0.19447097182273865, 0.05943144112825394, -0.15491323173046112], [-0.1860281378030777, -0.9746312499046326, -0.12444877624511719, 0.32816290855407715], [0.08212541043758392, 0.11079265922307968, -0.9904444813728333, 2.7386314868927], [0.0, 0.0, 0.0, 1.0]]}, "12.png": {"intrinsics": [[2985.29, 0.0, 512.0], [0.0, 2985.29, 512.0], [0.0, 0.0, 1.0]], "pose": [[0.9950141310691833, 0.026588154956698418, 0.09612463414669037, -0.25112786889076233], [0.036583490669727325, -0.9939287900924683, -0.1037648618221283, 0.2714446783065796], [0.09278212487697601, 0.10676407814025879, -0.9899458885192871, 2.7466893196105957], [0.0, 0.0, 0.0, 1.0]]}, "13.png": {"intrinsics": [[2985.29, 0.0, 512.0], [0.0, 2985.29, 512.0], [0.0, 0.0, 1.0]], "pose": [[0.9994491338729858, -0.03305289149284363, -0.0029860215727239847, 0.005393095314502716], [-0.03317772224545479, -0.9929189085960388, -0.11406714469194412, 0.3030037581920624], [0.0008053716737776995, 0.11410337686538696, -0.9934685230255127, 2.7806568145751953], [0.0, 0.0, 0.0, 1.0]]}, "14.png": {"intrinsics": [[2985.29, 0.0, 512.0], [0.0, 2985.29, 512.0], [0.0, 0.0, 1.0]], "pose": [[0.9801117181777954, -0.042259301990270615, 0.19389498233795166, -0.516332745552063], [-0.01855851337313652, -0.9922998547554016, -0.12246053665876389, 0.32925134897232056], [0.1975770741701126, 0.11642660200595856, -0.9733489155769348, 2.7599732875823975], [0.0, 0.0, 0.0, 1.0]]}, "15.png": {"intrinsics": [[2985.29, 0.0, 512.0], [0.0, 2985.29, 512.0], [0.0, 0.0, 1.0]], "pose": [[0.9717395901679993, -0.026239046826958656, 0.23459278047084808, -0.6056734919548035], [0.005358552560210228, -0.9910949468612671, -0.13304971158504486, 0.34975820779800415], [0.23599480092525482, 0.13054673373699188, -0.9629455208778381, 2.665585517883301], [0.0, 0.0, 0.0, 1.0]]}, "16.png": {"intrinsics": [[2985.29, 0.0, 512.0], [0.0, 2985.29, 512.0], [0.0, 0.0, 1.0]], "pose": [[0.9976580739021301, -0.03759598359465599, 0.05713905394077301, -0.15005458891391754], [-0.0294673889875412, -0.9901358485221863, -0.13697725534439087, 0.36370575428009033], [0.06172522157430649, 0.1349727213382721, -0.9889248609542847, 2.7652130126953125], [0.0, 0.0, 0.0, 1.0]]}, "17.png": {"intrinsics": [[2985.29, 0.0, 512.0], [0.0, 2985.29, 512.0], [0.0, 0.0, 1.0]], "pose": [[0.999943196773529, -0.010136261582374573, -0.003301768098026514, 0.006900089792907238], [-0.010377997532486916, -0.996405839920044, -0.08406943827867508, 0.2251931130886078], [-0.0024377512745559216, 0.0840989202260971, -0.9964544177055359, 2.76236891746521], [0.0, 0.0, 0.0, 1.0]]}, "18.png": {"intrinsics": [[2985.29, 0.0, 512.0], [0.0, 2985.29, 512.0], [0.0, 0.0, 1.0]], "pose": [[0.9997323751449585, -0.0022761996369808912, 0.02302369847893715, -0.06137005239725113], [-0.0008850452722981572, -0.9981827139854431, -0.060253337025642395, 0.15972457826137543], [0.023119006305933, 0.06021683290600777, -0.9979175329208374, 2.785836696624756], [0.0, 0.0, 0.0, 1.0]]}, "19.png": {"intrinsics": [[2985.29, 0.0, 512.0], [0.0, 2985.29, 512.0], [0.0, 0.0, 1.0]], "pose": [[0.9991254806518555, -0.041384708136320114, -0.005960427224636078, 0.013736759312450886], [-0.041766274720430374, -0.9944916367530823, -0.09613525867462158, 0.2511008679866791], [-0.0019490658305585384, 0.09630013257265091, -0.9953504204750061, 2.7680184841156006], [0.0, 0.0, 0.0, 1.0]]}, "2.png": {"intrinsics": [[2985.29, 0.0, 512.0], [0.0, 2985.29, 512.0], [0.0, 0.0, 1.0]], "pose": [[0.9975720047950745, -0.06833107024431229, 0.013449840247631073, -0.03796084225177765], [-0.0666339248418808, -0.9926601648330688, -0.10092334449291229, 0.27552181482315063], [0.02024732157588005, 0.09978209435939789, -0.994803249835968, 2.8142101764678955], [0.0, 0.0, 0.0, 1.0]]}, "3.png": {"intrinsics": [[2985.29, 0.0, 512.0], [0.0, 2985.29, 512.0], [0.0, 0.0, 1.0]], "pose": [[0.9946375489234924, -0.09395860135555267, 0.04321834444999695, -0.11911540478467941], [-0.09272889047861099, -0.9952503442764282, -0.029632896184921265, 0.08261619508266449], [0.04579733684659004, 0.025466404855251312, -0.9986260533332825, 2.8174614906311035], [0.0, 0.0, 0.0, 1.0]]}, "4.png": {"intrinsics": [[2985.29, 0.0, 512.0], [0.0, 2985.29, 512.0], [0.0, 0.0, 1.0]], "pose": [[0.9581064581871033, -0.10517064481973648, 0.2664039433002472, -0.6763641834259033], [-0.0729743242263794, -0.9890830516815186, -0.12802107632160187, 0.3333468735218048], [0.2769596576690674, 0.10321718454360962, -0.9553216695785522, 2.5993597507476807], [0.0, 0.0, 0.0, 1.0]]}, "5.png": {"intrinsics": [[2985.29, 0.0, 512.0], [0.0, 2985.29, 512.0], [0.0, 0.0, 1.0]], "pose": [[0.9759148955345154, 0.0017879963852465153, 0.218144491314888, -0.5716460347175598], [0.006399157922714949, -0.9997707605361938, -0.020433459430933, 0.05270497500896454], [0.21805796027183533, 0.021337255835533142, -0.9757025837898254, 2.726534128189087], [0.0, 0.0, 0.0, 1.0]]}, "6.png": {"intrinsics": [[2985.29, 0.0, 512.0], [0.0, 2985.29, 512.0], [0.0, 0.0, 1.0]], "pose": [[0.9771365523338318, -0.10212045162916183, 0.1864820122718811, -0.4874778389930725], [-0.09117836505174637, -0.9936209917068481, -0.06636190414428711, 0.17960526049137115], [0.19206935167312622, 0.04784151539206505, -0.980214536190033, 2.7244653701782227], [0.0, 0.0, 0.0, 1.0]]}, "7.png": {"intrinsics": [[2985.29, 0.0, 512.0], [0.0, 2985.29, 512.0], [0.0, 0.0, 1.0]], "pose": [[0.9653904438018799, 0.16615118086338043, 0.2010350078344345, -0.513884425163269], [0.1366911381483078, -0.978797197341919, 0.15255051851272583, -0.3801801800727844], [0.22211895883083344, -0.11979110538959503, -0.9676328301429749, 2.628175735473633], [0.0, 0.0, 0.0, 1.0]]}, "8.png": {"intrinsics": [[2985.29, 0.0, 512.0], [0.0, 2985.29, 512.0], [0.0, 0.0, 1.0]], "pose": [[0.9713655710220337, -0.10321281850337982, 0.21400009095668793, -0.5648417472839355], [-0.08155557513237, -0.9908333420753479, -0.10769353061914444, 0.2908245921134949], [0.22315378487110138, 0.08715689182281494, -0.9708790183067322, 2.735628366470337], [0.0, 0.0, 0.0, 1.0]]}, "9.png": {"intrinsics": [[2985.29, 0.0, 512.0], [0.0, 2985.29, 512.0], [0.0, 0.0, 1.0]], "pose": [[0.9956815242767334, -0.0906975269317627, 0.019807210192084312, -0.0527806393802166], [-0.08932168781757355, -0.994081437587738, -0.06183480843901634, 0.1638910323381424], [0.02529824525117874, 0.05979856103658676, -0.9978898167610168, 2.808490037918091], [0.0, 0.0, 0.0, 1.0]]}}