{"0.png": {"intrinsics": [[2985.29, 0.0, 512.0], [0.0, 2985.29, 512.0], [0.0, 0.0, 1.0]], "pose": [[0.8969032764434814, -0.29384279251098633, 0.3304859697818756, -0.8113364577293396], [-0.22055423259735107, -0.9449701309204102, -0.2416345775127411, 0.5961460471153259], [0.3833019435405731, 0.1438327431678772, -0.9123551249504089, 2.439359664916992], [0.0, 0.0, 0.0, 1.0]]}, "1.png": {"intrinsics": [[2985.29, 0.0, 512.0], [0.0, 2985.29, 512.0], [0.0, 0.0, 1.0]], "pose": [[0.9760603904724121, -0.08837727457284927, 0.19873471558094025, -0.525651216506958], [-0.07270386070013046, -0.9937386512756348, -0.08483947068452835, 0.21513347327709198], [0.2049882560968399, 0.06835967302322388, -0.9763742685317993, 2.7649612426757812], [0.0, 0.0, 0.0, 1.0]]}, "10.png": {"intrinsics": [[2985.29, 0.0, 512.0], [0.0, 2985.29, 512.0], [0.0, 0.0, 1.0]], "pose": [[0.9458480477333069, -0.01866566762328148, 0.32407253980636597, -0.8235893249511719], [0.05840608850121498, -0.972266435623169, -0.2264656275510788, 0.5858863592147827], [0.3193119764328003, 0.23312988877296448, -0.9185261726379395, 2.52047061920166], [0.0, 0.0, 0.0, 1.0]]}, "11.png": {"intrinsics": [[2985.29, 0.0, 512.0], [0.0, 2985.29, 512.0], [0.0, 0.0, 1.0]], "pose": [[0.959201455116272, 0.11345532536506653, 0.2589603662490845, -0.6518509387969971], [0.16639162600040436, -0.9670601487159729, -0.19263552129268646, 0.49508070945739746], [0.228574737906456, 0.2278650999069214, -0.9464835524559021, 2.544440746307373], [0.0, 0.0, 0.0, 1.0]]}, "12.png": {"intrinsics": [[2985.29, 0.0, 512.0], [0.0, 2985.29, 512.0], [0.0, 0.0, 1.0]], "pose": [[0.9755536913871765, 0.007260080426931381, 0.21964117884635925, -0.5503868460655212], [0.0025488566607236862, -0.9997606873512268, 0.021725419908761978, -0.05790289118885994], [0.21974632143974304, -0.020634479820728302, -0.9753388166427612, 2.647158622741699], [0.0, 0.0, 0.0, 1.0]]}, "13.png": {"intrinsics": [[2985.29, 0.0, 512.0], [0.0, 2985.29, 512.0], [0.0, 0.0, 1.0]], "pose": [[0.8852890133857727, 0.29499346017837524, 0.3595026731491089, -0.9124910235404968], [0.2922046184539795, -0.9542484283447266, 0.06345310062170029, -0.16296659409999847], [0.36177313327789307, 0.04887399822473526, -0.9309841394424438, 2.5469841957092285], [0.0, 0.0, 0.0, 1.0]]}, "14.png": {"intrinsics": [[2985.29, 0.0, 512.0], [0.0, 2985.29, 512.0], [0.0, 0.0, 1.0]], "pose": [[0.9303771257400513, -0.10815613716840744, 0.35028642416000366, -0.8681930899620056], [-0.040000081062316895, -0.9797345399856567, -0.19626553356647491, 0.48171859979629517], [0.3644150495529175, 0.16858947277069092, -0.915848970413208, 2.4720287322998047], [0.0, 0.0, 0.0, 1.0]]}, "15.png": {"intrinsics": [[2985.29, 0.0, 512.0], [0.0, 2985.29, 512.0], [0.0, 0.0, 1.0]], "pose": [[0.9322411417961121, -0.07903678715229034, 0.35310012102127075, -0.89729243516922], [-0.02254774421453476, -0.9866449236869812, -0.16131772100925446, 0.4086405038833618], [0.36113446950912476, 0.14242541790008545, -0.9215731024742126, 2.5379421710968018], [0.0, 0.0, 0.0, 1.0]]}, "16.png": {"intrinsics": [[2985.29, 0.0, 512.0], [0.0, 2985.29, 512.0], [0.0, 0.0, 1.0]], "pose": [[0.9746920466423035, 0.07671529054641724, 0.2099766582250595, -0.528480052947998], [0.11013413965702057, -0.9821636080741882, -0.15239743888378143, 0.38700851798057556], [0.19454023241996765, 0.17166616022586823, -0.9657561182975769, 2.6169583797454834], [0.0, 0.0, 0.0, 1.0]]}, "17.png": {"intrinsics": [[2985.29, 0.0, 512.0], [0.0, 2985.29, 512.0], [0.0, 0.0, 1.0]], "pose": [[0.9245849847793579, -0.1230592206120491, 0.3605537414550781, -0.9112277030944824], [-0.03491177409887314, -0.9697810411453247, -0.24146634340286255, 0.6143449544906616], [0.37937283515930176, 0.21066860854625702, -0.9009411931037903, 2.466343879699707], [0.0, 0.0, 0.0, 1.0]]}, "18.png": {"intrinsics": [[2985.29, 0.0, 512.0], [0.0, 2985.29, 512.0], [0.0, 0.0, 1.0]], "pose": [[0.9827880263328552, 0.13520275056362152, -0.12588801980018616, 0.33191245794296265], [0.12411119788885117, -0.9879787564277649, -0.0921647921204567, 0.2303375005722046], [-0.13683561980724335, 0.07495434582233429, -0.9877539277076721, 2.7623579502105713], [0.0, 0.0, 0.0, 1.0]]}, "19.png": {"intrinsics": [[2985.29, 0.0, 512.0], [0.0, 2985.29, 512.0], [0.0, 0.0, 1.0]], "pose": [[0.9859324097633362, 0.16356758773326874, -0.034394342452287674, 0.09307456016540527], [0.1559787541627884, -0.9743272662162781, -0.16234810650348663, 0.4188009202480316], [-0.060066234320402145, 0.15469947457313538, -0.9861339330673218, 2.7349581718444824], [0.0, 0.0, 0.0, 1.0]]}, "2.png": {"intrinsics": [[2985.29, 0.0, 512.0], [0.0, 2985.29, 512.0], [0.0, 0.0, 1.0]], "pose": [[0.9866891503334045, 0.16258655488491058, -0.003188531147316098, 0.011246302165091038], [0.1603100299835205, -0.9757911562919617, -0.14876948297023773, 0.38768139481544495], [-0.02729925699532032, 0.14627808332443237, -0.9888668060302734, 2.764254570007324], [0.0, 0.0, 0.0, 1.0]]}, "3.png": {"intrinsics": [[2985.29, 0.0, 512.0], [0.0, 2985.29, 512.0], [0.0, 0.0, 1.0]], "pose": [[0.985018789768219, -0.14444179832935333, 0.09420505911111832, -0.24592439830303192], [-0.12878090143203735, -0.9794508218765259, -0.15521472692489624, 0.3999253511428833], [0.11468871682882309, 0.14075760543346405, -0.9833787679672241, 2.71868634223938], [0.0, 0.0, 0.0, 1.0]]}, "4.png": {"intrinsics": [[2985.29, 0.0, 512.0], [0.0, 2985.29, 512.0], [0.0, 0.0, 1.0]], "pose": [[0.854882001876831, 0.057498954236507416, 0.5156264305114746, -1.3591406345367432], [0.10094138234853745, -0.9932814836502075, -0.05659201368689537, 0.1498461812734604], [0.5089081525802612, 0.1004275381565094, -0.8549425601959229, 2.4398436546325684], [0.0, 0.0, 0.0, 1.0]]}, "5.png": {"intrinsics": [[2985.29, 0.0, 512.0], [0.0, 2985.29, 512.0], [0.0, 0.0, 1.0]], "pose": [[0.9817039370536804, -0.10053431987762451, 0.16171038150787354, -0.4240257740020752], [-0.08860579133033752, -0.9928990602493286, -0.07937508076429367, 0.19706860184669495], [0.16854199767112732, 0.06359434872865677, -0.9836408495903015, 2.752976417541504], [0.0, 0.0, 0.0, 1.0]]}, "6.png": {"intrinsics": [[2985.29, 0.0, 512.0], [0.0, 2985.29, 512.0], [0.0, 0.0, 1.0]], "pose": [[0.9292901158332825, -0.10730063915252686, 0.35342106223106384, -0.8990331888198853], [-0.0475563183426857, -0.9836670160293579, -0.1736016869544983, 0.43838414549827576], [0.36627620458602905, 0.1445189267396927, -0.9192149043083191, 2.536421060562134], [0.0, 0.0, 0.0, 1.0]]}, "7.png": {"intrinsics": [[2985.29, 0.0, 512.0], [0.0, 2985.29, 512.0], [0.0, 0.0, 1.0]], "pose": [[0.9826264977455139, -0.10809819400310516, 0.15086397528648376, -0.39555230736732483], [-0.08153408765792847, -0.981659471988678, -0.17232775688171387, 0.4423024356365204], [0.16672536730766296, 0.1570332646369934, -0.9734182953834534, 2.710465908050537], [0.0, 0.0, 0.0, 1.0]]}, "8.png": {"intrinsics": [[2985.29, 0.0, 512.0], [0.0, 2985.29, 512.0], [0.0, 0.0, 1.0]], "pose": [[0.9806827306747437, 0.19519641995429993, 0.012638719752430916, -0.037010639905929565], [0.19316677749156952, -0.9562634825706482, -0.21965138614177704, 0.5626034140586853], [-0.030789215117692947, 0.2178497016429901, -0.9754965901374817, 2.657078266143799], [0.0, 0.0, 0.0, 1.0]]}, "9.png": {"intrinsics": [[2985.29, 0.0, 512.0], [0.0, 2985.29, 512.0], [0.0, 0.0, 1.0]], "pose": [[0.9357565641403198, -0.34891924262046814, 0.05113685131072998, -0.13335774838924408], [-0.33805209398269653, -0.9288336038589478, -0.15162119269371033, 0.38613227009773254], [0.10040117800235748, 0.12459360063076019, -0.9871150255203247, 2.767796277999878], [0.0, 0.0, 0.0, 1.0]]}}