{"0.png": {"intrinsics": [[2985.29, 0.0, 512.0], [0.0, 2985.29, 512.0], [0.0, 0.0, 1.0]], "pose": [[0.9835472106933594, -0.03350043296813965, -0.17751775681972504, 0.4717837870121002], [-0.06004487723112106, -0.9874100089073181, -0.14634205400943756, 0.3911854326725006], [-0.17038027942180634, 0.1545933485031128, -0.9731760025024414, 2.77567720413208], [0.0, 0.0, 0.0, 1.0]]}, "1.png": {"intrinsics": [[2985.29, 0.0, 512.0], [0.0, 2985.29, 512.0], [0.0, 0.0, 1.0]], "pose": [[0.9455613493919373, -0.20632098615169525, -0.2516849637031555, 0.6852774620056152], [-0.1984470784664154, -0.978477954864502, 0.056565359234809875, -0.15884384512901306], [-0.25793880224227905, -0.003539871424436569, -0.9661547541618347, 2.8053526878356934], [0.0, 0.0, 0.0, 1.0]]}, "10.png": {"intrinsics": [[2985.29, 0.0, 512.0], [0.0, 2985.29, 512.0], [0.0, 0.0, 1.0]], "pose": [[0.982998788356781, -0.024031054228544235, -0.18203289806842804, 0.49358314275741577], [-0.05451733618974686, -0.9848894476890564, -0.16437986493110657, 0.44130948185920715], [-0.17533203959465027, 0.17150914669036865, -0.9694551825523376, 2.8140811920166016], [0.0, 0.0, 0.0, 1.0]]}, "11.png": {"intrinsics": [[2985.29, 0.0, 512.0], [0.0, 2985.29, 512.0], [0.0, 0.0, 1.0]], "pose": [[0.9775322675704956, -0.08842034637928009, -0.19134357571601868, 0.5105713605880737], [0.0170685276389122, -0.8715788125991821, 0.48995813727378845, -1.2920156717300415], [-0.21009327471256256, -0.48221591114997864, -0.8504872918128967, 2.4256770610809326], [0.0, 0.0, 0.0, 1.0]]}, "12.png": {"intrinsics": [[2985.29, 0.0, 512.0], [0.0, 2985.29, 512.0], [0.0, 0.0, 1.0]], "pose": [[0.8020386099815369, -0.15923981368541718, -0.5756533145904541, 1.5195571184158325], [-0.14896222949028015, -0.9866781234741211, 0.06539522856473923, -0.17985835671424866], [-0.5783980488777161, 0.03330110013484955, -0.815074622631073, 2.324939489364624], [0.0, 0.0, 0.0, 1.0]]}, "13.png": {"intrinsics": [[2985.29, 0.0, 512.0], [0.0, 2985.29, 512.0], [0.0, 0.0, 1.0]], "pose": [[0.8791477084159851, 0.14271022379398346, -0.45467913150787354, 1.205623745918274], [0.07902196049690247, -0.9845547676086426, -0.1562289595603943, 0.41539716720581055], [-0.46995195746421814, 0.10141868889331818, -0.8768463134765625, 2.4990553855895996], [0.0, 0.0, 0.0, 1.0]]}, "14.png": {"intrinsics": [[2985.29, 0.0, 512.0], [0.0, 2985.29, 512.0], [0.0, 0.0, 1.0]], "pose": [[0.9873701333999634, -0.04686500504612923, -0.15134023129940033, 0.39841991662979126], [-0.0675574243068695, -0.9885912537574768, -0.13462279736995697, 0.35969337821006775], [-0.14330454170703888, 0.14314667880535126, -0.979271650314331, 2.77111554145813], [0.0, 0.0, 0.0, 1.0]]}, "15.png": {"intrinsics": [[2985.29, 0.0, 512.0], [0.0, 2985.29, 512.0], [0.0, 0.0, 1.0]], "pose": [[0.8338746428489685, -0.050695326179265976, -0.5496208071708679, 1.4078713655471802], [-0.04207563400268555, -0.998714029788971, 0.02828192338347435, -0.06988416612148285], [-0.5503477454185486, -0.00045793503522872925, -0.8349353671073914, 2.3251914978027344], [0.0, 0.0, 0.0, 1.0]]}, "16.png": {"intrinsics": [[2985.29, 0.0, 512.0], [0.0, 2985.29, 512.0], [0.0, 0.0, 1.0]], "pose": [[0.9420661926269531, -0.21185682713985443, -0.26005396246910095, 0.6916466951370239], [-0.1978418081998825, -0.9770250916481018, 0.07925031334161758, -0.21440500020980835], [-0.2708689868450165, -0.02320949360728264, -0.9623363614082336, 2.7135262489318848], [0.0, 0.0, 0.0, 1.0]]}, "17.png": {"intrinsics": [[2985.29, 0.0, 512.0], [0.0, 2985.29, 512.0], [0.0, 0.0, 1.0]], "pose": [[0.8316848874092102, 0.22933566570281982, -0.5056731700897217, 1.2871131896972656], [0.16529826819896698, -0.9716877341270447, -0.1688176840543747, 0.42420995235443115], [-0.5300723314285278, 0.0568162202835083, -0.8460468649864197, 2.320610284805298], [0.0, 0.0, 0.0, 1.0]]}, "18.png": {"intrinsics": [[2985.29, 0.0, 512.0], [0.0, 2985.29, 512.0], [0.0, 0.0, 1.0]], "pose": [[0.9540945291519165, 0.008350935764610767, -0.2993890345096588, 0.7755991816520691], [-0.005554734729230404, -0.9989458322525024, -0.045565713196992874, 0.11996479332447052], [-0.2994539439678192, 0.04513702914118767, -0.9530424475669861, 2.65195369720459], [0.0, 0.0, 0.0, 1.0]]}, "19.png": {"intrinsics": [[2985.29, 0.0, 512.0], [0.0, 2985.29, 512.0], [0.0, 0.0, 1.0]], "pose": [[0.9722574949264526, 0.09686096757650375, -0.2129162698984146, 0.5630662441253662], [0.0792224258184433, -0.992796003818512, -0.08988784998655319, 0.2357500195503235], [-0.22008904814720154, 0.07052639126777649, -0.972926914691925, 2.760728120803833], [0.0, 0.0, 0.0, 1.0]]}, "2.png": {"intrinsics": [[2985.29, 0.0, 512.0], [0.0, 2985.29, 512.0], [0.0, 0.0, 1.0]], "pose": [[0.8705772757530212, -0.09590581804513931, -0.48259437084198, 1.2700698375701904], [-0.11002634465694427, -0.9939281940460205, -0.0009592738933861256, 0.002388710854575038], [-0.4795721471309662, 0.053933221846818924, -0.8758434653282166, 2.5022177696228027], [0.0, 0.0, 0.0, 1.0]]}, "3.png": {"intrinsics": [[2985.29, 0.0, 512.0], [0.0, 2985.29, 512.0], [0.0, 0.0, 1.0]], "pose": [[0.822486400604248, 0.23415899276733398, -0.5183489918708801, 1.3009507656097412], [0.17116737365722656, -0.9709799289703369, -0.16703194379806519, 0.41453230381011963], [-0.5424184799194336, 0.04865705966949463, -0.838698148727417, 2.279531240463257], [0.0, 0.0, 0.0, 1.0]]}, "4.png": {"intrinsics": [[2985.29, 0.0, 512.0], [0.0, 2985.29, 512.0], [0.0, 0.0, 1.0]], "pose": [[0.9356650114059448, -0.23902617394924164, -0.2596104145050049, 0.6820407509803772], [-0.29682159423828125, -0.9309583902359009, -0.21263451874256134, 0.5674206614494324], [-0.1908612698316574, 0.2760126292705536, -0.9420132637023926, 2.6300299167633057], [0.0, 0.0, 0.0, 1.0]]}, "5.png": {"intrinsics": [[2985.29, 0.0, 512.0], [0.0, 2985.29, 512.0], [0.0, 0.0, 1.0]], "pose": [[0.9410853981971741, -0.21245108544826508, -0.26310235261917114, 0.7023726105690002], [-0.20359916985034943, -0.9771649241447449, 0.0607958622276783, -0.16304342448711395], [-0.27001050114631653, -0.0036466792225837708, -0.9628504514694214, 2.7494101524353027], [0.0, 0.0, 0.0, 1.0]]}, "6.png": {"intrinsics": [[2985.29, 0.0, 512.0], [0.0, 2985.29, 512.0], [0.0, 0.0, 1.0]], "pose": [[0.9482475519180298, -0.034975722432136536, -0.3155999481678009, 0.826950192451477], [-0.0577368326485157, -0.9963383078575134, -0.06305816769599915, 0.16257114708423615], [-0.3122388422489166, 0.0780164897441864, -0.9467947483062744, 2.6638729572296143], [0.0, 0.0, 0.0, 1.0]]}, "7.png": {"intrinsics": [[2985.29, 0.0, 512.0], [0.0, 2985.29, 512.0], [0.0, 0.0, 1.0]], "pose": [[0.9295098781585693, -0.22122912108898163, -0.2950746417045593, 0.783575177192688], [-0.21383385360240936, -0.9751743674278259, 0.05753219872713089, -0.15321829915046692], [-0.3004770278930664, 0.009620200842618942, -0.9537404775619507, 2.705936908721924], [0.0, 0.0, 0.0, 1.0]]}, "8.png": {"intrinsics": [[2985.29, 0.0, 512.0], [0.0, 2985.29, 512.0], [0.0, 0.0, 1.0]], "pose": [[0.9326759576797485, -0.24234671890735626, -0.2671772539615631, 0.6890344619750977], [-0.2860329747200012, -0.9481644630432129, -0.1384531557559967, 0.3707389235496521], [-0.2197743058204651, 0.20555342733860016, -0.9536493420600891, 2.6062328815460205], [0.0, 0.0, 0.0, 1.0]]}, "9.png": {"intrinsics": [[2985.29, 0.0, 512.0], [0.0, 2985.29, 512.0], [0.0, 0.0, 1.0]], "pose": [[0.9467259049415588, -0.19784609973430634, -0.25410032272338867, 0.6760730147361755], [-0.19776713848114014, -0.9799007773399353, 0.02612469531595707, -0.06905028223991394], [-0.2541617751121521, 0.02551976777613163, -0.9668249487876892, 2.7449562549591064], [0.0, 0.0, 0.0, 1.0]]}}