{"0_19_latent.npy": 133.66057762732873, "0_18_mirror_latent.npy": 125.25607162866837, "0_17_mirror_latent.npy": 128.0285896888146, "0_1_mirror_latent.npy": 131.7233172685672, "0_12_latent.npy": 122.11649655073117, "0_16_mirror_latent.npy": 122.09894053141277, "0_15_mirror_latent.npy": 132.79688321627103, "0_6_mirror_latent.npy": 119.55702776786609, "0_11_latent.npy": 123.64235061254257, "0_3_latent.npy": 125.67516874655699, "0_9_mirror_latent.npy": 115.74666028145032, "0_9_latent.npy": 123.38247778476813, "0_2_latent.npy": 121.6808573404948, "0_0_latent.npy": 123.74584667499249, "0_10_mirror_latent.npy": 137.5330567971254, "0_18_latent.npy": 127.67248280843098, "0_14_mirror_latent.npy": 131.66735116029398, "0_19_mirror_latent.npy": 126.1312251946865, "0_1_latent.npy": 129.27288348858173, "0_13_mirror_latent.npy": 124.912839058118, "0_11_mirror_latent.npy": 119.68832319210738, "0_17_latent.npy": 128.32576653896234, "0_16_latent.npy": 123.15721345559145, "0_4_latent.npy": 119.60825934776894, "0_0_mirror_latent.npy": 127.1118895701873, "0_10_latent.npy": 137.3795653123122, "0_14_latent.npy": 128.1029798067533, "0_5_mirror_latent.npy": 117.92264654697516, "0_7_mirror_latent.npy": 133.62168629964194, "0_8_mirror_latent.npy": 118.80748396653395, "0_8_latent.npy": 119.510864844689, "0_13_latent.npy": 128.6178430410532, "0_15_latent.npy": 132.82850020971054, "0_5_latent.npy": 118.44949184319911, "0_7_latent.npy": 129.16806421524439, "0_3_mirror_latent.npy": 123.60642516307341, "0_6_latent.npy": 116.66446040226863, "0_12_mirror_latent.npy": 116.5197262886243, "0_4_mirror_latent.npy": 125.59765096811148, "0_2_mirror_latent.npy": 124.91431916065706, "1_5_mirror_latent.npy": 91.8231934767503, "1_5_latent.npy": 94.70536276010367, "1_3_latent.npy": 94.73053858830379, "1_9_mirror_latent.npy": 92.70986860226363, "1_1_latent.npy": 92.73356315417168, "1_13_latent.npy": 95.22977075821314, "1_2_latent.npy": 88.92403294489934, "1_1_mirror_latent.npy": 98.28283847906651, "1_3_mirror_latent.npy": 89.35371496738532, "1_6_mirror_latent.npy": 104.12348370674329, "1_13_mirror_latent.npy": 99.76303296211438, "1_10_mirror_latent.npy": 100.91818413367638, "1_17_latent.npy": 89.07061180701622, "1_8_latent.npy": 99.89772581442809, "1_4_latent.npy": 97.58074990296976, "1_18_latent.npy": 94.93326803354117, "1_15_mirror_latent.npy": 91.50853259746845, "1_8_mirror_latent.npy": 96.60022892096104, "1_16_latent.npy": 96.89699926131811, "1_14_mirror_latent.npy": 95.74669177715595, "1_7_mirror_latent.npy": 100.80194717798477, "1_9_latent.npy": 91.37474236121544, "1_18_mirror_latent.npy": 99.0742416381836, "1_19_mirror_latent.npy": 100.39230346679688, "1_0_latent.npy": 92.0918236756936, "1_11_mirror_latent.npy": 93.47818912603917, "1_6_latent.npy": 97.88936908428485, "1_12_mirror_latent.npy": 91.7473883995643, "1_11_latent.npy": 100.30668170635516, "1_2_mirror_latent.npy": 96.59102004613632, "1_15_latent.npy": 97.40483034574069, "1_14_latent.npy": 101.53970258663863, "1_12_latent.npy": 93.54235429030199, "1_17_mirror_latent.npy": 92.26412650866386, "1_16_mirror_latent.npy": 94.03191982171474, "1_4_mirror_latent.npy": 90.39641903608273, "1_0_mirror_latent.npy": 97.70911916097005, "1_7_latent.npy": 93.75956647824019, "1_10_latent.npy": 96.14744724371495, "1_19_latent.npy": 90.99077332325471, "2_4_latent.npy": 111.09489616980919, "2_7_mirror_latent.npy": 124.55150975936499, "2_5_mirror_latent.npy": 106.45094201503656, "2_10_latent.npy": 118.60214331211188, "2_8_mirror_latent.npy": 114.82530036339394, "2_0_mirror_latent.npy": 110.28757515931741, "2_11_latent.npy": 104.60386481651894, "2_0_latent.npy": 120.84692167624449, "2_13_latent.npy": 120.26531962859325, "2_15_mirror_latent.npy": 106.4411638700045, "2_3_latent.npy": 106.99152472080328, "2_3_mirror_latent.npy": 118.04994710286458, "2_2_mirror_latent.npy": 109.29739125569661, "2_6_mirror_latent.npy": 112.80212011092749, "2_14_mirror_latent.npy": 117.21866822854066, "2_5_latent.npy": 107.2328103872446, "2_19_mirror_latent.npy": 113.52169134677985, "2_6_latent.npy": 109.42486376640124, "2_12_latent.npy": 116.0814236371945, "2_17_mirror_latent.npy": 111.56744834704277, "2_14_latent.npy": 123.0506362915039, "2_16_mirror_latent.npy": 109.91608174641927, "2_1_mirror_latent.npy": 106.70014190673828, "2_12_mirror_latent.npy": 111.2681376139323, "2_16_latent.npy": 118.25833149445363, "2_19_latent.npy": 106.17418690216847, "2_7_latent.npy": 116.3630621494391, "2_9_mirror_latent.npy": 117.63853063338843, "2_18_mirror_latent.npy": 107.80452356583032, "2_2_latent.npy": 112.39779017521785, "2_17_latent.npy": 111.66547452486478, "2_4_mirror_latent.npy": 113.15074881529196, "2_18_latent.npy": 120.3414562910031, "2_9_latent.npy": 112.34224916115785, "2_1_latent.npy": 117.87141790145483, "2_15_latent.npy": 104.96882570706882, "2_13_mirror_latent.npy": 109.27236801538712, "2_10_mirror_latent.npy": 112.45489658453526, "2_11_mirror_latent.npy": 109.7208494528746, "2_8_latent.npy": 117.21556521684695, "3_13_latent.npy": 92.16288679074019, "3_12_mirror_latent.npy": 89.0721187102489, "3_10_latent.npy": 100.46212807679788, "3_15_mirror_latent.npy": 91.96852463942308, "3_1_latent.npy": 102.48659887069311, "3_9_latent.npy": 92.94664216652895, "3_3_mirror_latent.npy": 86.41183334741837, "3_7_latent.npy": 93.54415326240735, "3_2_mirror_latent.npy": 94.99246391883263, "3_10_mirror_latent.npy": 90.98257015912961, "3_5_latent.npy": 95.47245984199719, "3_14_latent.npy": 93.39424270238632, "3_8_mirror_latent.npy": 90.66173318716196, "3_9_mirror_latent.npy": 93.15923857077574, "3_15_latent.npy": 93.623900780311, "3_5_mirror_latent.npy": 92.97838240403395, "3_14_mirror_latent.npy": 92.26736821883765, "3_16_mirror_latent.npy": 93.00630970490285, "3_0_latent.npy": 93.40345822847806, "3_13_mirror_latent.npy": 94.2922834738707, "3_17_mirror_latent.npy": 91.82462154290614, "3_19_mirror_latent.npy": 102.71681369879308, "3_19_latent.npy": 92.46912090594952, "3_6_latent.npy": 85.0164562127529, "3_0_mirror_latent.npy": 91.88660430908203, "3_8_latent.npy": 93.07507187280899, "3_3_latent.npy": 96.07983613625551, "3_2_latent.npy": 89.66292337270883, "3_18_latent.npy": 97.15214284261067, "3_17_latent.npy": 100.38906058287009, "3_4_latent.npy": 92.90514980218349, "3_7_mirror_latent.npy": 93.16639729035207, "3_12_latent.npy": 104.2400144919371, "3_11_mirror_latent.npy": 88.25624006222456, "3_18_mirror_latent.npy": 98.30278044480544, "3_1_mirror_latent.npy": 94.70095688257462, "3_11_latent.npy": 91.66506449381511, "3_6_mirror_latent.npy": 95.7312861711551, "3_4_mirror_latent.npy": 98.72493293957832, "3_16_latent.npy": 101.16836743477063, "4_12_latent.npy": 91.49573908096704, "4_4_mirror_latent.npy": 91.66980391282301, "4_1_latent.npy": 98.56850179036458, "4_1_mirror_latent.npy": 98.34719046568259, "4_16_mirror_latent.npy": 98.58395268366887, "4_13_latent.npy": 92.09169084597856, "4_13_mirror_latent.npy": 91.1929912078075, "4_10_mirror_latent.npy": 96.04225647755159, "4_8_mirror_latent.npy": 92.57450377635466, "4_2_mirror_latent.npy": 97.42460065010266, "4_5_mirror_latent.npy": 98.06404328957582, "4_2_latent.npy": 90.41728484324919, "4_0_mirror_latent.npy": 95.54720247708835, "4_8_latent.npy": 94.64510697584886, "4_14_mirror_latent.npy": 95.31667953882462, "4_12_mirror_latent.npy": 95.38300890800281, "4_15_latent.npy": 103.75218670184796, "4_15_mirror_latent.npy": 98.59765038123497, "4_5_latent.npy": 94.19281768798828, "4_11_mirror_latent.npy": 97.53187032846304, "4_19_latent.npy": 92.71506089430589, "4_9_latent.npy": 98.74165422488481, "4_19_mirror_latent.npy": 94.29945921286559, "4_18_latent.npy": 91.94894057053786, "4_14_latent.npy": 93.42996059319911, "4_11_latent.npy": 101.61334737141927, "4_6_latent.npy": 92.22349509214743, "4_4_latent.npy": 93.2456774589343, "4_9_mirror_latent.npy": 96.5092755831205, "4_17_latent.npy": 96.27161172720102, "4_7_mirror_latent.npy": 99.61939787253355, "4_10_latent.npy": 93.74393150133965, "4_7_latent.npy": 100.19910548283504,