{"0.png": {"intrinsics": [[2985.29, 0.0, 512.0], [0.0, 2985.29, 512.0], [0.0, 0.0, 1.0]], "pose": [[0.9014778137207031, 0.06556377559900284, 0.42783066630363464, -1.116715431213379], [0.0967625305056572, -0.9939708709716797, -0.05156430974602699, 0.14477621018886566], [0.42187047004699707, 0.08788205683231354, -0.9023868441581726, 2.5086278915405273], [0.0, 0.0, 0.0, 1.0]]}, "1.png": {"intrinsics": [[2985.29, 0.0, 512.0], [0.0, 2985.29, 512.0], [0.0, 0.0, 1.0]], "pose": [[0.7179898023605347, -0.05258074402809143, -0.694064736366272, 1.889824628829956], [-0.045979879796504974, -0.9985474944114685, 0.028082797303795815, -0.06869290769100189], [-0.6945332288742065, 0.011749852448701859, -0.7193646430969238, 2.12095308303833], [0.0, 0.0, 0.0, 1.0]]}, "10.png": {"intrinsics": [[2985.29, 0.0, 512.0], [0.0, 2985.29, 512.0], [0.0, 0.0, 1.0]], "pose": [[0.9319835901260376, -0.1033397987484932, 0.3474586308002472, -0.9007318019866943], [-0.04618891328573227, -0.9845455884933472, -0.16892783343791962, 0.44743892550468445], [0.35954582691192627, 0.14138922095298767, -0.9223534464836121, 2.5348780155181885], [0.0, 0.0, 0.0, 1.0]]}, "11.png": {"intrinsics": [[2985.29, 0.0, 512.0], [0.0, 2985.29, 512.0], [0.0, 0.0, 1.0]], "pose": [[0.9681071639060974, -0.24287311732769012, 0.061491772532463074, -0.15210719406604767], [-0.23645542562007904, -0.9668723344802856, -0.09616062790155411, 0.25728434324264526], [0.08280952274799347, 0.07855372130870819, -0.9934646487236023, 2.6715455055236816], [0.0, 0.0, 0.0, 1.0]]}, "12.png": {"intrinsics": [[2985.29, 0.0, 512.0], [0.0, 2985.29, 512.0], [0.0, 0.0, 1.0]], "pose": [[0.8933956623077393, 0.007793240249156952, 0.44920316338539124, -1.1581937074661255], [0.020729977637529373, -0.9994996786117554, -0.02388836443424225, 0.07188441604375839], [0.4487922787666321, 0.030653731897473335, -0.8931102156639099, 2.4675047397613525], [0.0, 0.0, 0.0, 1.0]]}, "13.png": {"intrinsics": [[2985.29, 0.0, 512.0], [0.0, 2985.29, 512.0], [0.0, 0.0, 1.0]], "pose": [[0.759861946105957, 0.001206770888529718, -0.6500833630561829, 1.7639262676239014], [-0.0028225660789757967, -0.9999827742576599, -0.00515550933778286, 0.013278460130095482], [-0.6500783562660217, 0.005752379074692726, -0.7598454356193542, 2.2288308143615723], [0.0, 0.0, 0.0, 1.0]]}, "14.png": {"intrinsics": [[2985.29, 0.0, 512.0], [0.0, 2985.29, 512.0], [0.0, 0.0, 1.0]], "pose": [[0.9858579039573669, -0.16155973076820374, -0.04452646151185036, 0.1207183226943016], [-0.1664239913225174, -0.9750462770462036, -0.1469281017780304, 0.39462754130363464], [-0.019677696749567986, 0.15226049721240997, -0.9881444573402405, 2.7493250370025635], [0.0, 0.0, 0.0, 1.0]]}, "15.png": {"intrinsics": [[2985.29, 0.0, 512.0], [0.0, 2985.29, 512.0], [0.0, 0.0, 1.0]], "pose": [[0.978330135345459, -0.1087464690208435, 0.176193967461586, -0.4491095244884491], [-0.08391709625720978, -0.9861987233161926, -0.1427234262228012, 0.3745214343070984], [0.18928292393684387, 0.12484493851661682, -0.9739536643028259, 2.638934850692749], [0.0, 0.0, 0.0, 1.0]]}, "16.png": {"intrinsics": [[2985.29, 0.0, 512.0], [0.0, 2985.29, 512.0], [0.0, 0.0, 1.0]], "pose": [[0.9474132061004639, -0.22266480326652527, -0.22984476387500763, 0.6134322285652161], [-0.2284747213125229, -0.9735488295555115, 0.0013708678307011724, 0.00605096435174346], [-0.22407035529613495, 0.05121494457125664, -0.9732263088226318, 2.7478201389312744], [0.0, 0.0, 0.0, 1.0]]}, "17.png": {"intrinsics": [[2985.29, 0.0, 512.0], [0.0, 2985.29, 512.0], [0.0, 0.0, 1.0]], "pose": [[0.9319777488708496, -0.07215863466262817, 0.3552613854408264, -0.9197763204574585], [-0.010979034006595612, -0.9851581454277039, -0.17129766941070557, 0.45062926411628723], [0.3623492419719696, 0.15574517846107483, -0.9189376831054688, 2.5410406589508057], [0.0, 0.0, 0.0, 1.0]]}, "18.png": {"intrinsics": [[2985.29, 0.0, 512.0], [0.0, 2985.29, 512.0], [0.0, 0.0, 1.0]], "pose": [[0.9597358703613281, -0.17046105861663818, 0.22327136993408203, -0.591665506362915], [-0.16289934515953064, -0.9852713942527771, -0.05199979990720749, 0.1431499719619751], [0.22884683310985565, 0.013535309582948685, -0.9733683466911316, 2.730175495147705], [0.0, 0.0, 0.0, 1.0]]}, "19.png": {"intrinsics": [[2985.29, 0.0, 512.0], [0.0, 2985.29, 512.0], [0.0, 0.0, 1.0]], "pose": [[0.9881081581115723, -0.05657327175140381, -0.1429746001958847, 0.38529935479164124], [-0.06859217584133148, -0.9943852424621582, -0.08057976514101028, 0.21968522667884827], [-0.13761316239833832, 0.08942845463752747, -0.9864406585693359, 2.778751850128174], [0.0, 0.0, 0.0, 1.0]]}, "2.png": {"intrinsics": [[2985.29, 0.0, 512.0], [0.0, 2985.29, 512.0], [0.0, 0.0, 1.0]], "pose": [[0.6806483864784241, -0.06515925377607346, -0.7297068238258362, 1.958993673324585], [0.006533414125442505, -0.9954573512077332, 0.09498364478349686, -0.24887903034687042], [-0.7325810790061951, -0.06941793113946915, -0.6771307587623596, 1.9863344430923462], [0.0, 0.0, 0.0, 1.0]]}, "3.png": {"intrinsics": [[2985.29, 0.0, 512.0], [0.0, 2985.29, 512.0], [0.0, 0.0, 1.0]], "pose": [[0.933677077293396, 0.1104695200920105, 0.3406517505645752, -0.8823710680007935], [0.13569395244121552, -0.9894344210624695, -0.05105504021048546, 0.1390181928873062], [0.33141252398490906, 0.09389330446720123, -0.9388023018836975, 2.5981545448303223], [0.0, 0.0, 0.0, 1.0]]}, "4.png": {"intrinsics": [[2985.29, 0.0, 512.0], [0.0, 2985.29, 512.0], [0.0, 0.0, 1.0]], "pose": [[0.7748778462409973, -0.24613317847251892, -0.5822222828865051, 1.5514888763427734], [-0.22753480076789856, -0.9679427742958069, 0.10637029260396957, -0.27145910263061523], [-0.5897391438484192, 0.05005185306072235, -0.8060413002967834, 2.318881034851074], [0.0, 0.0, 0.0, 1.0]]}, "5.png": {"intrinsics": [[2985.29, 0.0, 512.0], [0.0, 2985.29, 512.0], [0.0, 0.0, 1.0]], "pose": [[0.8190545439720154, 0.022982701659202576, 0.5732550621032715, -1.5292353630065918], [0.02089797332882881, -0.999729335308075, 0.010222155600786209, -0.016425278037786484], [0.5733348727226257, 0.003607364371418953, -0.8193131685256958, 2.352515935897827], [0.0, 0.0, 0.0, 1.0]]}, "6.png": {"intrinsics": [[2985.29, 0.0, 512.0], [0.0, 2985.29, 512.0], [0.0, 0.0, 1.0]], "pose": [[0.9349132776260376, 0.02843775600194931, 0.3537348806858063, -0.9419448971748352], [0.04177367687225342, -0.9986729621887207, -0.030120715498924255, 0.09038569778203964], [0.35240891575813293, 0.04293706640601158, -0.9348606467247009, 2.641974687576294], [0.0, 0.0, 0.0, 1.0]]}, "7.png": {"intrinsics": [[2985.29, 0.0, 512.0], [0.0, 2985.29, 512.0], [0.0, 0.0, 1.0]], "pose": [[0.9693557620048523, -0.2099001109600067, -0.12763763964176178, 0.3320910930633545], [-0.20507213473320007, -0.9774684906005859, 0.05000792443752289, -0.1250850111246109], [-0.13525843620300293, -0.022300543263554573, -0.9905593991279602, 2.7208573818206787], [0.0, 0.0, 0.0, 1.0]]}, "8.png": {"intrinsics": [[2985.29, 0.0, 512.0], [0.0, 2985.29, 512.0], [0.0, 0.0, 1.0]], "pose": [[0.8226513862609863, -0.07791958749294281, -0.5631812810897827, 1.512908935546875], [-0.08354455232620239, -0.996378481388092, 0.015819692984223366, -0.03410360589623451], [-0.5623743534088135, 0.03403663635253906, -0.8261818885803223, 2.371760606765747], [0.0, 0.0, 0.0, 1.0]]}, "9.png": {"intrinsics": [[2985.29, 0.0, 512.0], [0.0, 2985.29, 512.0], [0.0, 0.0, 1.0]], "pose": [[0.9996584057807922, -0.006693174131214619, -0.025264399126172066, 0.07005350291728973], [-0.008293556049466133, -0.9979293942451477, -0.06378177553415298, 0.17425109446048737], [-0.024785183370113373, 0.06396951526403427, -0.9976440072059631, 2.779676914215088], [0.0, 0.0, 0.0, 1.0]]}}