{"0.png": {"intrinsics": [[2985.29, 0.0, 512.0], [0.0, 2985.29, 512.0], [0.0, 0.0, 1.0]], "pose": [[0.9924593567848206, -0.07474830746650696, -0.09714464098215103, 0.2501194179058075], [-0.10085078328847885, -0.9484158754348755, -0.30056026577949524, 0.7778015732765198], [-0.06966715306043625, 0.3080909848213196, -0.948802649974823, 2.6185615062713623], [0.0, 0.0, 0.0, 1.0]]}, "1.png": {"intrinsics": [[2985.29, 0.0, 512.0], [0.0, 2985.29, 512.0], [0.0, 0.0, 1.0]], "pose": [[0.9557909369468689, 0.06527344882488251, -0.28671085834503174, 0.7138542532920837], [0.015108928084373474, -0.9846643805503845, -0.1738038957118988, 0.43297088146209717], [-0.2936587333679199, 0.16178829967975616, -0.9421194791793823, 2.5350635051727295], [0.0, 0.0, 0.0, 1.0]]}, "10.png": {"intrinsics": [[2985.29, 0.0, 512.0], [0.0, 2985.29, 512.0], [0.0, 0.0, 1.0]], "pose": [[0.891307532787323, -0.07515252381563187, -0.44712746143341064, 1.141791582107544], [-0.15545691549777985, -0.9770433306694031, -0.1456691026687622, 0.3785371780395508], [-0.42591550946235657, 0.19934502243995667, -0.882529079914093, 2.4180991649627686], [0.0, 0.0, 0.0, 1.0]]}, "11.png": {"intrinsics": [[2985.29, 0.0, 512.0], [0.0, 2985.29, 512.0], [0.0, 0.0, 1.0]], "pose": [[0.9796741604804993, -0.07900676131248474, -0.18438145518302917, 0.4635827839374542], [-0.13064977526664734, -0.9487887620925903, -0.287629097700119, 0.7295196056365967], [-0.1522144228219986, 0.3058721721172333, -0.9398260712623596, 2.569397449493408], [0.0, 0.0, 0.0, 1.0]]}, "12.png": {"intrinsics": [[2985.29, 0.0, 512.0], [0.0, 2985.29, 512.0], [0.0, 0.0, 1.0]], "pose": [[0.8630034327507019, 0.12341339886188507, -0.4898921251296997, 1.2438435554504395], [-0.01923707127571106, -0.9609720706939697, -0.2759760022163391, 0.6989893317222595], [-0.5048317909240723, 0.24759232997894287, -0.8269479870796204, 2.2863240242004395], [0.0, 0.0, 0.0, 1.0]]}, "13.png": {"intrinsics": [[2985.29, 0.0, 512.0], [0.0, 2985.29, 512.0], [0.0, 0.0, 1.0]], "pose": [[0.9619908928871155, -0.14943991601467133, -0.22856368124485016, 0.5804161429405212], [-0.20413486659526825, -0.9494738578796387, -0.238386869430542, 0.6146146059036255], [-0.18139074742794037, 0.2759838104248047, -0.9438910484313965, 2.5734362602233887], [0.0, 0.0, 0.0, 1.0]]}, "14.png": {"intrinsics": [[2985.29, 0.0, 512.0], [0.0, 2985.29, 512.0], [0.0, 0.0, 1.0]], "pose": [[0.8648542761802673, -0.4745001792907715, -0.16394127905368805, 0.44011634588241577], [-0.4867633283138275, -0.872495710849762, -0.042575858533382416, 0.11491299420595169], [-0.12283581495285034, 0.11662251502275467, -0.9855509400367737, 2.803055763244629], [0.0, 0.0, 0.0, 1.0]]}, "15.png": {"intrinsics": [[2985.29, 0.0, 512.0], [0.0, 2985.29, 512.0], [0.0, 0.0, 1.0]], "pose": [[0.9565936923027039, -0.25347018241882324, -0.14380989968776703, 0.3671320378780365], [-0.27407586574554443, -0.9501996636390686, -0.1483345925807953, 0.3814437687397003], [-0.09904970228672028, 0.181310772895813, -0.9784250259399414, 2.6703879833221436], [0.0, 0.0, 0.0, 1.0]]}, "16.png": {"intrinsics": [[2985.29, 0.0, 512.0], [0.0, 2985.29, 512.0], [0.0, 0.0, 1.0]], "pose": [[0.9964397549629211, -0.084071584045887, -0.006301691755652428, 0.013984429650008678], [-0.08412328362464905, -0.9865443706512451, -0.14019063115119934, 0.35647067427635193], [0.00556915020570159, 0.14022164046764374, -0.9901044368743896, 2.706437826156616], [0.0, 0.0, 0.0, 1.0]]}, "17.png": {"intrinsics": [[2985.29, 0.0, 512.0], [0.0, 2985.29, 512.0], [0.0, 0.0, 1.0]], "pose": [[0.9529558420181274, 0.07540520280599594, -0.29358017444610596, 0.7446847558021545], [0.020854942500591278, -0.9825778603553772, -0.18467746675014496, 0.4639177620410919], [-0.30239102244377136, 0.16986685991287231, -0.9379258155822754, 2.554506540298462], [0.0, 0.0, 0.0, 1.0]]}, "18.png": {"intrinsics": [[2985.29, 0.0, 512.0], [0.0, 2985.29, 512.0], [0.0, 0.0, 1.0]], "pose": [[0.9680005311965942, -0.2363438606262207, 0.08436005562543869, -0.21967798471450806], [-0.21410508453845978, -0.9531658887863159, -0.2136208415031433, 0.5589727759361267], [0.13089710474014282, 0.18872316181659698, -0.9732674956321716, 2.6995983123779297], [0.0, 0.0, 0.0, 1.0]]}, "19.png": {"intrinsics": [[2985.29, 0.0, 512.0], [0.0, 2985.29, 512.0], [0.0, 0.0, 1.0]], "pose": [[0.9833653569221497, -0.13067422807216644, -0.12616179883480072, 0.31814536452293396], [-0.15075576305389404, -0.9746017456054688, -0.16560210287570953, 0.42237401008605957], [-0.10131759196519852, 0.18186698853969574, -0.9780895709991455, 2.632286548614502], [0.0, 0.0, 0.0, 1.0]]}, "2.png": {"intrinsics": [[2985.29, 0.0, 512.0], [0.0, 2985.29, 512.0], [0.0, 0.0, 1.0]], "pose": [[0.9594793915748596, -0.21195797622203827, -0.18566952645778656, 0.4845273792743683], [-0.26332879066467285, -0.9089879989624023, -0.32310792803764343, 0.8410647511482239], [-0.1002860739827156, 0.358907550573349, -0.9279698729515076, 2.5847525596618652], [0.0, 0.0, 0.0, 1.0]]}, "3.png": {"intrinsics": [[2985.29, 0.0, 512.0], [0.0, 2985.29, 512.0], [0.0, 0.0, 1.0]], "pose": [[0.9606789350509644, 0.10637986660003662, -0.25647467374801636, 0.6532229781150818], [0.07795960456132889, -0.9898809790611267, -0.11856627464294434, 0.30443868041038513], [-0.26649248600006104, 0.09390945732593536, -0.9592511057853699, 2.6368987560272217], [0.0, 0.0, 0.0, 1.0]]}, "4.png": {"intrinsics": [[2985.29, 0.0, 512.0], [0.0, 2985.29, 512.0], [0.0, 0.0, 1.0]], "pose": [[0.9653111696243286, -0.19872215390205383, -0.16936305165290833, 0.4336950182914734], [-0.2385968565940857, -0.9348106980323792, -0.2630598247051239, 0.672948956489563], [-0.10604657232761383, 0.29434409737586975, -0.9497976899147034, 2.6138105392456055], [0.0, 0.0, 0.0, 1.0]]}, "5.png": {"intrinsics": [[2985.29, 0.0, 512.0], [0.0, 2985.29, 512.0], [0.0, 0.0, 1.0]], "pose": [[0.8607344031333923, 0.13137230277061462, -0.4918106198310852, 1.3080893754959106], [-0.00572851300239563, -0.9635650515556335, -0.26741284132003784, 0.705197811126709], [-0.5090221762657166, 0.23298874497413635, -0.828620970249176, 2.3800649642944336], [0.0, 0.0, 0.0, 1.0]]}, "6.png": {"intrinsics": [[2985.29, 0.0, 512.0], [0.0, 2985.29, 512.0], [0.0, 0.0, 1.0]], "pose": [[0.9945775866508484, -0.10206543654203415, 0.01995091699063778, -0.04918226972222328], [-0.09576629102230072, -0.9736506342887878, -0.20696160197257996, 0.5244714021682739], [0.04054884985089302, 0.20392875373363495, -0.9781455993652344, 2.6743903160095215], [0.0, 0.0, 0.0, 1.0]]}, "7.png": {"intrinsics": [[2985.29, 0.0, 512.0], [0.0, 2985.29, 512.0], [0.0, 0.0, 1.0]], "pose": [[0.979278564453125, -0.07479484379291534, -0.18820014595985413, 0.4828494191169739], [-0.12104381620883942, -0.9612116813659668, -0.2478315234184265, 0.6328996419906616], [-0.162363663315773, 0.2654765546321869, -0.9503474235534668, 2.6154837608337402], [0.0, 0.0, 0.0, 1.0]]}, "8.png": {"intrinsics": [[2985.29, 0.0, 512.0], [0.0, 2985.29, 512.0], [0.0, 0.0, 1.0]], "pose": [[0.8897069692611694, -0.45653191208839417, -0.00027945172041654587, -0.005165582522749901], [-0.4544444680213928, -0.8855801224708557, -0.09606300294399261, 0.25485455989837646], [0.04360835254192352, 0.08559492230415344, -0.9953752160072327, 2.81363582611084], [0.0, 0.0, 0.0, 1.0]]}, "9.png": {"intrinsics": [[2985.29, 0.0, 512.0], [0.0, 2985.29, 512.0], [0.0, 0.0, 1.0]], "pose": [[0.9837614893913269, -0.06657438725233078, -0.16667675971984863, 0.4228045344352722], [-0.11025507748126984, -0.9569420218467712, -0.26852500438690186, 0.6890406012535095], [-0.1416231095790863, 0.28254154324531555, -0.9487429261207581, 2.583101987838745], [0.0, 0.0, 0.0, 1.0]]}}