{"0.png": {"intrinsics": [[2985.29, 0.0, 512.0], [0.0, 2985.29, 512.0], [0.0, 0.0, 1.0]], "pose": [[0.9785869121551514, -0.09487715363502502, -0.18266329169273376, 0.5034307241439819], [-0.11850616335868835, -0.9852924942970276, -0.12310538440942764, 0.3353305757045746], [-0.16829687356948853, 0.14211605489253998, -0.9754378795623779, 2.8544557094573975], [0.0, 0.0, 0.0, 1.0]]}, "1.png": {"intrinsics": [[2985.29, 0.0, 512.0], [0.0, 2985.29, 512.0], [0.0, 0.0, 1.0]], "pose": [[0.8783178925514221, -0.0005772311124019325, -0.47807660698890686, 1.3203825950622559], [-0.04302750155329704, -0.9960363507270813, -0.07784711569547653, 0.21048684418201447], [-0.476136714220047, 0.08894495666027069, -0.8748614192008972, 2.5884289741516113], [0.0, 0.0, 0.0, 1.0]]}, "10.png": {"intrinsics": [[2985.29, 0.0, 512.0], [0.0, 2985.29, 512.0], [0.0, 0.0, 1.0]], "pose": [[0.8590318560600281, -0.05867911875247955, -0.5085479021072388, 1.3741257190704346], [-0.14469310641288757, -0.9807329177856445, -0.13125106692314148, 0.3559662699699402], [-0.4910479485988617, 0.18633224070072174, -0.8509712815284729, 2.4742538928985596], [0.0, 0.0, 0.0, 1.0]]}, "11.png": {"intrinsics": [[2985.29, 0.0, 512.0], [0.0, 2985.29, 512.0], [0.0, 0.0, 1.0]], "pose": [[0.8744174838066101, -0.0012744686100631952, -0.4851725101470947, 1.3337465524673462], [-0.04434524476528168, -0.9960206747055054, -0.07730624079704285, 0.2129792720079422], [-0.48314332962036133, 0.0891130194067955, -0.8709944486618042, 2.567230701446533], [0.0, 0.0, 0.0, 1.0]]}, "12.png": {"intrinsics": [[2985.29, 0.0, 512.0], [0.0, 2985.29, 512.0], [0.0, 0.0, 1.0]], "pose": [[0.9381179809570312, -0.03135797753930092, -0.34489336609840393, 0.9328122735023499], [-0.06847217679023743, -0.99302738904953, -0.09595907479524612, 0.26448333263397217], [-0.3394794762134552, 0.11363652348518372, -0.9337239861488342, 2.699136734008789], [0.0, 0.0, 0.0, 1.0]]}, "13.png": {"intrinsics": [[2985.29, 0.0, 512.0], [0.0, 2985.29, 512.0], [0.0, 0.0, 1.0]], "pose": [[0.938539445400238, -0.10767048597335815, -0.32794949412345886, 0.876410186290741], [-0.14924289286136627, -0.9832862019538879, -0.10428263992071152, 0.2772066295146942], [-0.3112400472164154, 0.14681750535964966, -0.9389219284057617, 2.7029993534088135], [0.0, 0.0, 0.0, 1.0]]}, "14.png": {"intrinsics": [[2985.29, 0.0, 512.0], [0.0, 2985.29, 512.0], [0.0, 0.0, 1.0]], "pose": [[0.864541232585907, -0.010672127828001976, -0.502448558807373, 1.3990302085876465], [-0.045287296175956726, -0.9973613619804382, -0.05673966929316521, 0.1547858715057373], [-0.5005172491073608, 0.07180832326412201, -0.8627433180809021, 2.5811946392059326], [0.0, 0.0, 0.0, 1.0]]}, "15.png": {"intrinsics": [[2985.29, 0.0, 512.0], [0.0, 2985.29, 512.0], [0.0, 0.0, 1.0]], "pose": [[0.9775086641311646, -0.06718330830335617, -0.19990810751914978, 0.543094277381897], [-0.09616371989250183, -0.985614538192749, -0.13898396492004395, 0.38305312395095825], [-0.18769493699073792, 0.15508192777633667, -0.969907283782959, 2.8251118659973145], [0.0, 0.0, 0.0, 1.0]]}, "16.png": {"intrinsics": [[2985.29, 0.0, 512.0], [0.0, 2985.29, 512.0], [0.0, 0.0, 1.0]], "pose": [[0.9498680233955383, 0.04545651748776436, -0.30932915210723877, 0.8563157916069031], [-0.013535968959331512, -0.9824677109718323, -0.1859409064054489, 0.5116616487503052], [-0.3123581111431122, 0.18080636858940125, -0.9325993061065674, 2.741858959197998], [0.0, 0.0, 0.0, 1.0]]}, "17.png": {"intrinsics": [[2985.29, 0.0, 512.0], [0.0, 2985.29, 512.0], [0.0, 0.0, 1.0]], "pose": [[0.9889925718307495, -0.14317680895328522, -0.03733837604522705, 0.10210693627595901], [-0.14702710509300232, -0.9792906045913696, -0.13918663561344147, 0.36917373538017273], [-0.016636820510029793, 0.14314429461956024, -0.9895619750022888, 2.80182147026062], [0.0, 0.0, 0.0, 1.0]]}, "18.png": {"intrinsics": [[2985.29, 0.0, 512.0], [0.0, 2985.29, 512.0], [0.0, 0.0, 1.0]], "pose": [[0.9515125751495361, 0.04685571789741516, -0.3040202856063843, 0.835684597492218], [-0.017063211649656296, -0.9787695407867432, -0.2042521983385086, 0.5555028319358826], [-0.307136207818985, 0.19953608512878418, -0.9305120706558228, 2.7262752056121826], [0.0, 0.0, 0.0, 1.0]]}, "19.png": {"intrinsics": [[2985.29, 0.0, 512.0], [0.0, 2985.29, 512.0], [0.0, 0.0, 1.0]], "pose": [[0.976433515548706, -0.07291901111602783, -0.20312663912773132, 0.5529899597167969], [-0.10352155566215515, -0.9840958118438721, -0.1443563848733902, 0.391685426235199], [-0.18936973810195923, 0.16198238730430603, -0.9684528112411499, 2.8045899868011475], [0.0, 0.0, 0.0, 1.0]]}, "2.png": {"intrinsics": [[2985.29, 0.0, 512.0], [0.0, 2985.29, 512.0], [0.0, 0.0, 1.0]], "pose": [[0.9896828532218933, -0.1414170116186142, -0.023002231493592262, 0.062164995819330215], [-0.1432630717754364, -0.9788770079612732, -0.1458609253168106, 0.3953692317008972], [-0.001889137551188469, 0.14765143394470215, -0.9890376329421997, 2.8443634510040283], [0.0, 0.0, 0.0, 1.0]]}, "3.png": {"intrinsics": [[2985.29, 0.0, 512.0], [0.0, 2985.29, 512.0], [0.0, 0.0, 1.0]], "pose": [[0.9603983163833618, 0.05969640240073204, -0.27216053009033203, 0.7204359769821167], [-0.006688881665468216, -0.9715578556060791, -0.23670773208141327, 0.6316415667533875], [-0.27855029702186584, 0.22915416955947876, -0.9326832890510559, 2.6274147033691406], [0.0, 0.0, 0.0, 1.0]]}, "4.png": {"intrinsics": [[2985.29, 0.0, 512.0], [0.0, 2985.29, 512.0], [0.0, 0.0, 1.0]], "pose": [[0.9180737733840942, -0.017442835494875908, -0.39602556824684143, 1.0911468267440796], [-0.07244862616062164, -0.9895880222320557, -0.12436560541391373, 0.3446318507194519], [-0.38973283767700195, 0.142868310213089, -0.9097784757614136, 2.681004524230957], [0.0, 0.0, 0.0, 1.0]]}, "5.png": {"intrinsics": [[2985.29, 0.0, 512.0], [0.0, 2985.29, 512.0], [0.0, 0.0, 1.0]], "pose": [[0.9733750224113464, -0.06502185761928558, -0.21980255842208862, 0.5880786776542664], [-0.09843572974205017, -0.984573245048523, -0.14465756714344025, 0.3899490535259247], [-0.2070058137178421, 0.16244249045848846, -0.9647595882415771, 2.7742671966552734], [0.0, 0.0, 0.0, 1.0]]}, "6.png": {"intrinsics": [[2985.29, 0.0, 512.0], [0.0, 2985.29, 512.0], [0.0, 0.0, 1.0]], "pose": [[0.9447083473205566, 0.06994566321372986, -0.32036513090133667, 0.8897885084152222], [0.027963992208242416, -0.9906110763549805, -0.1338195949792862, 0.36561962962150574], [-0.326717346906662, 0.11746179312467575, -0.9377945065498352, 2.767723560333252], [0.0, 0.0, 0.0, 1.0]]}, "7.png": {"intrinsics": [[2985.29, 0.0, 512.0], [0.0, 2985.29, 512.0], [0.0, 0.0, 1.0]], "pose": [[0.8642658591270447, 0.06748814135789871, -0.4984874725341797, 1.3562755584716797], [0.027744393795728683, -0.995846152305603, -0.08672088384628296, 0.23807574808597565], [-0.5022695064544678, 0.061119671911001205, -0.8625483512878418, 2.5229756832122803], [0.0, 0.0, 0.0, 1.0]]}, "8.png": {"intrinsics": [[2985.29, 0.0, 512.0], [0.0, 2985.29, 512.0], [0.0, 0.0, 1.0]], "pose": [[0.9529549479484558, 0.02197607047855854, -0.30231449007987976, 0.8252140283584595], [-0.058442696928977966, -0.9653328061103821, -0.25439560413360596, 0.7015165686607361], [-0.29742470383644104, 0.26009562611579895, -0.9186342358589172, 2.682957649230957], [0.0, 0.0, 0.0, 1.0]]}, "9.png": {"intrinsics": [[2985.29, 0.0, 512.0], [0.0, 2985.29, 512.0], [0.0, 0.0, 1.0]], "pose": [[0.9488210678100586, 0.14320090413093567, -0.28148186206817627, 0.7677010297775269], [0.1047128438949585, -0.9835200905799866, -0.14738862216472626, 0.3938940167427063], [-0.29794925451278687, 0.11037067323923111, -0.9481796026229858, 2.759031057357788], [0.0, 0.0, 0.0, 1.0]]}}