{"0.png": {"intrinsics": [[2985.29, 0.0, 512.0], [0.0, 2985.29, 512.0], [0.0, 0.0, 1.0]], "pose": [[0.9653927087783813, 0.048527464270591736, -0.25624582171440125, 0.6896090507507324], [0.037576038390398026, -0.9981658458709717, -0.04746544733643532, 0.1323799341917038], [-0.2580792009830475, 0.0361940972507, -0.9654455184936523, 2.7840795516967773], [0.0, 0.0, 0.0, 1.0]]}, "1.png": {"intrinsics": [[2985.29, 0.0, 512.0], [0.0, 2985.29, 512.0], [0.0, 0.0, 1.0]], "pose": [[0.9402876496315002, -0.14273391664028168, -0.30900853872299194, 0.803541898727417], [-0.16965754330158234, -0.9835546016693115, -0.061940982937812805, 0.1756126880645752], [-0.29508572816848755, 0.11066796630620956, -0.9490400552749634, 2.621626377105713], [0.0, 0.0, 0.0, 1.0]]}, "10.png": {"intrinsics": [[2985.29, 0.0, 512.0], [0.0, 2985.29, 512.0], [0.0, 0.0, 1.0]], "pose": [[0.9930562376976013, -0.050357427448034286, -0.10631750524044037, 0.27006012201309204], [-0.048795245587825775, -0.9986598491668701, 0.017245683819055557, -0.04115593805909157], [-0.10704347491264343, -0.011938145384192467, -0.9941826462745667, 2.6590771675109863], [0.0, 0.0, 0.0, 1.0]]}, "11.png": {"intrinsics": [[2985.29, 0.0, 512.0], [0.0, 2985.29, 512.0], [0.0, 0.0, 1.0]], "pose": [[0.945949375629425, 0.002620066748932004, -0.32430365681648254, 0.8569106459617615], [-0.06385505944490433, -0.9788883924484253, -0.1941649615764618, 0.5225226879119873], [-0.3179658055305481, 0.2043786495923996, -0.9258115887641907, 2.61096453666687], [0.0, 0.0, 0.0, 1.0]]}, "12.png": {"intrinsics": [[2985.29, 0.0, 512.0], [0.0, 2985.29, 512.0], [0.0, 0.0, 1.0]], "pose": [[0.9339659214019775, 0.08861985057592392, -0.34619954228401184, 0.9098494052886963], [0.03522840514779091, -0.9868773221969604, -0.15758192539215088, 0.42998939752578735], [-0.3556213676929474, 0.13498009741306305, -0.924831748008728, 2.5753605365753174], [0.0, 0.0, 0.0, 1.0]]}, "13.png": {"intrinsics": [[2985.29, 0.0, 512.0], [0.0, 2985.29, 512.0], [0.0, 0.0, 1.0]], "pose": [[0.9446738362312317, 0.021234184503555298, -0.32732313871383667, 0.8650848865509033], [-0.0358898788690567, -0.9852196574211121, -0.16749370098114014, 0.45952969789505005], [-0.3260417878627777, 0.16997450590133667, -0.9299492239952087, 2.6082310676574707], [0.0, 0.0, 0.0, 1.0]]}, "14.png": {"intrinsics": [[2985.29, 0.0, 512.0], [0.0, 2985.29, 512.0], [0.0, 0.0, 1.0]], "pose": [[0.9704217314720154, -0.009564475156366825, -0.24122633039951324, 0.6160628795623779], [-0.03799842298030853, -0.9928112626075745, -0.11349830031394958, 0.2973102331161499], [-0.23840667307376862, 0.11930743604898453, -0.963809072971344, 2.6048824787139893], [0.0, 0.0, 0.0, 1.0]]}, "15.png": {"intrinsics": [[2985.29, 0.0, 512.0], [0.0, 2985.29, 512.0], [0.0, 0.0, 1.0]], "pose": [[0.9598020911216736, 0.010427018627524376, -0.2804839611053467, 0.7234936356544495], [-0.01037183590233326, -0.9973096251487732, -0.07256698608398438, 0.1967277079820633], [-0.28048601746559143, 0.07255907356739044, -0.957111656665802, 2.63244366645813], [0.0, 0.0, 0.0, 1.0]]}, "16.png": {"intrinsics": [[2985.29, 0.0, 512.0], [0.0, 2985.29, 512.0], [0.0, 0.0, 1.0]], "pose": [[0.8933783769607544, -0.03730372339487076, -0.4477538764476776, 1.1716563701629639], [-0.08071868121623993, -0.9936591386795044, -0.07826874405145645, 0.21659156680107117], [-0.4419949948787689, 0.10606569796800613, -0.8907247185707092, 2.4890081882476807], [0.0, 0.0, 0.0, 1.0]]}, "17.png": {"intrinsics": [[2985.29, 0.0, 512.0], [0.0, 2985.29, 512.0], [0.0, 0.0, 1.0]], "pose": [[0.9629236459732056, -0.05043753609061241, -0.26501715183258057, 0.6919410824775696], [-0.05399296060204506, -0.9985224008560181, -0.006143343169242144, 0.010454711504280567], [-0.26431572437286377, 0.02022463083267212, -0.9642241597175598, 2.6850600242614746], [0.0, 0.0, 0.0, 1.0]]}, "18.png": {"intrinsics": [[2985.29, 0.0, 512.0], [0.0, 2985.29, 512.0], [0.0, 0.0, 1.0]], "pose": [[0.9149292707443237, -0.18498113751411438, -0.3587287664413452, 0.9380824565887451], [-0.19536100327968597, -0.9807031750679016, 0.007443160284310579, -0.003472423180937767], [-0.3531832695007324, 0.06327164173126221, -0.9334121346473694, 2.5924453735351562], [0.0, 0.0, 0.0, 1.0]]}, "19.png": {"intrinsics": [[2985.29, 0.0, 512.0], [0.0, 2985.29, 512.0], [0.0, 0.0, 1.0]], "pose": [[0.9725881218910217, 0.06156815215945244, -0.22423584759235382, 0.5700651407241821], [0.019942864775657654, -0.9828437566757202, -0.1833590865135193, 0.4817015826702118], [-0.2316778600215912, 0.17386096715927124, -0.957129955291748, 2.5792293548583984], [0.0, 0.0, 0.0, 1.0]]}, "2.png": {"intrinsics": [[2985.29, 0.0, 512.0], [0.0, 2985.29, 512.0], [0.0, 0.0, 1.0]], "pose": [[0.9389996528625488, -0.08395042270421982, -0.3335144519805908, 0.8548480272293091], [-0.1285610795021057, -0.9851287603378296, -0.11398857086896896, 0.3087656497955322], [-0.3189852833747864, 0.14991220831871033, -0.9358283281326294, 2.5502350330352783], [0.0, 0.0, 0.0, 1.0]]}, "3.png": {"intrinsics": [[2985.29, 0.0, 512.0], [0.0, 2985.29, 512.0], [0.0, 0.0, 1.0]], "pose": [[0.9794101119041443, -0.03416305407881737, -0.19896912574768066, 0.5215442180633545], [-0.041384417563676834, -0.9986227750778198, -0.032247789204120636, 0.08207333087921143], [-0.19759340584278107, 0.03981803357601166, -0.9794750213623047, 2.746422529220581], [0.0, 0.0, 0.0, 1.0]]}, "4.png": {"intrinsics": [[2985.29, 0.0, 512.0], [0.0, 2985.29, 512.0], [0.0, 0.0, 1.0]], "pose": [[0.9922277331352234, 0.0460326112806797, -0.1156078577041626, 0.30438876152038574], [0.03823874145746231, -0.9969006180763245, -0.06875311583280563, 0.1836649775505066], [-0.11841442435979843, 0.06379804015159607, -0.990912675857544, 2.7557449340820312], [0.0, 0.0, 0.0, 1.0]]}, "5.png": {"intrinsics": [[2985.29, 0.0, 512.0], [0.0, 2985.29, 512.0], [0.0, 0.0, 1.0]], "pose": [[0.9695684909820557, 0.031844012439250946, -0.24274049699306488, 0.646856427192688], [-0.02477637305855751, -0.9736512899398804, -0.2266920953989029, 0.6164337396621704], [-0.24356339871883392, 0.22580774128437042, -0.9432326555252075, 2.670273780822754], [0.0, 0.0, 0.0, 1.0]]}, "6.png": {"intrinsics": [[2985.29, 0.0, 512.0], [0.0, 2985.29, 512.0], [0.0, 0.0, 1.0]], "pose": [[0.9612938761711121, 0.24592256546020508, -0.12424279749393463, 0.3154018521308899], [0.24531440436840057, -0.9692286849021912, -0.020411446690559387, 0.05348414182662964], [-0.12543931603431702, -0.010857149958610535, -0.9920419454574585, 2.704442024230957], [0.0, 0.0, 0.0, 1.0]]}, "7.png": {"intrinsics": [[2985.29, 0.0, 512.0], [0.0, 2985.29, 512.0], [0.0, 0.0, 1.0]], "pose": [[0.971068263053894, 0.029488753527402878, -0.23697452247142792, 0.6033026576042175], [-0.02308567613363266, -0.9761061072349548, -0.21606506407260895, 0.5587105751037598], [-0.2376837581396103, 0.21528461575508118, -0.9471848011016846, 2.581735849380493], [0.0, 0.0, 0.0, 1.0]]}, "8.png": {"intrinsics": [[2985.29, 0.0, 512.0], [0.0, 2985.29, 512.0], [0.0, 0.0, 1.0]], "pose": [[0.9734063148498535, -0.0074485596269369125, -0.2289644479751587, 0.5831236839294434], [-0.02951185405254364, -0.9952203035354614, -0.09308897703886032, 0.24322624504566193], [-0.227176696062088, 0.09737055748701096, -0.9689735770225525, 2.640127182006836], [0.0, 0.0, 0.0, 1.0]]}, "9.png": {"intrinsics": [[2985.29, 0.0, 512.0], [0.0, 2985.29, 512.0], [0.0, 0.0, 1.0]], "pose": [[0.9564103484153748, 0.0435565710067749, -0.2887595593929291, 0.7700634598731995], [0.021016687154769897, -0.9965164661407471, -0.0807047188282013, 0.23319678008556366], [-0.29126888513565063, 0.07111806422472, -0.9539940357208252, 2.6809380054473877], [0.0, 0.0, 0.0, 1.0]]}}