{"0.png": {"intrinsics": [[2985.29, 0.0, 512.0], [0.0, 2985.29, 512.0], [0.0, 0.0, 1.0]], "pose": [[0.9158166646957397, -0.18082836270332336, 0.3585818409919739, -0.9411240816116333], [-0.1784028857946396, -0.9831382632255554, -0.040144119411706924, 0.11839902400970459], [0.3597947359085083, -0.027207374572753906, -0.9326346516609192, 2.5856773853302], [0.0, 0.0, 0.0, 1.0]]}, "1.png": {"intrinsics": [[2985.29, 0.0, 512.0], [0.0, 2985.29, 512.0], [0.0, 0.0, 1.0]], "pose": [[0.9796477556228638, -0.028982428833842278, 0.19862110912799835, -0.5380188822746277], [-0.01331806555390358, -0.9967257380485535, -0.07975243777036667, 0.2227289080619812], [0.20028218626976013, 0.07548405230045319, -0.9768261313438416, 2.7890496253967285], [0.0, 0.0, 0.0, 1.0]]}, "10.png": {"intrinsics": [[2985.29, 0.0, 512.0], [0.0, 2985.29, 512.0], [0.0, 0.0, 1.0]], "pose": [[0.9407932162284851, -0.030840136110782623, 0.33757519721984863, -0.9126066565513611], [0.0181221142411232, -0.9898529648780823, -0.14093559980392456, 0.38541513681411743], [0.33849626779556274, 0.13870882987976074, -0.9306879639625549, 2.6654515266418457], [0.0, 0.0, 0.0, 1.0]]}, "11.png": {"intrinsics": [[2985.29, 0.0, 512.0], [0.0, 2985.29, 512.0], [0.0, 0.0, 1.0]], "pose": [[0.9956836104393005, -0.08298691362142563, 0.041561275720596313, -0.10815426707267761], [-0.07014407217502594, -0.9660747051239014, -0.2485547661781311, 0.6770827174186707], [0.06077808886766434, 0.24456661939620972, -0.9677258133888245, 2.7062666416168213], [0.0, 0.0, 0.0, 1.0]]}, "12.png": {"intrinsics": [[2985.29, 0.0, 512.0], [0.0, 2985.29, 512.0], [0.0, 0.0, 1.0]], "pose": [[0.9460515379905701, 0.03703047335147858, 0.3218930959701538, -0.8664262890815735], [0.047184981405735016, -0.9986026287078857, -0.023798895999789238, 0.07367425411939621], [0.3205620050430298, 0.0377034991979599, -0.9464768767356873, 2.6877458095550537], [0.0, 0.0, 0.0, 1.0]]}, "13.png": {"intrinsics": [[2985.29, 0.0, 512.0], [0.0, 2985.29, 512.0], [0.0, 0.0, 1.0]], "pose": [[0.9325047731399536, -0.3110554814338684, 0.18351949751377106, -0.47902166843414307], [-0.29346412420272827, -0.948785662651062, -0.11698095500469208, 0.3073691129684448], [0.21050822734832764, 0.05522890388965607, -0.9760307669639587, 2.7290356159210205], [0.0, 0.0, 0.0, 1.0]]}, "14.png": {"intrinsics": [[2985.29, 0.0, 512.0], [0.0, 2985.29, 512.0], [0.0, 0.0, 1.0]], "pose": [[0.9985129237174988, -0.029371745884418488, -0.04592707380652428, 0.1282496154308319], [-0.03481582924723625, -0.9918418526649475, -0.1226276233792305, 0.3417699635028839], [-0.04195060953497887, 0.12404424697160721, -0.9913895130157471, 2.886500597000122], [0.0, 0.0, 0.0, 1.0]]}, "15.png": {"intrinsics": [[2985.29, 0.0, 512.0], [0.0, 2985.29, 512.0], [0.0, 0.0, 1.0]], "pose": [[0.9474305510520935, 0.1951572299003601, 0.25355303287506104, -0.6739778518676758], [0.22378849983215332, -0.9705482125282288, -0.08919066935777664, 0.23906131088733673], [0.22867923974990845, 0.14124421775341034, -0.9632008671760559, 2.7158358097076416], [0.0, 0.0, 0.0, 1.0]]}, "16.png": {"intrinsics": [[2985.29, 0.0, 512.0], [0.0, 2985.29, 512.0], [0.0, 0.0, 1.0]], "pose": [[0.9253427982330322, -0.04566236212849617, 0.3763716220855713, -0.9969384670257568], [0.00614079087972641, -0.9907853007316589, -0.13530227541923523, 0.36601004004478455], [0.37908169627189636, 0.12751220166683197, -0.9165357351303101, 2.57418155670166], [0.0, 0.0, 0.0, 1.0]]}, "17.png": {"intrinsics": [[2985.29, 0.0, 512.0], [0.0, 2985.29, 512.0], [0.0, 0.0, 1.0]], "pose": [[0.9314291477203369, 0.09660793840885162, 0.35086557269096375, -0.9313164353370667], [0.13001057505607605, -0.9888314008712769, -0.07286745309829712, 0.20712347328662872], [0.33990734815597534, 0.11348709464073181, -0.9335864782333374, 2.617812395095825], [0.0, 0.0, 0.0, 1.0]]}, "18.png": {"intrinsics": [[2985.29, 0.0, 512.0], [0.0, 2985.29, 512.0], [0.0, 0.0, 1.0]], "pose": [[0.9947405457496643, -0.03167162835597992, 0.09740731120109558, -0.25360405445098877], [-0.022671343758702278, -0.9954865574836731, -0.09215500950813293, 0.24856847524642944], [0.09988637268543243, 0.08946197479963303, -0.9909688830375671, 2.77614426612854], [0.0, 0.0, 0.0, 1.0]]}, "19.png": {"intrinsics": [[2985.29, 0.0, 512.0], [0.0, 2985.29, 512.0], [0.0, 0.0, 1.0]], "pose": [[0.9992194175720215, -0.017788713797926903, 0.0352725014090538, -0.0917910635471344], [-0.014673704281449318, -0.996127724647522, -0.08668455481529236, 0.2313695251941681], [0.036677923053503036, 0.08609931170940399, -0.9956111311912537, 2.811654567718506], [0.0, 0.0, 0.0, 1.0]]}, "2.png": {"intrinsics": [[2985.29, 0.0, 512.0], [0.0, 2985.29, 512.0], [0.0, 0.0, 1.0]], "pose": [[0.9026598930358887, -0.23495876789093018, 0.36055439710617065, -0.9618070125579834], [-0.21106651425361633, -0.9718277454376221, -0.10488895326852798, 0.28547006845474243], [0.37504133582115173, 0.018578097224235535, -0.9268218874931335, 2.60893177986145], [0.0, 0.0, 0.0, 1.0]]}, "3.png": {"intrinsics": [[2985.29, 0.0, 512.0], [0.0, 2985.29, 512.0], [0.0, 0.0, 1.0]], "pose": [[0.9852575659751892, 0.017621411010622978, 0.17016743123531342, -0.4412865936756134], [0.043005362153053284, -0.9882515072822571, -0.14666128158569336, 0.3796211779117584], [0.16558383405208588, 0.15181726217269897, -0.9744400978088379, 2.703751564025879], [0.0, 0.0, 0.0, 1.0]]}, "4.png": {"intrinsics": [[2985.29, 0.0, 512.0], [0.0, 2985.29, 512.0], [0.0, 0.0, 1.0]], "pose": [[0.9530718326568604, -0.19625791907310486, 0.23051463067531586, -0.6063567996025085], [-0.146325945854187, -0.9651947617530823, -0.21676704287528992, 0.5816296935081482], [0.2650337517261505, 0.17286427319049835, -0.9486175179481506, 2.6458094120025635], [0.0, 0.0, 0.0, 1.0]]}, "5.png": {"intrinsics": [[2985.29, 0.0, 512.0], [0.0, 2985.29, 512.0], [0.0, 0.0, 1.0]], "pose": [[0.9239657521247864, -0.25375330448150635, 0.28617575764656067, -0.7472922205924988], [-0.2259865701198578, -0.9658446907997131, -0.12678375840187073, 0.34669730067253113], [0.3085731267929077, 0.05247198045253754, -0.9497522711753845, 2.6168649196624756], [0.0, 0.0, 0.0, 1.0]]}, "6.png": {"intrinsics": [[2985.29, 0.0, 512.0], [0.0, 2985.29, 512.0], [0.0, 0.0, 1.0]], "pose": [[0.9649806022644043, -0.2603655457496643, 0.03197262063622475, -0.07790224999189377], [-0.25267335772514343, -0.9553109407424927, -0.1534183919429779, 0.4077657461166382], [0.07048866152763367, 0.139967143535614, -0.9876439571380615, 2.6946680545806885], [0.0, 0.0, 0.0, 1.0]]}, "7.png": {"intrinsics": [[2985.29, 0.0, 512.0], [0.0, 2985.29, 512.0], [0.0, 0.0, 1.0]], "pose": [[0.9138967990875244, 0.1385454684495926, 0.3815726935863495, -1.0120307207107544], [0.18997065722942352, -0.9766442775726318, -0.10038435459136963, 0.27002885937690735], [0.3587529957294464, 0.16422855854034424, -0.9188717007637024, 2.5862717628479004], [0.0, 0.0, 0.0, 1.0]]}, "8.png": {"intrinsics": [[2985.29, 0.0, 512.0], [0.0, 2985.29, 512.0], [0.0, 0.0, 1.0]], "pose": [[0.916806161403656, 0.06089722365140915, 0.3946617543697357, -1.0670952796936035], [0.03509865328669548, -0.9967674016952515, 0.07226873934268951, -0.1923752874135971], [0.3977869749069214, -0.05240432918071747, -0.9159799814224243, 2.63114857673645], [0.0, 0.0, 0.0, 1.0]]}, "9.png": {"intrinsics": [[2985.29, 0.0, 512.0], [0.0, 2985.29, 512.0], [0.0, 0.0, 1.0]], "pose": [[0.9433189630508423, 0.11293341964483261, 0.3120823800563812, -0.830847978591919], [0.11119630932807922, -0.9935225248336792, 0.0234178826212883, -0.06287074834108353], [0.31270554661750793, 0.012611877173185349, -0.9497664570808411, 2.7035505771636963], [0.0, 0.0, 0.0, 1.0]]}}