{"0_19_latent.npy": 111.66858868721204, "0_18_mirror_latent.npy": 111.52057589017429, "0_17_mirror_latent.npy": 109.61183010003505, "0_1_mirror_latent.npy": 117.03053753192609, "0_12_latent.npy": 118.20752109625401, "0_16_mirror_latent.npy": 115.85626533703926, "0_15_mirror_latent.npy": 111.68477493677383, "0_6_mirror_latent.npy": 108.17471098288512, "0_11_latent.npy": 107.66338583139273, "0_3_latent.npy": 118.60828614846254, "0_9_mirror_latent.npy": 116.11020934276091, "0_9_latent.npy": 113.08554135836087, "0_2_latent.npy": 107.39620247865335, "0_0_latent.npy": 113.05092679537259, "0_10_mirror_latent.npy": 111.51647734030699, "0_18_latent.npy": 110.13304998935797, "0_14_mirror_latent.npy": 121.7677254310021, "0_19_mirror_latent.npy": 110.3758803147536, "0_1_latent.npy": 116.06503139398036, "0_13_mirror_latent.npy": 109.54694112141927, "0_11_mirror_latent.npy": 111.72825700808794, "0_17_latent.npy": 112.2818623078175, "0_16_latent.npy": 114.3792485946264, "0_4_latent.npy": 108.93272517277644, "0_0_mirror_latent.npy": 118.42197594275841, "0_10_latent.npy": 111.5041985144982, "0_14_latent.npy": 109.61689934363731, "0_5_mirror_latent.npy": 110.0651135566907, "0_7_mirror_latent.npy": 114.34171979855269, "0_8_mirror_latent.npy": 112.34597621819911, "0_8_latent.npy": 114.16612165402144, "0_13_latent.npy": 112.13802552834535, "0_15_latent.npy": 110.08816176194411, "0_5_latent.npy": 109.52759767190004, "0_7_latent.npy": 110.3234376173753, "0_3_mirror_latent.npy": 110.59422360933743, "0_6_latent.npy": 122.62921572954227, "0_12_mirror_latent.npy": 104.53555297851562, "0_4_mirror_latent.npy": 111.6221665602464, "0_2_mirror_latent.npy": 108.06912994384766, "1_5_mirror_latent.npy": 114.67634641207181, "1_5_latent.npy": 111.9688976972531, "1_3_latent.npy": 114.13144957713591, "1_9_mirror_latent.npy": 121.7026099180564, "1_1_latent.npy": 113.51371647761418, "1_13_latent.npy": 113.80626541528946, "1_2_latent.npy": 107.60923864902594, "1_1_mirror_latent.npy": 116.07113588773288, "1_3_mirror_latent.npy": 114.06917650271684, "1_6_mirror_latent.npy": 123.9557594886193, "1_13_mirror_latent.npy": 109.35166794214493, "1_10_mirror_latent.npy": 118.69291413136018, "1_17_latent.npy": 113.64881662222055, "1_8_latent.npy": 118.97882569141878, "1_4_latent.npy": 112.90067056509164, "1_18_latent.npy": 112.04106003198868, "1_15_mirror_latent.npy": 114.07614096617087, "1_8_mirror_latent.npy": 113.24756544064253, "1_16_latent.npy": 120.57113080146985, "1_14_mirror_latent.npy": 113.5105710151868, "1_7_mirror_latent.npy": 115.88563341972156, "1_9_latent.npy": 116.4194566775591, "1_18_mirror_latent.npy": 118.97661942702074, "1_19_mirror_latent.npy": 120.84543903057391, "1_0_latent.npy": 115.97247490516075, "1_11_mirror_latent.npy": 117.76135645157251, "1_6_latent.npy": 118.73655348557692, "1_12_mirror_latent.npy": 113.80822186592297, "1_11_latent.npy": 108.1102275359325, "1_2_mirror_latent.npy": 111.54768567207532, "1_15_latent.npy": 123.82151364057492, "1_14_latent.npy": 119.49367386255508, "1_12_latent.npy": 115.57679689847507, "1_17_mirror_latent.npy": 115.80996801914313, "1_16_mirror_latent.npy": 119.42116429255559, "1_4_mirror_latent.npy": 113.93462469638922, "1_0_mirror_latent.npy": 116.373412890312, "1_7_latent.npy": 118.76038595346304, "1_10_latent.npy": 120.37250733986879, "1_19_latent.npy": 117.28992305657802, "2_4_latent.npy": 109.67333143185347, "2_7_mirror_latent.npy": 106.97862654465895, "2_5_mirror_latent.npy": 107.9745602729993, "2_10_latent.npy": 104.10076982547075, "2_8_mirror_latent.npy": 106.27714479886569, "2_0_mirror_latent.npy": 105.533446091872, "2_11_latent.npy": 120.20853091508914, "2_0_latent.npy": 108.29778994046725, "2_13_latent.npy": 109.29506311661157, "2_15_mirror_latent.npy": 114.54611186492137, "2_3_latent.npy": 116.12908974671976, "2_3_mirror_latent.npy": 118.42609542455429, "2_2_mirror_latent.npy": 107.8948237101237, "2_6_mirror_latent.npy": 102.34322836460211, "2_14_mirror_latent.npy": 120.55689415564903, "2_5_latent.npy": 114.63050196721004, "2_19_mirror_latent.npy": 106.64373994484926, "2_6_latent.npy": 105.48965982290414, "2_12_latent.npy": 121.39561286339394, "2_17_mirror_latent.npy": 108.67157627986028, "2_14_latent.npy": 120.6513439080654, "2_16_mirror_latent.npy": 109.23973122621194, "2_1_mirror_latent.npy": 104.21834525083884, "2_12_mirror_latent.npy": 111.11670469626402, "2_16_latent.npy": 108.47473848783054, "2_19_latent.npy": 110.34349118746243, "2_7_latent.npy": 112.48850269806691, "2_9_mirror_latent.npy": 110.99883446326622, "2_18_mirror_latent.npy": 122.723511329064, "2_2_latent.npy": 111.74324407332983, "2_17_latent.npy": 114.84319383670122, "2_4_mirror_latent.npy": 120.22689095521585, "2_18_latent.npy": 113.86633652907152, "2_9_latent.npy": 116.85699149889824, "2_1_latent.npy": 107.93022038386418, "2_15_latent.npy": 107.91638477032001, "2_13_mirror_latent.npy": 104.7516742608486, "2_10_mirror_latent.npy": 107.56346599872296, "2_11_mirror_latent.npy": 106.3650146875626, "2_8_latent.npy": 106.82942238832132, "3_13_latent.npy": 101.59889710255159, "3_12_mirror_latent.npy": 99.94749157245343, "3_10_latent.npy": 103.59988618508363, "3_15_mirror_latent.npy": 102.0745876996945, "3_1_latent.npy": 108.22059337909405, "3_9_latent.npy": 100.00412124242538, "3_3_mirror_latent.npy": 102.05954057742387, "3_7_latent.npy": 99.19331164237781, "3_2_mirror_latent.npy": 97.30614275810046, "3_10_mirror_latent.npy": 108.66422036977914, "3_5_latent.npy": 100.72331237792969, "3_14_latent.npy": 103.4485342563727, "3_8_mirror_latent.npy": 102.7828627366286, "3_9_mirror_latent.npy": 101.60584845909706, "3_15_latent.npy": 100.38504595634265, "3_5_mirror_latent.npy": 98.43444002591647, "3_14_mirror_latent.npy": 104.43277349227515, "3_16_mirror_latent.npy": 97.73364805563902, "3_0_latent.npy": 101.17202934852013, "3_13_mirror_latent.npy": 101.82085712139423, "3_17_mirror_latent.npy": 96.15336471948868, "3_19_mirror_latent.npy": 99.54610227927184, "3_19_latent.npy": 99.64995438013321, "3_6_latent.npy": 99.30791747264372, "3_0_mirror_latent.npy": 103.02152936886519, "3_8_latent.npy": 101.21713256835938, "3_3_latent.npy": 95.54163810534355, "3_2_latent.npy": 102.04451067019731, "3_18_latent.npy": 97.69062257424379, "3_17_latent.npy": 95.98157735971304, "3_4_latent.npy": 102.03702545166016, "3_7_mirror_latent.npy": 101.63748716696715, "3_12_latent.npy": 99.20267799573067, "3_11_mirror_latent.npy": 101.59840275691106, "3_18_mirror_latent.npy": 108.17229442107372, "3_1_mirror_latent.npy": 107.69354208921774, "3_11_latent.npy": 96.4262951581906, "3_6_mirror_latent.npy": 97.67252075977815, "3_4_mirror_latent.npy": 100.4228744506836, "3_16_latent.npy": 97.29169561924078, "4_12_latent.npy": 98.06806261111528, "4_4_mirror_latent.npy": 107.86192634778145, "4_1_latent.npy": 103.93599368364383, "4_1_mirror_latent.npy": 103.98512894068008, "4_16_mirror_latent.npy": 105.1912333170573, "4_13_latent.npy": 102.67405818058894, "4_13_mirror_latent.npy": 105.31091602032001, "4_10_mirror_latent.npy": 107.50041472606169, "4_8_mirror_latent.npy": 107.45923907940204, "4_2_mirror_latent.npy": 104.55370448185847, "4_5_mirror_latent.npy": 102.63891347249348, "4_2_latent.npy": 102.76432604667468, "4_0_mirror_latent.npy": 98.94172991239108, "4_8_latent.npy": 102.72856061886519, "4_14_mirror_latent.npy": 101.50995459923378, "4_12_mirror_latent.npy": 101.08434413029597, "4_15_latent.npy": 94.86244338598007, "4_15_mirror_latent.npy": 100.12735611353165, "4_5_latent.npy": 100.89168529021434, "4_11_mirror_latent.npy": 104.8061051980043, "4_19_latent.npy": 95.73825307992789, "4_9_latent.npy": 106.19115350185297, "4_19_mirror_latent.npy": 98.69304823264098, "4_18_latent.npy": 96.98722311166617, "4_14_latent.npy": 104.93351432604668, "4_11_latent.npy": 100.13089302258614, "4_6_latent.npy": 99.60958705804286, "4_4_latent.npy": 99.1829350789388, "4_9_mirror_latent.npy": 112.26649083846655, "4_17_latent.npy": 102.87311338767027, "4_7_mirror_latent.npy": 121.06025324112329,