{"0.png": {"intrinsics": [[2985.29, 0.0, 512.0], [0.0, 2985.29, 512.0], [0.0, 0.0, 1.0]], "pose": [[0.9781361222267151, 0.16381162405014038, 0.12812277674674988, -0.3416311740875244], [0.18196792900562286, -0.9724164009094238, -0.14592477679252625, 0.39330965280532837], [0.1006845161318779, 0.1660485416650772, -0.9809640645980835, 2.7781591415405273], [0.0, 0.0, 0.0, 1.0]]}, "1.png": {"intrinsics": [[2985.29, 0.0, 512.0], [0.0, 2985.29, 512.0], [0.0, 0.0, 1.0]], "pose": [[0.7671723961830139, 0.06763046234846115, -0.6378656625747681, 1.6843810081481934], [0.03408215939998627, -0.997319221496582, -0.06475074589252472, 0.16546756029129028], [-0.6405348181724548, 0.027935151010751724, -0.7674208283424377, 2.2038767337799072], [0.0, 0.0, 0.0, 1.0]]}, "10.png": {"intrinsics": [[2985.29, 0.0, 512.0], [0.0, 2985.29, 512.0], [0.0, 0.0, 1.0]], "pose": [[0.9828802943229675, 0.0009921547025442123, -0.1842426359653473, 0.4871738851070404], [-0.037767037749290466, -0.9776665568351746, -0.20674081146717072, 0.5576381683349609], [-0.1803329885005951, 0.2101597636938095, -0.9608917236328125, 2.7493302822113037], [0.0, 0.0, 0.0, 1.0]]}, "11.png": {"intrinsics": [[2985.29, 0.0, 512.0], [0.0, 2985.29, 512.0], [0.0, 0.0, 1.0]], "pose": [[0.9766630530357361, 0.02430097758769989, -0.21339820325374603, 0.5748878121376038], [-0.019594838842749596, -0.979353129863739, -0.2012050300836563, 0.5481024384498596], [-0.2138816863298416, 0.20069102942943573, -0.9560218453407288, 2.744690418243408], [0.0, 0.0, 0.0, 1.0]]}, "12.png": {"intrinsics": [[2985.29, 0.0, 512.0], [0.0, 2985.29, 512.0], [0.0, 0.0, 1.0]], "pose": [[0.9256836175918579, -0.02333133853971958, -0.3775785565376282, 1.0321637392044067], [-0.0062744878232479095, -0.9989059567451477, 0.046341672539711, -0.1328848898410797], [-0.3782466948032379, -0.04052861034870148, -0.9248172044754028, 2.705214023590088], [0.0, 0.0, 0.0, 1.0]]}, "13.png": {"intrinsics": [[2985.29, 0.0, 512.0], [0.0, 2985.29, 512.0], [0.0, 0.0, 1.0]], "pose": [[0.9287207126617432, -0.0003305430000182241, -0.3707799017429352, 0.9772480130195618], [-0.03403223305940628, -0.995854377746582, -0.08435533940792084, 0.22382695972919464], [-0.36921489238739014, 0.0909610167145729, -0.9248818159103394, 2.638098955154419], [0.0, 0.0, 0.0, 1.0]]}, "14.png": {"intrinsics": [[2985.29, 0.0, 512.0], [0.0, 2985.29, 512.0], [0.0, 0.0, 1.0]], "pose": [[0.7467262744903564, -0.12426464259624481, -0.6534203290939331, 1.6679410934448242], [-0.09723977744579315, -0.9922332167625427, 0.07757335901260376, -0.19757375121116638], [-0.6579849720001221, 0.005612380802631378, -0.753010094165802, 2.097456693649292], [0.0, 0.0, 0.0, 1.0]]}, "15.png": {"intrinsics": [[2985.29, 0.0, 512.0], [0.0, 2985.29, 512.0], [0.0, 0.0, 1.0]], "pose": [[0.9985287189483643, 0.047200411558151245, -0.026693187654018402, 0.07144065946340561], [0.040472421795129776, -0.9763363599777222, -0.21243631839752197, 0.6115010380744934], [-0.03608861193060875, 0.21104341745376587, -0.9768102765083313, 2.87664532661438], [0.0, 0.0, 0.0, 1.0]]}, "16.png": {"intrinsics": [[2985.29, 0.0, 512.0], [0.0, 2985.29, 512.0], [0.0, 0.0, 1.0]], "pose": [[0.9626962542533875, -0.08754593878984451, -0.256030410528183, 0.6772229671478271], [-0.13170601427555084, -0.9781672358512878, -0.16075557470321655, 0.4318842887878418], [-0.23636707663536072, 0.18847954273223877, -0.953208327293396, 2.7153303623199463], [0.0, 0.0, 0.0, 1.0]]}, "17.png": {"intrinsics": [[2985.29, 0.0, 512.0], [0.0, 2985.29, 512.0], [0.0, 0.0, 1.0]], "pose": [[0.9555165767669678, 0.04835612699389458, -0.2909463047981262, 0.7682523131370544], [0.0013319477438926697, -0.9871653914451599, -0.15969544649124146, 0.4199596047401428], [-0.29493436217308044, 0.15220412611961365, -0.9433172941207886, 2.676485300064087], [0.0, 0.0, 0.0, 1.0]]}, "18.png": {"intrinsics": [[2985.29, 0.0, 512.0], [0.0, 2985.29, 512.0], [0.0, 0.0, 1.0]], "pose": [[0.9689479470252991, 0.09461337327957153, -0.22844728827476501, 0.6054535508155823], [0.0720411092042923, -0.9918362498283386, -0.1052185446023941, 0.2774178981781006], [-0.236537367105484, 0.08549369871616364, -0.9678537845611572, 2.75803542137146], [0.0, 0.0, 0.0, 1.0]]}, "19.png": {"intrinsics": [[2985.29, 0.0, 512.0], [0.0, 2985.29, 512.0], [0.0, 0.0, 1.0]], "pose": [[0.9721927642822266, 0.12499271333217621, -0.1980355829000473, 0.5127086043357849], [0.09072010219097137, -0.9806328415870667, -0.17357756197452545, 0.44288551807403564], [-0.2158961147069931, 0.15078504383563995, -0.964703381061554, 2.6944923400878906], [0.0, 0.0, 0.0, 1.0]]}, "2.png": {"intrinsics": [[2985.29, 0.0, 512.0], [0.0, 2985.29, 512.0], [0.0, 0.0, 1.0]], "pose": [[0.9849265217781067, 0.09535574913024902, -0.14431558549404144, 0.3820430636405945], [0.06312364339828491, -0.9749295711517334, -0.21337252855300903, 0.5614545941352844], [-0.16104382276535034, 0.20104654133319855, -0.9662531614303589, 2.727586507797241], [0.0, 0.0, 0.0, 1.0]]}, "3.png": {"intrinsics": [[2985.29, 0.0, 512.0], [0.0, 2985.29, 512.0], [0.0, 0.0, 1.0]], "pose": [[0.9838718771934509, 0.07197662442922592, -0.16375482082366943, 0.42248427867889404], [0.05466407537460327, -0.9926599860191345, -0.10787994414567947, 0.2748132646083832], [-0.17031769454479218, 0.09718853235244751, -0.9805846810340881, 2.709998846054077], [0.0, 0.0, 0.0, 1.0]]}, "4.png": {"intrinsics": [[2985.29, 0.0, 512.0], [0.0, 2985.29, 512.0], [0.0, 0.0, 1.0]], "pose": [[0.9319570064544678, -0.2419986128807068, -0.2699867784976959, 0.715460479259491], [-0.24755211174488068, -0.9687758684158325, 0.013832167722284794, -0.03929297626018524], [-0.2649040222167969, 0.05394480377435684, -0.9627646803855896, 2.7381622791290283], [0.0, 0.0, 0.0, 1.0]]}, "5.png": {"intrinsics": [[2985.29, 0.0, 512.0], [0.0, 2985.29, 512.0], [0.0, 0.0, 1.0]], "pose": [[0.8221380114555359, 0.09764742106199265, -0.5608512163162231, 1.5178751945495605], [0.040720559656620026, -0.9927430152893066, -0.11315099895000458, 0.3016238510608673], [-0.5678300261497498, 0.07018756121397018, -0.8201479911804199, 2.4057395458221436], [0.0, 0.0, 0.0, 1.0]]}, "6.png": {"intrinsics": [[2985.29, 0.0, 512.0], [0.0, 2985.29, 512.0], [0.0, 0.0, 1.0]], "pose": [[0.9873496294021606, 0.11189369857311249, -0.11234050244092941, 0.29692211747169495], [0.10962776094675064, -0.9936281442642212, -0.026168648153543472, 0.06237930804491043], [-0.11455279588699341, 0.013521968387067318, -0.9933251142501831, 2.80196475982666], [0.0, 0.0, 0.0, 1.0]]}, "7.png": {"intrinsics": [[2985.29, 0.0, 512.0], [0.0, 2985.29, 512.0], [0.0, 0.0, 1.0]], "pose": [[0.8727953433990479, 0.15620560944080353, -0.462415486574173, 1.2431001663208008], [0.08471890538930893, -0.9815080761909485, -0.17165255546569824, 0.46145346760749817], [-0.48067763447761536, 0.110642209649086, -0.8698892593383789, 2.524552583694458], [0.0, 0.0, 0.0, 1.0]]}, "8.png": {"intrinsics": [[2985.29, 0.0, 512.0], [0.0, 2985.29, 512.0], [0.0, 0.0, 1.0]], "pose": [[0.9008768796920776, 0.14956587553024292, -0.40749335289001465, 1.1022850275039673], [0.10203859210014343, -0.9854255318641663, -0.13610486686229706, 0.36563044786453247], [-0.42191097140312195, 0.08103366196155548, -0.9030086398124695, 2.6270675659179688], [0.0, 0.0, 0.0, 1.0]]}, "9.png": {"intrinsics": [[2985.29, 0.0, 512.0], [0.0, 2985.29, 512.0], [0.0, 0.0, 1.0]], "pose": [[0.9692666530609131, -0.0790175050497055, -0.232977494597435, 0.6271883249282837], [-0.09973903000354767, -0.9919099807739258, -0.07852886617183685, 0.2127140611410141], [-0.22488753497600555, 0.09935235232114792, -0.9693063497543335, 2.794389486312866], [0.0, 0.0, 0.0, 1.0]]}}