{"0.png": {"intrinsics": [[2985.29, 0.0, 512.0], [0.0, 2985.29, 512.0], [0.0, 0.0, 1.0]], "pose": [[0.9964073300361633, -0.023396005854010582, 0.08139379322528839, -0.22252996265888214], [-0.017287185415625572, -0.9970363974571228, -0.07496383041143417, 0.21227076649665833], [0.08290643244981766, 0.07328744232654572, -0.9938588738441467, 2.849661350250244], [0.0, 0.0, 0.0, 1.0]]}, "1.png": {"intrinsics": [[2985.29, 0.0, 512.0], [0.0, 2985.29, 512.0], [0.0, 0.0, 1.0]], "pose": [[0.9632205963134766, 0.11193296313285828, 0.24428901076316833, -0.647255003452301], [0.11352389305830002, -0.993506133556366, 0.007603865582495928, -0.012680820189416409], [0.2435537576675415, 0.02040843851864338, -0.969672679901123, 2.72611403465271], [0.0, 0.0, 0.0, 1.0]]}, "10.png": {"intrinsics": [[2985.29, 0.0, 512.0], [0.0, 2985.29, 512.0], [0.0, 0.0, 1.0]], "pose": [[0.9803093075752258, -0.16803212463855743, 0.10372482985258102, -0.26774081587791443], [-0.17187078297138214, -0.9846869707107544, 0.029187532141804695, -0.076633520424366], [0.09723205119371414, -0.04644007980823517, -0.9941776394844055, 2.759096622467041], [0.0, 0.0, 0.0, 1.0]]}, "11.png": {"intrinsics": [[2985.29, 0.0, 512.0], [0.0, 2985.29, 512.0], [0.0, 0.0, 1.0]], "pose": [[0.9657354950904846, -0.06311891973018646, 0.2517358362674713, -0.6547308564186096], [-0.039063289761543274, -0.9942764043807983, -0.09944093972444534, 0.2633039951324463], [0.25657159090042114, 0.08620001375675201, -0.9626736640930176, 2.6671500205993652], [0.0, 0.0, 0.0, 1.0]]}, "12.png": {"intrinsics": [[2985.29, 0.0, 512.0], [0.0, 2985.29, 512.0], [0.0, 0.0, 1.0]], "pose": [[0.9904391765594482, -0.052286531776189804, 0.1276569366455078, -0.3329607844352722], [-0.04586802050471306, -0.997555673122406, -0.05271347239613533, 0.1511344462633133], [0.13010109961032867, 0.04635411873459816, -0.9904165267944336, 2.796896457672119], [0.0, 0.0, 0.0, 1.0]]}, "13.png": {"intrinsics": [[2985.29, 0.0, 512.0], [0.0, 2985.29, 512.0], [0.0, 0.0, 1.0]], "pose": [[0.9983830451965332, 0.009851590730249882, 0.055983688682317734, -0.14804679155349731], [0.013262960128486156, -0.9980561137199402, -0.060894060879945755, 0.16854695975780487], [0.05527495592832565, 0.06153810769319534, -0.9965729713439941, 2.843313694000244], [0.0, 0.0, 0.0, 1.0]]}, "14.png": {"intrinsics": [[2985.29, 0.0, 512.0], [0.0, 2985.29, 512.0], [0.0, 0.0, 1.0]], "pose": [[0.9864799976348877, -0.01955568976700306, 0.16271066665649414, -0.4333497881889343], [-0.012882726266980171, -0.9990359544754028, -0.041965823620557785, 0.11844919621944427], [0.16337448358535767, 0.0393022857606411, -0.9857809543609619, 2.7878127098083496], [0.0, 0.0, 0.0, 1.0]]}, "15.png": {"intrinsics": [[2985.29, 0.0, 512.0], [0.0, 2985.29, 512.0], [0.0, 0.0, 1.0]], "pose": [[0.998638391494751, -0.05111728236079216, 0.010409007780253887, -0.028655000030994415], [-0.04981735721230507, -0.9936952590942383, -0.10043901950120926, 0.2748357653617859], [0.015477551147341728, 0.09978371113538742, -0.9948887825012207, 2.7937803268432617], [0.0, 0.0, 0.0, 1.0]]}, "16.png": {"intrinsics": [[2985.29, 0.0, 512.0], [0.0, 2985.29, 512.0], [0.0, 0.0, 1.0]], "pose": [[0.9823943972587585, -0.08874692767858505, 0.16439373791217804, -0.4339214265346527], [-0.07930634170770645, -0.9948487281799316, -0.06313902884721756, 0.1768794059753418], [0.16915027797222137, 0.04898995906114578, -0.9843719601631165, 2.7525813579559326], [0.0, 0.0, 0.0, 1.0]]}, "17.png": {"intrinsics": [[2985.29, 0.0, 512.0], [0.0, 2985.29, 512.0], [0.0, 0.0, 1.0]], "pose": [[0.9997892379760742, 0.019284704700112343, -0.007039100397378206, 0.020035110414028168], [0.018459301441907883, -0.9945284724235535, -0.1028224527835846, 0.28415656089782715], [-0.008983486331999302, 0.10267084091901779, -0.994674801826477, 2.8263368606567383], [0.0, 0.0, 0.0, 1.0]]}, "18.png": {"intrinsics": [[2985.29, 0.0, 512.0], [0.0, 2985.29, 512.0], [0.0, 0.0, 1.0]], "pose": [[0.9956837296485901, 0.07023569941520691, 0.06067033112049103, -0.16119667887687683], [0.071942038834095, -0.9970591068267822, -0.026411166414618492, 0.08203256875276566], [0.058636896312236786, 0.030661914497613907, -0.9978083968162537, 2.8274972438812256], [0.0, 0.0, 0.0, 1.0]]}, "19.png": {"intrinsics": [[2985.29, 0.0, 512.0], [0.0, 2985.29, 512.0], [0.0, 0.0, 1.0]], "pose": [[0.9987691044807434, -0.01969228871166706, 0.04552452638745308, -0.1215905025601387], [-0.01794876717031002, -0.9991014003753662, -0.03839508816599846, 0.11379274725914001], [0.0462397038936615, 0.037530720233917236, -0.9982250928878784, 2.823064088821411], [0.0, 0.0, 0.0, 1.0]]}, "2.png": {"intrinsics": [[2985.29, 0.0, 512.0], [0.0, 2985.29, 512.0], [0.0, 0.0, 1.0]], "pose": [[0.98165363073349, -0.10241299867630005, 0.1608343869447708, -0.4354476034641266], [-0.10572817921638489, -0.9943206310272217, 0.01216837763786316, -0.022535674273967743], [0.15867474675178528, -0.028949858620762825, -0.9869064092636108, 2.818324565887451], [0.0, 0.0, 0.0, 1.0]]}, "3.png": {"intrinsics": [[2985.29, 0.0, 512.0], [0.0, 2985.29, 512.0], [0.0, 0.0, 1.0]], "pose": [[0.9900968074798584, 0.03966289758682251, 0.1346662938594818, -0.3551257252693176], [0.05483384430408478, -0.9923192858695984, -0.1108856275677681, 0.295703262090683], [0.12923391163349152, 0.11717178672552109, -0.9846671223640442, 2.7732036113739014], [0.0, 0.0, 0.0, 1.0]]}, "4.png": {"intrinsics": [[2985.29, 0.0, 512.0], [0.0, 2985.29, 512.0], [0.0, 0.0, 1.0]], "pose": [[0.9981052279472351, 0.042065348476171494, 0.044904645532369614, -0.12006175518035889], [0.04433825984597206, -0.9977200031280518, -0.050881266593933105, 0.14103227853775024], [0.04266192391514778, 0.05277585610747337, -0.9976946711540222, 2.8009467124938965], [0.0, 0.0, 0.0, 1.0]]}, "5.png": {"intrinsics": [[2985.29, 0.0, 512.0], [0.0, 2985.29, 512.0], [0.0, 0.0, 1.0]], "pose": [[0.9795957207679749, -0.01571989804506302, 0.20036233961582184, -0.5320999622344971], [-0.005428751930594444, -0.9986422061920166, -0.051809001713991165, 0.14474458992481232], [0.2009047269821167, 0.04966415837407112, -0.9783509969711304, 2.7531750202178955], [0.0, 0.0, 0.0, 1.0]]}, "6.png": {"intrinsics": [[2985.29, 0.0, 512.0], [0.0, 2985.29, 512.0], [0.0, 0.0, 1.0]], "pose": [[0.9986312985420227, 0.006244463846087456, 0.0519280806183815, -0.1405305117368698], [0.009967202320694923, -0.9973733425140381, -0.0717434361577034, 0.20269842445850372], [0.051343679428100586, 0.07216281443834305, -0.9960704445838928, 2.811952590942383], [0.0, 0.0, 0.0, 1.0]]}, "7.png": {"intrinsics": [[2985.29, 0.0, 512.0], [0.0, 2985.29, 512.0], [0.0, 0.0, 1.0]], "pose": [[0.958443820476532, -0.247025728225708, 0.14270158112049103, -0.3722992539405823], [-0.25612184405326843, -0.9653990268707275, 0.04905325919389725, -0.12089237570762634], [0.12564654648303986, -0.08356378227472305, -0.9885494709014893, 2.7540321350097656], [0.0, 0.0, 0.0, 1.0]]}, "8.png": {"intrinsics": [[2985.29, 0.0, 512.0], [0.0, 2985.29, 512.0], [0.0, 0.0, 1.0]], "pose": [[0.9965988993644714, -0.028130652382969856, 0.07745447009801865, -0.2076243907213211], [-0.02906118705868721, -0.9995180368423462, 0.010912878438830376, -0.02300051972270012], [0.077110156416893, -0.013126681558787823, -0.9969361424446106, 2.827239513397217], [0.0, 0.0, 0.0, 1.0]]}, "9.png": {"intrinsics": [[2985.29, 0.0, 512.0], [0.0, 2985.29, 512.0], [0.0, 0.0, 1.0]], "pose": [[0.9913184642791748, -0.12839555740356445, 0.02832583710551262, -0.07363692671060562], [-0.12701627612113953, -0.9908307194709778, -0.04605972021818161, 0.12992437183856964], [0.03397997096180916, 0.04206200689077377, -0.998537003993988, 2.82055926322937], [0.0, 0.0, 0.0, 1.0]]}}