{"0.png": {"intrinsics": [[2985.29, 0.0, 512.0], [0.0, 2985.29, 512.0], [0.0, 0.0, 1.0]], "pose": [[0.9846799969673157, -0.00411786325275898, 0.17432233691215515, -0.451631635427475], [0.019460612908005714, -0.9908802509307861, -0.1333322376012802, 0.34955182671546936], [0.17328159511089325, 0.13468199968338013, -0.975619912147522, 2.6721746921539307], [0.0, 0.0, 0.0, 1.0]]}, "1.png": {"intrinsics": [[2985.29, 0.0, 512.0], [0.0, 2985.29, 512.0], [0.0, 0.0, 1.0]], "pose": [[0.9989884495735168, 0.036751437932252884, -0.025911299511790276, 0.0649629607796669], [0.03294944018125534, -0.9903823733329773, -0.13437627255916595, 0.3562970459461212], [-0.030600616708397865, 0.13338658213615417, -0.9905915260314941, 2.777719259262085], [0.0, 0.0, 0.0, 1.0]]}, "10.png": {"intrinsics": [[2985.29, 0.0, 512.0], [0.0, 2985.29, 512.0], [0.0, 0.0, 1.0]], "pose": [[0.9647172093391418, -0.24134719371795654, 0.10522494465112686, -0.2822142541408539], [-0.23249201476573944, -0.9684489965438843, -0.08974488079547882, 0.24313704669475555], [0.12356466054916382, 0.062114473432302475, -0.9903905987739563, 2.8177154064178467], [0.0, 0.0, 0.0, 1.0]]}, "11.png": {"intrinsics": [[2985.29, 0.0, 512.0], [0.0, 2985.29, 512.0], [0.0, 0.0, 1.0]], "pose": [[0.9520174264907837, 0.08219941705465317, -0.29479843378067017, 0.8105869293212891], [-0.00257854163646698, -0.9610669016838074, -0.27630388736724854, 0.7563654184341431], [-0.30603304505348206, 0.2638062536716461, -0.9147405028343201, 2.687621593475342], [0.0, 0.0, 0.0, 1.0]]}, "12.png": {"intrinsics": [[2985.29, 0.0, 512.0], [0.0, 2985.29, 512.0], [0.0, 0.0, 1.0]], "pose": [[0.986762523651123, 0.002722651930525899, 0.16214889287948608, -0.4252426028251648], [0.027299826964735985, -0.9883790612220764, -0.1495380848646164, 0.3947843313217163], [0.15985742211341858, 0.15198521316051483, -0.9753696918487549, 2.7015349864959717], [0.0, 0.0, 0.0, 1.0]]}, "13.png": {"intrinsics": [[2985.29, 0.0, 512.0], [0.0, 2985.29, 512.0], [0.0, 0.0, 1.0]], "pose": [[0.9816131591796875, -0.0634751245379448, 0.1800178736448288, -0.49183887243270874], [-0.043974295258522034, -0.9929224848747253, -0.11032310873270035, 0.29328063130378723], [0.18574656546115875, 0.10037846118211746, -0.9774570465087891, 2.8421506881713867], [0.0, 0.0, 0.0, 1.0]]}, "14.png": {"intrinsics": [[2985.29, 0.0, 512.0], [0.0, 2985.29, 512.0], [0.0, 0.0, 1.0]], "pose": [[0.9400481581687927, 0.07343795895576477, -0.33304110169410706, 0.9026196599006653], [-0.008167155086994171, -0.9714128375053406, -0.2372562736272812, 0.6429656744003296], [-0.34094399213790894, 0.2257523238658905, -0.9125750064849854, 2.6500906944274902], [0.0, 0.0, 0.0, 1.0]]}, "15.png": {"intrinsics": [[2985.29, 0.0, 512.0], [0.0, 2985.29, 512.0], [0.0, 0.0, 1.0]], "pose": [[0.937549889087677, 0.05041824281215668, -0.3441775143146515, 0.9280734658241272], [0.03673049807548523, -0.9982576370239258, -0.04617884382605553, 0.12627504765987396], [-0.3459060788154602, 0.03065316006541252, -0.937768280506134, 2.7038557529449463], [0.0, 0.0, 0.0, 1.0]]}, "16.png": {"intrinsics": [[2985.29, 0.0, 512.0], [0.0, 2985.29, 512.0], [0.0, 0.0, 1.0]], "pose": [[0.9841464161872864, -0.010436673648655415, 0.17705072462558746, -0.4641621708869934], [0.00993326399475336, -0.9934567213058472, -0.11377625912427902, 0.29920494556427], [0.1770796775817871, 0.11373119056224823, -0.9776031970977783, 2.7271924018859863], [0.0, 0.0, 0.0, 1.0]]}, "17.png": {"intrinsics": [[2985.29, 0.0, 512.0], [0.0, 2985.29, 512.0], [0.0, 0.0, 1.0]], "pose": [[0.9707121253013611, 0.048134803771972656, -0.23537401854991913, 0.6101057529449463], [0.03191543370485306, -0.9968763589859009, -0.07224141061306, 0.18916082382202148], [-0.23811613023281097, 0.06261354684829712, -0.9692162871360779, 2.6951630115509033], [0.0, 0.0, 0.0, 1.0]]}, "18.png": {"intrinsics": [[2985.29, 0.0, 512.0], [0.0, 2985.29, 512.0], [0.0, 0.0, 1.0]], "pose": [[0.9840075373649597, -0.007984491996467113, 0.17794807255268097, -0.4667401909828186], [0.014467633329331875, -0.9921118021011353, -0.12451817095279694, 0.3287471830844879], [0.17753860354423523, 0.12510129809379578, -0.976129949092865, 2.728703260421753], [0.0, 0.0, 0.0, 1.0]]}, "19.png": {"intrinsics": [[2985.29, 0.0, 512.0], [0.0, 2985.29, 512.0], [0.0, 0.0, 1.0]], "pose": [[0.9209146499633789, 0.05016234517097473, -0.3865227997303009, 1.049482822418213], [0.03520502150058746, -0.9983353614807129, -0.04568431153893471, 0.12143182754516602], [-0.3881710171699524, 0.02846381440758705, -0.9211477041244507, 2.6704578399658203], [0.0, 0.0, 0.0, 1.0]]}, "2.png": {"intrinsics": [[2985.29, 0.0, 512.0], [0.0, 2985.29, 512.0], [0.0, 0.0, 1.0]], "pose": [[0.9845682978630066, -0.008159805089235306, 0.17481066286563873, -0.45746004581451416], [0.012630973942577839, -0.9929935932159424, -0.11749106645584106, 0.30876579880714417], [0.1745445728302002, 0.1178859993815422, -0.9775669574737549, 2.712092876434326], [0.0, 0.0, 0.0, 1.0]]}, "3.png": {"intrinsics": [[2985.29, 0.0, 512.0], [0.0, 2985.29, 512.0], [0.0, 0.0, 1.0]], "pose": [[0.9844747185707092, -0.01397600769996643, 0.17496919631958008, -0.4564828872680664], [0.005358568392693996, -0.9939673542976379, -0.10954539477825165, 0.28954824805259705], [0.17544467747211456, 0.10878226161003113, -0.9784608483314514, 2.7232730388641357], [0.0, 0.0, 0.0, 1.0]]}, "4.png": {"intrinsics": [[2985.29, 0.0, 512.0], [0.0, 2985.29, 512.0], [0.0, 0.0, 1.0]], "pose": [[0.9956137537956238, -0.04093614220619202, -0.08412698656320572, 0.22616344690322876], [-0.05842236056923866, -0.9743579626083374, -0.21728643774986267, 0.5930050015449524], [-0.07307492196559906, 0.22124828398227692, -0.9724758267402649, 2.8110227584838867], [0.0, 0.0, 0.0, 1.0]]}, "5.png": {"intrinsics": [[2985.29, 0.0, 512.0], [0.0, 2985.29, 512.0], [0.0, 0.0, 1.0]], "pose": [[0.9838352799415588, -0.0065334211103618145, 0.17895670235157013, -0.4703804850578308], [0.016047056764364243, -0.9920973181724548, -0.12444043904542923, 0.33196455240249634], [0.17835548520088196, 0.12530061602592468, -0.9759554862976074, 2.725951910018921], [0.0, 0.0, 0.0, 1.0]]}, "6.png": {"intrinsics": [[2985.29, 0.0, 512.0], [0.0, 2985.29, 512.0], [0.0, 0.0, 1.0]], "pose": [[0.983941912651062, 0.1208241805434227, 0.13137665390968323, -0.3436543643474579], [0.13308244943618774, -0.987110435962677, -0.08889392763376236, 0.22788740694522858], [0.1189427375793457, 0.10495038330554962, -0.9873389005661011, 2.760784149169922], [0.0, 0.0, 0.0, 1.0]]}, "7.png": {"intrinsics": [[2985.29, 0.0, 512.0], [0.0, 2985.29, 512.0], [0.0, 0.0, 1.0]], "pose": [[0.988054096698761, 0.008578868582844734, 0.15386894345283508, -0.40071964263916016], [0.03321152925491333, -0.9868414402008057, -0.158243790268898, 0.4178028702735901], [0.15048669278621674, 0.1614636331796646, -0.975337564945221, 2.69415283203125], [0.0, 0.0, 0.0, 1.0]]}, "8.png": {"intrinsics": [[2985.29, 0.0, 512.0], [0.0, 2985.29, 512.0], [0.0, 0.0, 1.0]], "pose": [[0.9853097796440125, 0.12727493047714233, 0.11386708170175552, -0.29836469888687134], [0.13819658756256104, -0.985954225063324, -0.09378644078969955, 0.24269060790538788], [0.10033106803894043, 0.10814473778009415, -0.989059329032898, 2.7646708488464355], [0.0, 0.0, 0.0, 1.0]]}, "9.png": {"intrinsics": [[2985.29, 0.0, 512.0], [0.0, 2985.29, 512.0], [0.0, 0.0, 1.0]], "pose": [[0.9844955205917358, -0.004972703754901886, 0.1753392517566681, -0.4597431421279907], [0.018252190202474594, -0.991267740726471, -0.13059529662132263, 0.3440675735473633], [0.17445756494998932, 0.1317708045244217, -0.9758079051971436, 2.7030882835388184], [0.0, 0.0, 0.0, 1.0]]}}