{"0_19_latent.npy": 145.3523430457482, "0_18_mirror_latent.npy": 128.69337952442658, "0_17_mirror_latent.npy": 129.43094185071115, "0_1_mirror_latent.npy": 128.21949826754056, "0_12_latent.npy": 118.7968980838091, "0_16_mirror_latent.npy": 136.41977046086237, "0_15_mirror_latent.npy": 134.5418662046775, "0_6_mirror_latent.npy": 130.73471519274588, "0_11_latent.npy": 132.72534825251654, "0_3_latent.npy": 129.25559880183295, "0_9_mirror_latent.npy": 143.86288334773138, "0_9_latent.npy": 139.40314268454526, "0_2_latent.npy": 134.32740979316907, "0_0_latent.npy": 136.68921817877353, "0_10_mirror_latent.npy": 132.42757826585037, "0_18_latent.npy": 125.40577404315655, "0_14_mirror_latent.npy": 126.02428064590845, "0_19_mirror_latent.npy": 128.99828905937, "0_1_latent.npy": 125.1796364417443, "0_13_mirror_latent.npy": 137.7323672954853, "0_11_mirror_latent.npy": 129.5892330071865, "0_17_latent.npy": 134.52974035801032, "0_16_latent.npy": 134.87281290690103, "0_4_latent.npy": 130.13741654616135, "0_0_mirror_latent.npy": 134.65468206161108, "0_10_latent.npy": 130.75035525590945, "0_14_latent.npy": 128.5295862051157, "0_5_mirror_latent.npy": 129.73680682060046, "0_7_mirror_latent.npy": 132.63467407226562, "0_8_mirror_latent.npy": 129.36206661126553, "0_8_latent.npy": 130.58236146584537, "0_13_latent.npy": 131.07214961907803, "0_15_latent.npy": 131.35228103246445, "0_5_latent.npy": 130.7944028805464, "0_7_latent.npy": 132.89046830397385, "0_3_mirror_latent.npy": 137.77628854604868, "0_6_latent.npy": 141.43642797225561, "0_12_mirror_latent.npy": 135.63655892396585, "0_4_mirror_latent.npy": 135.64108061179135, "0_2_mirror_latent.npy": 134.60858819423578, "1_5_mirror_latent.npy": 104.97203494340945, "1_5_latent.npy": 113.02447842328976, "1_3_latent.npy": 102.21014462984525, "1_9_mirror_latent.npy": 108.80892513959836, "1_1_latent.npy": 101.1915525778746, "1_13_latent.npy": 98.84542709741837, "1_2_latent.npy": 109.56805302546574, "1_1_mirror_latent.npy": 97.42761895595453, "1_3_mirror_latent.npy": 98.65207046117538, "1_6_mirror_latent.npy": 115.95414753449269, "1_13_mirror_latent.npy": 103.18381871932593, "1_10_mirror_latent.npy": 107.30729303604517, "1_17_latent.npy": 102.16917321620843, "1_8_latent.npy": 97.16026462652745, "1_4_latent.npy": 116.76035680526343, "1_18_latent.npy": 106.87761844732823, "1_15_mirror_latent.npy": 108.24727004613632, "1_8_mirror_latent.npy": 103.61667183117989, "1_16_latent.npy": 103.4915503477439, "1_14_mirror_latent.npy": 104.10976938100961, "1_7_mirror_latent.npy": 100.47051688952324, "1_9_latent.npy": 105.08662453675882, "1_18_mirror_latent.npy": 102.02453867594402, "1_19_mirror_latent.npy": 96.20052494146886, "1_0_latent.npy": 100.63754370273688, "1_11_mirror_latent.npy": 101.17713693472055, "1_6_latent.npy": 107.83429189828726, "1_12_mirror_latent.npy": 103.47612997201773, "1_11_latent.npy": 101.74771118164062, "1_2_mirror_latent.npy": 109.7027846116286, "1_15_latent.npy": 102.75785260322766, "1_14_latent.npy": 98.94960119785407, "1_12_latent.npy": 105.18668228540665, "1_17_mirror_latent.npy": 99.1576647636218, "1_16_mirror_latent.npy": 102.93238224127354, "1_4_mirror_latent.npy": 110.88284301757812, "1_0_mirror_latent.npy": 102.4360813238682, "1_7_latent.npy": 101.4112556653145, "1_10_latent.npy": 109.43402314797426, "1_19_latent.npy": 100.4275633983123, "2_4_latent.npy": 113.52873914669722, "2_7_mirror_latent.npy": 126.35491473858173, "2_5_mirror_latent.npy": 119.82395582932692, "2_10_latent.npy": 118.64781697591145, "2_8_mirror_latent.npy": 118.06926668607272, "2_0_mirror_latent.npy": 123.22253046280298, "2_11_latent.npy": 123.69026262332231, "2_0_latent.npy": 127.04261055970804, "2_13_latent.npy": 114.66100076528696, "2_15_mirror_latent.npy": 126.71316880446214, "2_3_latent.npy": 118.11871690016527, "2_3_mirror_latent.npy": 112.38455258882962, "2_2_mirror_latent.npy": 125.0865478515625, "2_6_mirror_latent.npy": 114.09320107484476, "2_14_mirror_latent.npy": 126.49966587164464, "2_5_latent.npy": 117.70956127460187, "2_19_mirror_latent.npy": 121.08076105362329, "2_6_latent.npy": 115.1229748848157, "2_12_latent.npy": 118.93077987279648, "2_17_mirror_latent.npy": 116.0602794549404, "2_14_latent.npy": 124.41019283196864, "2_16_mirror_latent.npy": 116.54071299235027, "2_1_mirror_latent.npy": 116.98202945024539, "2_12_mirror_latent.npy": 123.30492322872847, "2_16_latent.npy": 114.53067701290816, "2_19_latent.npy": 113.95931048270984, "2_7_latent.npy": 129.86166636149088, "2_9_mirror_latent.npy": 119.74959270770734, "2_18_mirror_latent.npy": 112.02655968299278, "2_2_latent.npy": 119.34036430945763, "2_17_latent.npy": 114.01469206198668, "2_4_mirror_latent.npy": 115.14157965244391, "2_18_latent.npy": 111.95493707901392, "2_9_latent.npy": 124.77637559939653, "2_1_latent.npy": 113.04926319611378, "2_15_latent.npy": 124.69125014085036, "2_13_mirror_latent.npy": 118.25396415514824, "2_10_mirror_latent.npy": 120.31383925217848, "2_11_mirror_latent.npy": 117.26231892903645, "2_8_latent.npy": 112.90816712990785, "3_13_latent.npy": 116.8057137513772, "3_12_mirror_latent.npy": 105.98567141019382, "3_10_latent.npy": 108.491942968124, "3_15_mirror_latent.npy": 110.21276718530899, "3_1_latent.npy": 118.24120076497395, "3_9_latent.npy": 112.07781845484024, "3_3_mirror_latent.npy": 109.32244892609425, "3_7_latent.npy": 111.73847218048878, "3_2_mirror_latent.npy": 106.0714612129407, "3_10_mirror_latent.npy": 111.49307896540715, "3_5_latent.npy": 110.00544464893831, "3_14_latent.npy": 110.11483334272336, "3_8_mirror_latent.npy": 112.53221247746394, "3_9_mirror_latent.npy": 110.00338999430339, "3_15_latent.npy": 112.37882819542519, "3_5_mirror_latent.npy": 112.26656243739984, "3_14_mirror_latent.npy": 112.66808416904547, "3_16_mirror_latent.npy": 114.81165528908754, "3_0_latent.npy": 109.85804318159055, "3_13_mirror_latent.npy": 112.5993405855619, "3_17_mirror_latent.npy": 108.16250453851161, "3_19_mirror_latent.npy": 119.0470459766877, "3_19_latent.npy": 114.75080871582031, "3_6_latent.npy": 113.47428444104317, "3_0_mirror_latent.npy": 112.73787004519731, "3_8_latent.npy": 110.88718844682742, "3_3_latent.npy": 110.76969753167567, "3_2_latent.npy": 110.87487049591847, "3_18_latent.npy": 107.96053157708583, "3_17_latent.npy": 111.11994308080429, "3_4_latent.npy": 114.01644134521484, "3_7_mirror_latent.npy": 106.82869133582481, "3_12_latent.npy": 111.11122424785907, "3_11_mirror_latent.npy": 119.8703865638146, "3_18_mirror_latent.npy": 113.57491556803386, "3_1_mirror_latent.npy": 110.89174241286058, "3_11_latent.npy": 121.37779020651793, "3_6_mirror_latent.npy": 112.39347448104468, "3_4_mirror_latent.npy": 113.84145883413461, "3_16_latent.npy": 114.28490839249048, "4_12_latent.npy": 97.58808986957257, "4_4_mirror_latent.npy": 97.97207837227063, "4_1_latent.npy": 98.7441773047814, "4_1_mirror_latent.npy": 100.52608920366336, "4_16_mirror_latent.npy": 99.02806952060797, "4_13_latent.npy": 106.83725855900691, "4_13_mirror_latent.npy": 106.9452393360627, "4_10_mirror_latent.npy": 102.38448333740234, "4_8_mirror_latent.npy": 101.54040312155699, "4_2_mirror_latent.npy": 100.02683199368991, "4_5_mirror_latent.npy": 106.3014868711814, "4_2_latent.npy": 99.926879687187, "4_0_mirror_latent.npy": 99.83707975729918, "4_8_latent.npy": 106.13626313820863, "4_14_mirror_latent.npy": 100.74966195913461, "4_12_mirror_latent.npy": 98.75186372414613, "4_15_latent.npy": 108.02421843699919, "4_15_mirror_latent.npy": 104.82788614126352, "4_5_latent.npy": 102.20183837108122, "4_11_mirror_latent.npy": 105.70977587577624, "4_19_latent.npy": 105.26436478052383, "4_9_latent.npy": 103.3196542201898, "4_19_mirror_latent.npy": 101.35677044208234, "4_18_latent.npy": 100.76410107734876, "4_14_latent.npy": 103.47343307886368, "4_11_latent.npy": 109.57863225692358, "4_6_latent.npy": 99.42521041478867, "4_4_latent.npy": 98.70356007111378, "4_9_mirror_latent.npy": 99.5853772285657, "4_17_latent.npy": 106.45391708765274, "4_7_mirror_latent.npy": 97.86550590319511,