{"0.png": {"intrinsics": [[2985.29, 0.0, 512.0], [0.0, 2985.29, 512.0], [0.0, 0.0, 1.0]], "pose": [[0.942187488079071, 0.045788299292325974, -0.3319428861141205, 0.8404483199119568], [-0.0055585987865924835, -0.9883478283882141, -0.15211054682731628, 0.4012848734855652], [-0.335039883852005, 0.14516180753707886, -0.9309544563293457, 2.5320818424224854], [0.0, 0.0, 0.0, 1.0]]}, "1.png": {"intrinsics": [[2985.29, 0.0, 512.0], [0.0, 2985.29, 512.0], [0.0, 0.0, 1.0]], "pose": [[0.951708197593689, -0.007090811152011156, -0.3069220185279846, 0.7791052460670471], [-0.03919567912817001, -0.9943583011627197, -0.09856590628623962, 0.2643798887729645], [-0.3044915199279785, 0.10583600401878357, -0.9466168880462646, 2.6004161834716797], [0.0, 0.0, 0.0, 1.0]]}, "10.png": {"intrinsics": [[2985.29, 0.0, 512.0], [0.0, 2985.29, 512.0], [0.0, 0.0, 1.0]], "pose": [[0.875309944152832, -0.1622755378484726, -0.45552077889442444, 1.1853172779083252], [-0.2006852924823761, -0.9789612293243408, -0.03688168153166771, 0.10685130208730698], [-0.43995219469070435, 0.12369921803474426, -0.8894608020782471, 2.4925289154052734], [0.0, 0.0, 0.0, 1.0]]}, "11.png": {"intrinsics": [[2985.29, 0.0, 512.0], [0.0, 2985.29, 512.0], [0.0, 0.0, 1.0]], "pose": [[0.9484310150146484, -0.05851634591817856, -0.31153565645217896, 0.8531610369682312], [-0.07713267207145691, -0.9958760738372803, -0.04776334390044212, 0.1414186954498291], [-0.30745595693588257, 0.06932981312274933, -0.949033260345459, 2.733370780944824], [0.0, 0.0, 0.0, 1.0]]}, "12.png": {"intrinsics": [[2985.29, 0.0, 512.0], [0.0, 2985.29, 512.0], [0.0, 0.0, 1.0]], "pose": [[0.9468382000923157, -0.019616778939962387, -0.3211114704608917, 0.8941201567649841], [-0.02918669395148754, -0.9992608428001404, -0.02501560002565384, 0.0727478414773941], [-0.3203833997249603, 0.033057909458875656, -0.9467109441757202, 2.8045785427093506], [0.0, 0.0, 0.0, 1.0]]}, "13.png": {"intrinsics": [[2985.29, 0.0, 512.0], [0.0, 2985.29, 512.0], [0.0, 0.0, 1.0]], "pose": [[0.9803850650787354, -0.031230730935931206, -0.1946018636226654, 0.5171062350273132], [-0.05783991143107414, -0.9894812703132629, -0.13259461522102356, 0.37516340613365173], [-0.18841387331485748, 0.14124953746795654, -0.9718790054321289, 2.736337184906006], [0.0, 0.0, 0.0, 1.0]]}, "14.png": {"intrinsics": [[2985.29, 0.0, 512.0], [0.0, 2985.29, 512.0], [0.0, 0.0, 1.0]], "pose": [[0.9802989363670349, 0.10753331333398819, -0.16568240523338318, 0.42377710342407227], [0.10098462551832199, -0.9937543869018555, -0.047479886561632156, 0.12483584880828857], [-0.169753298163414, 0.02981310524046421, -0.9850355386734009, 2.713291883468628], [0.0, 0.0, 0.0, 1.0]]}, "15.png": {"intrinsics": [[2985.29, 0.0, 512.0], [0.0, 2985.29, 512.0], [0.0, 0.0, 1.0]], "pose": [[0.9979244470596313, -0.00033132810494862497, -0.0643945038318634, 0.17242500185966492], [-0.0034550661221146584, -0.9988218545913696, -0.048404086381196976, 0.13277487456798553], [-0.06430260092020035, 0.048526108264923096, -0.9967498779296875, 2.8307406902313232], [0.0, 0.0, 0.0, 1.0]]}, "16.png": {"intrinsics": [[2985.29, 0.0, 512.0], [0.0, 2985.29, 512.0], [0.0, 0.0, 1.0]], "pose": [[0.9580122828483582, -0.06434699892997742, -0.27941346168518066, 0.7693586945533752], [-0.0810188353061676, -0.9955307841300964, -0.04852169752120972, 0.1367417722940445], [-0.27504250407218933, 0.06912213563919067, -0.9589440822601318, 2.815011501312256], [0.0, 0.0, 0.0, 1.0]]}, "17.png": {"intrinsics": [[2985.29, 0.0, 512.0], [0.0, 2985.29, 512.0], [0.0, 0.0, 1.0]], "pose": [[0.9777305722236633, 0.024759620428085327, -0.20839829742908478, 0.554802417755127], [0.021976064890623093, -0.9996358156204224, -0.01566198281943798, 0.045680977404117584], [-0.2087101936340332, 0.010733425617218018, -0.9779186248779297, 2.795639991760254], [0.0, 0.0, 0.0, 1.0]]}, "18.png": {"intrinsics": [[2985.29, 0.0, 512.0], [0.0, 2985.29, 512.0], [0.0, 0.0, 1.0]], "pose": [[0.9522653818130493, -0.018652455881237984, -0.3047010600566864, 0.763982892036438], [-0.01871965453028679, -0.999821126461029, 0.0027011376805603504, 0.003488774411380291], [-0.3046969473361969, 0.0031316992826759815, -0.9524442553520203, 2.587509870529175], [0.0, 0.0, 0.0, 1.0]]}, "19.png": {"intrinsics": [[2985.29, 0.0, 512.0], [0.0, 2985.29, 512.0], [0.0, 0.0, 1.0]], "pose": [[0.9637802243232727, 0.06960561126470566, -0.2574543058872223, 0.6986990571022034], [0.01604466512799263, -0.9787254929542542, -0.2045460045337677, 0.5753827691078186], [-0.26621460914611816, 0.19300661981105804, -0.9443930387496948, 2.7233946323394775], [0.0, 0.0, 0.0, 1.0]]}, "2.png": {"intrinsics": [[2985.29, 0.0, 512.0], [0.0, 2985.29, 512.0], [0.0, 0.0, 1.0]], "pose": [[0.9744507074356079, -0.08093629032373428, -0.20951156318187714, 0.5533977746963501], [-0.098101407289505, -0.9925055503845215, -0.0728611871600151, 0.2029440551996231], [-0.2020442634820938, 0.09155301749706268, -0.9750877022743225, 2.754092216491699], [0.0, 0.0, 0.0, 1.0]]}, "3.png": {"intrinsics": [[2985.29, 0.0, 512.0], [0.0, 2985.29, 512.0], [0.0, 0.0, 1.0]], "pose": [[0.8499613404273987, -0.062298733741045, -0.5231487154960632, 1.3463395833969116], [-0.049747444689273834, -0.9980377554893494, 0.03802566975355148, -0.08991790562868118], [-0.5244911313056946, -0.006295040249824524, -0.8513926863670349, 2.3753397464752197], [0.0, 0.0, 0.0, 1.0]]}, "4.png": {"intrinsics": [[2985.29, 0.0, 512.0], [0.0, 2985.29, 512.0], [0.0, 0.0, 1.0]], "pose": [[0.9943898916244507, 0.008544440381228924, -0.10543100535869598, 0.2798451781272888], [0.004437771625816822, -0.9992244839668274, -0.039124537259340286, 0.10766658931970596], [-0.10568354278802872, 0.038437165319919586, -0.9936566352844238, 2.78987979888916], [0.0, 0.0, 0.0, 1.0]]}, "5.png": {"intrinsics": [[2985.29, 0.0, 512.0], [0.0, 2985.29, 512.0], [0.0, 0.0, 1.0]], "pose": [[0.9049155712127686, -0.03594379872083664, -0.4240705668926239, 1.113945722579956], [-0.10330274701118469, -0.9851791858673096, -0.136932834982872, 0.37371137738227844], [-0.4128636121749878, 0.16772031784057617, -0.8952170610427856, 2.525219440460205], [0.0, 0.0, 0.0, 1.0]]}, "6.png": {"intrinsics": [[2985.29, 0.0, 512.0], [0.0, 2985.29, 512.0], [0.0, 0.0, 1.0]], "pose": [[0.9472160339355469, -0.0065444521605968475, -0.32052934169769287, 0.8198249936103821], [-0.02278650552034378, -0.9986374378204346, -0.04694798216223717, 0.12904177606105804], [-0.31978535652160645, 0.05177362263202667, -0.9460744857788086, 2.595625638961792], [0.0, 0.0, 0.0, 1.0]]}, "7.png": {"intrinsics": [[2985.29, 0.0, 512.0], [0.0, 2985.29, 512.0], [0.0, 0.0, 1.0]], "pose": [[0.9733458161354065, -0.14768433570861816, -0.1754630208015442, 0.4604869484901428], [-0.16681818664073944, -0.9809280037879944, -0.09975937753915787, 0.2790501117706299], [-0.15738368034362793, 0.12637078762054443, -0.9794186353683472, 2.750718832015991], [0.0, 0.0, 0.0, 1.0]]}, "8.png": {"intrinsics": [[2985.29, 0.0, 512.0], [0.0, 2985.29, 512.0], [0.0, 0.0, 1.0]], "pose": [[0.9638016223907471, 0.023529505357146263, -0.2655802071094513, 0.6853443384170532], [0.016298137605190277, -0.9994348287582397, -0.029399920254945755, 0.07627639174461365], [-0.26612189412117004, 0.024007227271795273, -0.9636403918266296, 2.684404134750366], [0.0, 0.0, 0.0, 1.0]]}, "9.png": {"intrinsics": [[2985.29, 0.0, 512.0], [0.0, 2985.29, 512.0], [0.0, 0.0, 1.0]], "pose": [[0.9668522477149963, 0.004050821997225285, -0.25530436635017395, 0.6578205227851868], [-0.015004649758338928, -0.9972448348999023, -0.07264639437198639, 0.19364093244075775], [-0.25489526987075806, 0.074069082736969, -0.9641276597976685, 2.6621041297912598], [0.0, 0.0, 0.0, 1.0]]}}