{"0.png": {"intrinsics": [[2985.29, 0.0, 512.0], [0.0, 2985.29, 512.0], [0.0, 0.0, 1.0]], "pose": [[0.8510193228721619, -0.03820543363690376, -0.5237427353858948, 1.4107226133346558], [-0.013907881453633308, -0.9986398220062256, 0.05024908110499382, -0.1289944052696228], [-0.5249501466751099, -0.03547878563404083, -0.8503931760787964, 2.450413227081299], [0.0, 0.0, 0.0, 1.0]]}, "1.png": {"intrinsics": [[2985.29, 0.0, 512.0], [0.0, 2985.29, 512.0], [0.0, 0.0, 1.0]], "pose": [[0.9814645648002625, -0.0685492604970932, -0.1789645105600357, 0.4649260640144348], [-0.08687657862901688, -0.9915187954902649, -0.09665827453136444, 0.26227012276649475], [-0.17082083225250244, 0.11041449010372162, -0.9790959358215332, 2.7012360095977783], [0.0, 0.0, 0.0, 1.0]]}, "10.png": {"intrinsics": [[2985.29, 0.0, 512.0], [0.0, 2985.29, 512.0], [0.0, 0.0, 1.0]], "pose": [[0.9818800091743469, -0.08373523503541946, 0.16999992728233337, -0.43415412306785583], [-0.07562767714262009, -0.995692789554596, -0.05363097041845322, 0.14662359654903412], [0.17375849187374115, 0.03980247676372528, -0.98398357629776, 2.69412899017334], [0.0, 0.0, 0.0, 1.0]]}, "11.png": {"intrinsics": [[2985.29, 0.0, 512.0], [0.0, 2985.29, 512.0], [0.0, 0.0, 1.0]], "pose": [[0.8720842599868774, -0.09181781113147736, -0.4806647002696991, 1.2739739418029785], [-0.0726332888007164, -0.9956468939781189, 0.05841030180454254, -0.14848171174526215], [-0.4839354157447815, -0.016026444733142853, -0.8749570250511169, 2.488463878631592], [0.0, 0.0, 0.0, 1.0]]}, "12.png": {"intrinsics": [[2985.29, 0.0, 512.0], [0.0, 2985.29, 512.0], [0.0, 0.0, 1.0]], "pose": [[0.9963127374649048, -0.037399500608444214, -0.07721500098705292, 0.204283207654953], [-0.04243034869432449, -0.9970104098320007, -0.06457562744617462, 0.181430384516716], [-0.07456906139850616, 0.06761378794908524, -0.9949210286140442, 2.7435290813446045], [0.0, 0.0, 0.0, 1.0]]}, "13.png": {"intrinsics": [[2985.29, 0.0, 512.0], [0.0, 2985.29, 512.0], [0.0, 0.0, 1.0]], "pose": [[0.9529781937599182, -0.020715706050395966, -0.30232977867126465, 0.8175346255302429], [-0.03949839994311333, -0.9976409673690796, -0.05614491552114487, 0.15372590720653534], [-0.3004534840583801, 0.06544642895460129, -0.9515483975410461, 2.7409136295318604], [0.0, 0.0, 0.0, 1.0]]}, "14.png": {"intrinsics": [[2985.29, 0.0, 512.0], [0.0, 2985.29, 512.0], [0.0, 0.0, 1.0]], "pose": [[0.8366901874542236, 0.049288343638181686, -0.5454540848731995, 1.4782204627990723], [0.012126337736845016, -0.9973652362823486, -0.07152296602725983, 0.19684277474880219], [-0.5475422143936157, 0.05322820320725441, -0.8350833654403687, 2.4363622665405273], [0.0, 0.0, 0.0, 1.0]]}, "15.png": {"intrinsics": [[2985.29, 0.0, 512.0], [0.0, 2985.29, 512.0], [0.0, 0.0, 1.0]], "pose": [[0.9625633955001831, 0.26924967765808105, 0.031246880069375038, -0.08107265084981918], [0.26960670948028564, -0.9391232132911682, -0.21297860145568848, 0.5673701167106628], [-0.027999747544527054, 0.2134297639131546, -0.9765571355819702, 2.714423894882202], [0.0, 0.0, 0.0, 1.0]]}, "16.png": {"intrinsics": [[2985.29, 0.0, 512.0], [0.0, 2985.29, 512.0], [0.0, 0.0, 1.0]], "pose": [[0.9600802063941956, 0.014581975527107716, -0.27934446930885315, 0.7342858910560608], [-0.007344975136220455, -0.9969817996025085, -0.07728712260723114, 0.21163076162338257], [-0.27962833642959595, 0.07625361531972885, -0.9570754170417786, 2.6613919734954834], [0.0, 0.0, 0.0, 1.0]]}, "17.png": {"intrinsics": [[2985.29, 0.0, 512.0], [0.0, 2985.29, 512.0], [0.0, 0.0, 1.0]], "pose": [[0.9954845905303955, -0.033444635570049286, -0.08883636444807053, 0.2347533404827118], [-0.039412617683410645, -0.9970211982727051, -0.06629763543605804, 0.18615347146987915], [-0.08635444194078445, 0.06949954479932785, -0.9938373565673828, 2.7309505939483643], [0.0, 0.0, 0.0, 1.0]]}, "18.png": {"intrinsics": [[2985.29, 0.0, 512.0], [0.0, 2985.29, 512.0], [0.0, 0.0, 1.0]], "pose": [[0.9906400442123413, 0.0025919026229530573, 0.13647611439228058, -0.35193973779678345], [0.012448680587112904, -0.9973686933517456, -0.07141965627670288, 0.20005246996879578], [0.13593190908432007, 0.07245011627674103, -0.9880655407905579, 2.7458126544952393], [0.0, 0.0, 0.0, 1.0]]}, "19.png": {"intrinsics": [[2985.29, 0.0, 512.0], [0.0, 2985.29, 512.0], [0.0, 0.0, 1.0]], "pose": [[0.9912288784980774, -0.0005112987128086388, 0.13215528428554535, -0.3441171646118164], [0.010744423605501652, -0.9963703155517578, -0.08444327861070633, 0.23204481601715088], [0.13171878457069397, 0.08512255549430847, -0.9876255393028259, 2.755405902862549], [0.0, 0.0, 0.0, 1.0]]}, "2.png": {"intrinsics": [[2985.29, 0.0, 512.0], [0.0, 2985.29, 512.0], [0.0, 0.0, 1.0]], "pose": [[0.9720956683158875, 0.02457699365913868, -0.23329398036003113, 0.6112804412841797], [0.009562741965055466, -0.9978216886520386, -0.06527197360992432, 0.1743798553943634], [-0.234389990568161, 0.06121966987848282, -0.9702131152153015, 2.692277669906616], [0.0, 0.0, 0.0, 1.0]]}, "3.png": {"intrinsics": [[2985.29, 0.0, 512.0], [0.0, 2985.29, 512.0], [0.0, 0.0, 1.0]], "pose": [[0.9846122860908508, 0.05584486573934555, 0.16559001803398132, -0.42395541071891785], [0.0696835145354271, -0.9944382905960083, -0.07897195965051651, 0.2131325602531433], [0.16025888919830322, 0.0892956554889679, -0.9830276370048523, 2.714434862136841], [0.0, 0.0, 0.0, 1.0]]}, "4.png": {"intrinsics": [[2985.29, 0.0, 512.0], [0.0, 2985.29, 512.0], [0.0, 0.0, 1.0]], "pose": [[0.9933526515960693, -0.016126099973917007, -0.11397586017847061, 0.3001168668270111], [-0.022647449746727943, -0.9981651902198792, -0.05615568906068802, 0.15650945901870728], [-0.11286115646362305, 0.0583636648952961, -0.9918951988220215, 2.722062826156616], [0.0, 0.0, 0.0, 1.0]]}, "5.png": {"intrinsics": [[2985.29, 0.0, 512.0], [0.0, 2985.29, 512.0], [0.0, 0.0, 1.0]], "pose": [[0.966834306716919, 0.022532429546117783, -0.25440868735313416, 0.6736416816711426], [0.0035884100943803787, -0.9972009658813477, -0.0746828243136406, 0.2010645568370819], [-0.2553793489933014, 0.07129299640655518, -0.9642088413238525, 2.7021515369415283], [0.0, 0.0, 0.0, 1.0]]}, "6.png": {"intrinsics": [[2985.29, 0.0, 512.0], [0.0, 2985.29, 512.0], [0.0, 0.0, 1.0]], "pose": [[0.9848199486732483, -0.07197576016187668, 0.15795296430587769, -0.42012491822242737], [-0.07015518844127655, -0.9973898530006409, -0.017078865319490433, 0.04969358071684837], [0.15876993536949158, 0.005738385953009129, -0.9872989654541016, 2.798396110534668], [0.0, 0.0, 0.0, 1.0]]}, "7.png": {"intrinsics": [[2985.29, 0.0, 512.0], [0.0, 2985.29, 512.0], [0.0, 0.0, 1.0]], "pose": [[0.9771943688392639, -0.03843868896365166, -0.20883864164352417, 0.5400233864784241], [-0.05418045446276665, -0.996061384677887, -0.07018592953681946, 0.18784403800964355], [-0.20531827211380005, 0.07990026473999023, -0.9754282832145691, 2.708984851837158], [0.0, 0.0, 0.0, 1.0]]}, "8.png": {"intrinsics": [[2985.29, 0.0, 512.0], [0.0, 2985.29, 512.0], [0.0, 0.0, 1.0]], "pose": [[0.981124997138977, -0.08112642914056778, 0.17553402483463287, -0.4578036367893219], [-0.07011973112821579, -0.995215892791748, -0.06803292036056519, 0.18307289481163025], [0.18021352589130402, 0.054440394043922424, -0.9821197986602783, 2.719491481781006], [0.0, 0.0, 0.0, 1.0]]}, "9.png": {"intrinsics": [[2985.29, 0.0, 512.0], [0.0, 2985.29, 512.0], [0.0, 0.0, 1.0]], "pose": [[0.7909635901451111, -0.030608616769313812, -0.6110971570014954, 1.613135814666748], [-0.011463316157460213, -0.9993139505386353, 0.035216253250837326, -0.09113404154777527], [-0.6117558479309082, -0.020849574357271194, -0.7907718420028687, 2.2686421871185303], [0.0, 0.0, 0.0, 1.0]]}}